Year,Rank,Points,League,League Rating,League Top Scorer,League Top Assist Provider,League Best Goalkeeper,League Best Player,UCL,UCL Rating,UCL Top Scorer,UCL Top Assist Provider,UCL Best Goalkeeper,UCL Best Player,Continental Cup,Continental Cup Rating,Continental Cup Top Scorer,Continental Cup Top Assist Provider,Continental Cup Best Goalkeeper,Continental Cup Best Player,WC,WC Rating,WC Top Scorer,WC Top Assist Provider,WC Best Goalkeeper,WC Best Player,Other Rating,Time-Weighted Google Trend Score,Wiki Page Views,Player_Ademola Lookman,Player_Alexis Mac Allister,Player_André Onana,Player_Antoine Griezmann,Player_Antonio Rüdiger,Player_Artem Dovbyk,Player_Bernardo Silva,Player_Bukayo Saka,Player_Casemiro,Player_Christopher Nkunku,Player_Cole Palmer,Player_Cristiano Ronaldo,Player_Dani Carvajal,Player_Dani Olmo,Player_Darwin Núñez,Player_Declan Rice,Player_Denzel Dumfries,Player_Dušan Vlahović,Player_Désiré Doué,Player_Emiliano Martínez,Player_Erling Haaland,Player_Fabinho,Player_Fabián Ruiz,Player_Federico Valverde,Player_Florian Wirtz,Player_Gianluigi Donnarumma,Player_Granit Xhaka,Player_Hakan Çalhanoğlu,Player_Harry Kane,Player_Jamal Musiala,Player_Joshua Kimmich,Player_João Cancelo,Player_João Neves,Player_Joško Gvardiol,Player_Jude Bellingham,Player_Julián Álvarez,Player_Karim Benzema,Player_Kevin De Bruyne,Player_Khvicha Kvaratskhelia,Player_Kim Min-jae,Player_Kylian Mbappé,Player_Lamine Yamal,Player_Lautaro Martínez,Player_Lionel Messi,Player_Luis Díaz,Player_Luka Modrić,Player_Martin Ødegaard,Player_Mats Hummels,Player_Michael Olise,Player_Mike Maignan,Player_Mohamed Salah,Player_Nico Williams,Player_Nicolò Barella,Player_Nuno Mendes,Player_Ousmane Dembélé,Player_Pedri,Player_Phil Foden,Player_Rafael Leão,Player_Randal Kolo Muani,Player_Raphinha,Player_Riyad Mahrez,Player_Robert Lewandowski,Player_Rodri,Player_Rúben Dias,Player_Sadio Mané,Player_Scott McTominay,Player_Serhou Guirassy,Player_Son Heung-min,Player_Sébastien Haller,Player_Thibaut Courtois,Player_Toni Kroos,Player_Trent Alexander-Arnold,Player_Victor Osimhen,Player_Viktor Gyökeres,Player_Vinícius Júnior,Player_Virgil van Dijk,Player_Vitinha,Player_William Saliba,Player_Yassine Bounou,Player_Álex Grimaldo,Player_İlkay Gündoğan,Nationality_Argentina,Nationality_Belgium,Nationality_Brazil,Nationality_Cameroon,Nationality_Colombia,Nationality_Croatia,Nationality_Egypt,Nationality_England,Nationality_France,Nationality_Georgia,Nationality_Germany,Nationality_Guinea,Nationality_Italy,Nationality_Ivory Coast,Nationality_Morocco,Nationality_Netherlands,Nationality_Nigeria,Nationality_Norway,Nationality_Poland,Nationality_Portugal,Nationality_Scotland,Nationality_Senegal,Nationality_Serbia,Nationality_South Korea,Nationality_Spain,Nationality_Sweden,Nationality_Switzerland,Nationality_Turkey,Nationality_Ukraine,Nationality_Uruguay,Position_Forward,Position_Goalkeeper,Position_Midfielder,Club_Ajax,Club_Arsenal,Club_Aston Villa,Club_Atalanta,Club_Athletic Bilbao,Club_Atlético Madrid,Club_Barcelona,Club_Bayer Leverkusen,Club_Bayern Munich,Club_Benfica,Club_Borussia Dortmund,Club_Chelsea,Club_Eintracht Frankfurt,Club_Girona,Club_Inter Miami,Club_Inter Milan,Club_Juventus,Club_Liverpool,Club_Manchester City,Club_Manchester United,Club_Manchester United  Napoli,Club_Napoli,Club_Napoli  Paris Saint-Germain,Club_Paris Saint-Germain,Club_RB Leipzig,Club_Real Madrid,Club_Sevilla,Club_Sporting CP,Club_Tottenham Hotspur
-1.3416407864998738,-1.6955859506928816,1.5829224357499265,0.8894069800262434,1.205120636789252,2.171240593367237,-0.30151134457776363,-0.0916698497028211,2.1712405933672376,1.8559214542766738,2.4235846137248886,4.358898943540674,-0.18569533817705192,-0.13018891098082386,5.3851648071345055,-0.2847473987257497,-0.0007674438878157014,-0.16012815380508713,-0.09166984970282112,-0.09166984970282112,-0.13018891098082386,-0.18569533817705192,-0.07825005579908746,-0.0916698497028211,-0.16012815380508713,-0.0916698497028211,-0.0916698497028211,0.3212971630677415,1.5985133803478275,0.2391916812579257,-0.09166984970282112,-0.09166984970282112,-0.09166984970282112,-0.09166984970282112,-0.13018891098082386,-0.09166984970282112,-0.13018891098082386,-0.13018891098082386,-0.0916698497028211,-0.0916698497028211,-0.13018891098082386,-0.0916698497028211,-0.09166984970282112,-0.09166984970282112,-0.0916698497028211,-0.13018891098082386,-0.09166984970282112,-0.0916698497028211,-0.09166984970282112,-0.13018891098082386,-0.1856953381770519,-0.0916698497028211,-0.09166984970282112,-0.09166984970282112,-0.13018891098082386,-0.09166984970282112,-0.09166984970282112,-0.09166984970282112,-0.18569533817705192,-0.09166984970282112,-0.0916698497028211,-0.0916698497028211,-0.09166984970282112,-0.09166984970282112,-0.16012815380508713,-0.0916698497028211,7.681145747868607,-0.13018891098082386,-0.13018891098082386,-0.09166984970282112,-0.1856953381770519,-0.13018891098082389,-0.16012815380508713,-0.0916698497028211,-0.0916698497028211,-0.13018891098082386,-0.13018891098082386,-0.09166984970282112,-0.09166984970282112,-0.0916698497028211,-0.16012815380508713,-0.09166984970282112,-0.09166984970282112,-0.09166984970282112,-0.09166984970282112,-0.09166984970282112,-0.13018891098082386,-0.0916698497028211,-0.09166984970282112,-0.09166984970282112,-0.0916698497028211,-0.16012815380508713,-0.13018891098082386,-0.13018891098082386,-0.0916698497028211,-0.09166984970282112,-0.09166984970282112,-0.0916698497028211,-0.0916698497028211,-0.0916698497028211,-0.09166984970282112,-0.0916698497028211,-0.0916698497028211,-0.09166984970282112,-0.1856953381770519,-0.13018891098082386,-0.13018891098082386,-0.09166984970282112,-0.0916698497028211,-0.09166984970282112,-0.0916698497028211,-0.26726124191242434,-0.16012815380508716,-0.24889134708717228,-0.09166984970282112,-0.0916698497028211,-0.16012815380508713,-0.16012815380508713,-0.39223227027636803,2.751622897751175,-0.13018891098082386,-0.2847473987257497,-0.09166984970282112,-0.13018891098082386,-0.0916698497028211,-0.13018891098082386,-0.16012815380508713,-0.13018891098082386,-0.22941573387056183,-0.16012815380508713,-0.3176750402418492,-0.09166984970282112,-0.0916698497028211,-0.0916698497028211,-0.13018891098082386,-0.30151134457776363,-0.09166984970282112,-0.09166984970282112,-0.09166984970282112,-0.09166984970282112,-0.13018891098082386,1.0871146130092182,-0.24889134708717225,-0.7204077607661872,-0.0916698497028211,-0.24889134708717228,-0.13018891098082386,-0.09166984970282112,-0.09166984970282112,-0.09166984970282112,-0.2294157338705618,-0.18569533817705186,-0.22941573387056183,-0.0916698497028211,-0.1856953381770519,-0.16012815380508713,-0.09166984970282112,-0.09166984970282112,-0.0916698497028211,-0.24889134708717228,-0.0916698497028211,-0.30151134457776363,-0.4062616689884986,-0.0916698497028211,-0.09166984970282112,-0.16012815380508716,-0.09166984970282112,-0.3333333333333333,-0.16012815380508716,2.4614677591656093,-0.0916698497028211,-0.09166984970282112,-0.16012815380508716
-1.3416407864998738,-1.5770135065884845,0.2192092356120504,-1.1243446728633644,-0.5618506850004555,-0.4605661864718382,-0.30151134457776363,-0.0916698497028211,-0.4605661864718383,-0.5388159060803247,-0.9960308546887235,-0.22941573387056183,-0.18569533817705192,-0.13018891098082386,-0.18569533817705192,3.5118845842842465,1.4727248207322363,-0.16012815380508713,-0.09166984970282112,-0.09166984970282112,7.681145747868607,-0.18569533817705192,-0.07825005579908746,-0.0916698497028211,-0.16012815380508713,-0.0916698497028211,-0.0916698497028211,0.6218089289923594,-0.15928469582657281,-0.018499785171751822,-0.09166984970282112,-0.09166984970282112,-0.09166984970282112,-0.09166984970282112,-0.13018891098082386,-0.09166984970282112,-0.13018891098082386,-0.13018891098082386,-0.0916698497028211,-0.0916698497028211,-0.13018891098082386,-0.0916698497028211,-0.09166984970282112,-0.09166984970282112,-0.0916698497028211,-0.13018891098082386,-0.09166984970282112,-0.0916698497028211,-0.09166984970282112,-0.13018891098082386,-0.1856953381770519,-0.0916698497028211,-0.09166984970282112,-0.09166984970282112,-0.13018891098082386,-0.09166984970282112,-0.09166984970282112,-0.09166984970282112,-0.18569533817705192,-0.09166984970282112,-0.0916698497028211,-0.0916698497028211,-0.09166984970282112,-0.09166984970282112,-0.16012815380508713,-0.0916698497028211,-0.13018891098082386,-0.13018891098082386,-0.13018891098082386,-0.09166984970282112,-0.1856953381770519,-0.13018891098082389,-0.16012815380508713,-0.0916698497028211,-0.0916698497028211,-0.13018891098082386,-0.13018891098082386,-0.09166984970282112,-0.09166984970282112,-0.0916698497028211,-0.16012815380508713,-0.09166984970282112,-0.09166984970282112,-0.09166984970282112,-0.09166984970282112,-0.09166984970282112,-0.13018891098082386,-0.0916698497028211,-0.09166984970282112,-0.09166984970282112,-0.0916698497028211,-0.16012815380508713,-0.13018891098082386,-0.13018891098082386,10.908712114635712,-0.09166984970282112,-0.09166984970282112,-0.0916698497028211,-0.0916698497028211,-0.0916698497028211,-0.09166984970282112,-0.0916698497028211,-0.0916698497028211,-0.09166984970282112,-0.1856953381770519,-0.13018891098082386,-0.13018891098082386,-0.09166984970282112,-0.0916698497028211,-0.09166984970282112,-0.0916698497028211,-0.26726124191242434,-0.16012815380508716,-0.24889134708717228,-0.09166984970282112,-0.0916698497028211,-0.16012815380508713,-0.16012815380508713,-0.39223227027636803,-0.36342189215581555,-0.13018891098082386,-0.2847473987257497,-0.09166984970282112,-0.13018891098082386,-0.0916698497028211,-0.13018891098082386,-0.16012815380508713,-0.13018891098082386,-0.22941573387056183,-0.16012815380508713,-0.3176750402418492,-0.09166984970282112,10.908712114635712,-0.0916698497028211,-0.13018891098082386,-0.30151134457776363,-0.09166984970282112,-0.09166984970282112,-0.09166984970282112,-0.09166984970282112,-0.13018891098082386,1.0871146130092182,-0.24889134708717225,-0.7204077607661872,-0.0916698497028211,-0.24889134708717228,-0.13018891098082386,-0.09166984970282112,-0.09166984970282112,-0.09166984970282112,-0.2294157338705618,-0.18569533817705186,-0.22941573387056183,-0.0916698497028211,-0.1856953381770519,-0.16012815380508713,-0.09166984970282112,-0.09166984970282112,-0.0916698497028211,-0.24889134708717228,-0.0916698497028211,3.3166247903554,-0.4062616689884986,-0.0916698497028211,-0.09166984970282112,-0.16012815380508716,-0.09166984970282112,-0.3333333333333333,-0.16012815380508716,-0.4062616689884986,-0.0916698497028211,-0.09166984970282112,-0.16012815380508716
-1.3416407864998738,-1.4584410624840871,0.15025744459384321,0.8894069800262434,1.3783531193176537,-0.4605661864718382,-0.30151134457776363,-0.0916698497028211,2.1712405933672376,-0.5388159060803247,-0.21440446190847134,-0.22941573387056183,-0.18569533817705192,-0.13018891098082386,-0.18569533817705192,-0.2847473987257497,-0.0007674438878157014,-0.16012815380508713,-0.09166984970282112,-0.09166984970282112,-0.13018891098082386,-0.18569533817705192,-0.07825005579908746,-0.0916698497028211,-0.16012815380508713,-0.0916698497028211,-0.0916698497028211,1.4932930501737545,0.2774445811335726,-0.2637594083020489,-0.09166984970282112,-0.09166984970282112,-0.09166984970282112,-0.09166984970282112,-0.13018891098082386,-0.09166984970282112,-0.13018891098082386,-0.13018891098082386,-0.0916698497028211,-0.0916698497028211,-0.13018891098082386,-0.0916698497028211,-0.09166984970282112,-0.09166984970282112,-0.0916698497028211,-0.13018891098082386,-0.09166984970282112,-0.0916698497028211,-0.09166984970282112,-0.13018891098082386,-0.1856953381770519,-0.0916698497028211,-0.09166984970282112,-0.09166984970282112,-0.13018891098082386,-0.09166984970282112,-0.09166984970282112,-0.09166984970282112,-0.18569533817705192,-0.09166984970282112,-0.0916698497028211,-0.0916698497028211,-0.09166984970282112,-0.09166984970282112,-0.16012815380508713,-0.0916698497028211,-0.13018891098082386,7.681145747868607,-0.13018891098082386,-0.09166984970282112,-0.1856953381770519,-0.13018891098082389,-0.16012815380508713,-0.0916698497028211,-0.0916698497028211,-0.13018891098082386,-0.13018891098082386,-0.09166984970282112,-0.09166984970282112,-0.0916698497028211,-0.16012815380508713,-0.09166984970282112,-0.09166984970282112,-0.09166984970282112,-0.09166984970282112,-0.09166984970282112,-0.13018891098082386,-0.0916698497028211,-0.09166984970282112,-0.09166984970282112,-0.0916698497028211,-0.16012815380508713,-0.13018891098082386,-0.13018891098082386,-0.0916698497028211,-0.09166984970282112,-0.09166984970282112,-0.0916698497028211,-0.0916698497028211,-0.0916698497028211,-0.09166984970282112,-0.0916698497028211,-0.0916698497028211,-0.09166984970282112,-0.1856953381770519,-0.13018891098082386,-0.13018891098082386,-0.09166984970282112,-0.0916698497028211,-0.09166984970282112,-0.0916698497028211,-0.26726124191242434,6.244997998398399,-0.24889134708717228,-0.09166984970282112,-0.0916698497028211,-0.16012815380508713,-0.16012815380508713,-0.39223227027636803,-0.36342189215581555,-0.13018891098082386,-0.2847473987257497,-0.09166984970282112,-0.13018891098082386,-0.0916698497028211,-0.13018891098082386,-0.16012815380508713,-0.13018891098082386,-0.22941573387056183,-0.16012815380508713,-0.3176750402418492,-0.09166984970282112,-0.0916698497028211,-0.0916698497028211,-0.13018891098082386,-0.30151134457776363,-0.09166984970282112,-0.09166984970282112,-0.09166984970282112,-0.09166984970282112,-0.13018891098082386,-0.9198662110077998,-0.24889134708717225,1.3881027585494827,-0.0916698497028211,-0.24889134708717228,-0.13018891098082386,-0.09166984970282112,-0.09166984970282112,-0.09166984970282112,-0.2294157338705618,-0.18569533817705186,-0.22941573387056183,-0.0916698497028211,-0.1856953381770519,-0.16012815380508713,-0.09166984970282112,-0.09166984970282112,-0.0916698497028211,-0.24889134708717228,-0.0916698497028211,-0.30151134457776363,2.4614677591656093,-0.0916698497028211,-0.09166984970282112,-0.16012815380508716,-0.09166984970282112,-0.3333333333333333,-0.16012815380508716,-0.4062616689884986,-0.0916698497028211,-0.09166984970282112,-0.16012815380508716
-1.3416407864998738,-1.3398686183796897,0.13110416931100785,0.8894069800262434,0.3043117276415568,2.171240593367237,-0.30151134457776363,-0.0916698497028211,-0.4605661864718383,-0.5388159060803247,1.6419582209446337,-0.22941573387056183,-0.18569533817705192,-0.13018891098082386,-0.18569533817705192,-0.2847473987257497,-0.0007674438878157014,-0.16012815380508713,-0.09166984970282112,-0.09166984970282112,-0.13018891098082386,-0.18569533817705192,-0.07825005579908746,-0.0916698497028211,-0.16012815380508713,-0.0916698497028211,-0.0916698497028211,1.0124742246943663,1.9142850435696939,0.27725871903035704,-0.09166984970282112,-0.09166984970282112,-0.09166984970282112,-0.09166984970282112,-0.13018891098082386,-0.09166984970282112,-0.13018891098082386,-0.13018891098082386,-0.0916698497028211,-0.0916698497028211,-0.13018891098082386,-0.0916698497028211,-0.09166984970282112,-0.09166984970282112,-0.0916698497028211,-0.13018891098082386,-0.09166984970282112,-0.0916698497028211,-0.09166984970282112,-0.13018891098082386,-0.1856953381770519,-0.0916698497028211,-0.09166984970282112,-0.09166984970282112,-0.13018891098082386,-0.09166984970282112,-0.09166984970282112,-0.09166984970282112,-0.18569533817705192,-0.09166984970282112,-0.0916698497028211,-0.0916698497028211,-0.09166984970282112,-0.09166984970282112,-0.16012815380508713,-0.0916698497028211,-0.13018891098082386,-0.13018891098082386,-0.13018891098082386,-0.09166984970282112,-0.1856953381770519,-0.13018891098082389,-0.16012815380508713,-0.0916698497028211,-0.0916698497028211,-0.13018891098082386,-0.13018891098082386,-0.09166984970282112,-0.09166984970282112,-0.0916698497028211,-0.16012815380508713,-0.09166984970282112,-0.09166984970282112,-0.09166984970282112,-0.09166984970282112,-0.09166984970282112,-0.13018891098082386,-0.0916698497028211,-0.09166984970282112,-0.09166984970282112,-0.0916698497028211,6.244997998398398,-0.13018891098082386,-0.13018891098082386,-0.0916698497028211,-0.09166984970282112,-0.09166984970282112,-0.0916698497028211,-0.0916698497028211,-0.0916698497028211,-0.09166984970282112,-0.0916698497028211,-0.0916698497028211,-0.09166984970282112,-0.1856953381770519,-0.13018891098082386,-0.13018891098082386,-0.09166984970282112,-0.0916698497028211,-0.09166984970282112,-0.0916698497028211,-0.26726124191242434,-0.16012815380508716,-0.24889134708717228,-0.09166984970282112,-0.0916698497028211,-0.16012815380508713,-0.16012815380508713,-0.39223227027636803,-0.36342189215581555,-0.13018891098082386,-0.2847473987257497,-0.09166984970282112,-0.13018891098082386,-0.0916698497028211,-0.13018891098082386,-0.16012815380508713,-0.13018891098082386,-0.22941573387056183,6.244997998398398,-0.3176750402418492,-0.09166984970282112,-0.0916698497028211,-0.0916698497028211,-0.13018891098082386,-0.30151134457776363,-0.09166984970282112,-0.09166984970282112,-0.09166984970282112,-0.09166984970282112,-0.13018891098082386,1.0871146130092182,-0.24889134708717225,-0.7204077607661872,-0.0916698497028211,-0.24889134708717228,-0.13018891098082386,-0.09166984970282112,-0.09166984970282112,-0.09166984970282112,-0.2294157338705618,-0.18569533817705186,4.358898943540674,-0.0916698497028211,-0.1856953381770519,-0.16012815380508713,-0.09166984970282112,-0.09166984970282112,-0.0916698497028211,-0.24889134708717228,-0.0916698497028211,-0.30151134457776363,-0.4062616689884986,-0.0916698497028211,-0.09166984970282112,-0.16012815380508716,-0.09166984970282112,-0.3333333333333333,-0.16012815380508716,-0.4062616689884986,-0.0916698497028211,-0.09166984970282112,-0.16012815380508716
-1.3416407864998738,-1.2212961742752924,-0.07575120374361378,-1.1243446728633644,-0.8390226570458996,2.171240593367237,3.3166247903554,-0.0916698497028211,-0.4605661864718383,-0.5388159060803247,-1.0937341537862562,-0.22941573387056183,-0.18569533817705192,-0.13018891098082386,-0.18569533817705192,-0.2847473987257497,-1.2900731754303572,-0.16012815380508713,-0.09166984970282112,-0.09166984970282112,-0.13018891098082386,-0.18569533817705192,-0.07825005579908746,-0.0916698497028211,-0.16012815380508713,-0.0916698497028211,-0.0916698497028211,-0.7304940176684239,0.9202415118129674,0.3914145833602663,-0.09166984970282112,-0.09166984970282112,-0.09166984970282112,-0.09166984970282112,-0.13018891098082386,-0.09166984970282112,-0.13018891098082386,-0.13018891098082386,-0.0916698497028211,-0.0916698497028211,-0.13018891098082386,-0.0916698497028211,-0.09166984970282112,-0.09166984970282112,-0.0916698497028211,-0.13018891098082386,-0.09166984970282112,-0.0916698497028211,-0.09166984970282112,-0.13018891098082386,-0.1856953381770519,-0.0916698497028211,-0.09166984970282112,-0.09166984970282112,-0.13018891098082386,-0.09166984970282112,-0.09166984970282112,-0.09166984970282112,-0.18569533817705192,-0.09166984970282112,-0.0916698497028211,-0.0916698497028211,-0.09166984970282112,-0.09166984970282112,-0.16012815380508713,-0.0916698497028211,-0.13018891098082386,-0.13018891098082386,-0.13018891098082386,-0.09166984970282112,-0.1856953381770519,-0.13018891098082389,-0.16012815380508713,-0.0916698497028211,-0.0916698497028211,-0.13018891098082386,-0.13018891098082386,-0.09166984970282112,-0.09166984970282112,-0.0916698497028211,6.244997998398398,-0.09166984970282112,-0.09166984970282112,-0.09166984970282112,-0.09166984970282112,-0.09166984970282112,-0.13018891098082386,-0.0916698497028211,-0.09166984970282112,-0.09166984970282112,-0.0916698497028211,-0.16012815380508713,-0.13018891098082386,-0.13018891098082386,-0.0916698497028211,-0.09166984970282112,-0.09166984970282112,-0.0916698497028211,-0.0916698497028211,-0.0916698497028211,-0.09166984970282112,-0.0916698497028211,-0.0916698497028211,-0.09166984970282112,-0.1856953381770519,-0.13018891098082386,-0.13018891098082386,-0.09166984970282112,-0.0916698497028211,-0.09166984970282112,-0.0916698497028211,-0.26726124191242434,-0.16012815380508716,-0.24889134708717228,-0.09166984970282112,-0.0916698497028211,-0.16012815380508713,6.244997998398398,-0.39223227027636803,-0.36342189215581555,-0.13018891098082386,-0.2847473987257497,-0.09166984970282112,-0.13018891098082386,-0.0916698497028211,-0.13018891098082386,-0.16012815380508713,-0.13018891098082386,-0.22941573387056183,-0.16012815380508713,-0.3176750402418492,-0.09166984970282112,-0.0916698497028211,-0.0916698497028211,-0.13018891098082386,-0.30151134457776363,-0.09166984970282112,-0.09166984970282112,-0.09166984970282112,-0.09166984970282112,-0.13018891098082386,1.0871146130092182,-0.24889134708717225,-0.7204077607661872,-0.0916698497028211,-0.24889134708717228,-0.13018891098082386,-0.09166984970282112,-0.09166984970282112,-0.09166984970282112,-0.2294157338705618,-0.18569533817705186,-0.22941573387056183,-0.0916698497028211,-0.1856953381770519,-0.16012815380508713,-0.09166984970282112,-0.09166984970282112,-0.0916698497028211,-0.24889134708717228,-0.0916698497028211,3.3166247903554,-0.4062616689884986,-0.0916698497028211,-0.09166984970282112,-0.16012815380508716,-0.09166984970282112,-0.3333333333333333,-0.16012815380508716,-0.4062616689884986,-0.0916698497028211,-0.09166984970282112,-0.16012815380508716
-1.3416407864998738,-1.1027237301708952,-0.1945015104971929,0.8894069800262434,1.343706622811971,2.171240593367237,3.3166247903554,-0.0916698497028211,2.1712405933672376,-0.5388159060803247,0.24154426721334554,-0.22941573387056183,-0.18569533817705192,-0.13018891098082386,-0.18569533817705192,-0.2847473987257497,-0.0007674438878157014,-0.16012815380508713,-0.09166984970282112,-0.09166984970282112,-0.13018891098082386,-0.18569533817705192,-0.07825005579908746,-0.0916698497028211,-0.16012815380508713,-0.0916698497028211,-0.0916698497028211,1.6435489331360662,0.8246231394000207,0.24204034516204573,-0.09166984970282112,-0.09166984970282112,-0.09166984970282112,-0.09166984970282112,-0.13018891098082386,-0.09166984970282112,-0.13018891098082386,-0.13018891098082386,-0.0916698497028211,-0.0916698497028211,-0.13018891098082386,-0.0916698497028211,-0.09166984970282112,-0.09166984970282112,-0.0916698497028211,-0.13018891098082386,-0.09166984970282112,-0.0916698497028211,-0.09166984970282112,-0.13018891098082386,-0.1856953381770519,-0.0916698497028211,-0.09166984970282112,-0.09166984970282112,-0.13018891098082386,-0.09166984970282112,-0.09166984970282112,-0.09166984970282112,-0.18569533817705192,-0.09166984970282112,-0.0916698497028211,-0.0916698497028211,-0.09166984970282112,-0.09166984970282112,-0.16012815380508713,-0.0916698497028211,-0.13018891098082386,-0.13018891098082386,-0.13018891098082386,-0.09166984970282112,5.385164807134505,-0.13018891098082389,-0.16012815380508713,-0.0916698497028211,-0.0916698497028211,-0.13018891098082386,-0.13018891098082386,-0.09166984970282112,-0.09166984970282112,-0.0916698497028211,-0.16012815380508713,-0.09166984970282112,-0.09166984970282112,-0.09166984970282112,-0.09166984970282112,-0.09166984970282112,-0.13018891098082386,-0.0916698497028211,-0.09166984970282112,-0.09166984970282112,-0.0916698497028211,-0.16012815380508713,-0.13018891098082386,-0.13018891098082386,-0.0916698497028211,-0.09166984970282112,-0.09166984970282112,-0.0916698497028211,-0.0916698497028211,-0.0916698497028211,-0.09166984970282112,-0.0916698497028211,-0.0916698497028211,-0.09166984970282112,-0.1856953381770519,-0.13018891098082386,-0.13018891098082386,-0.09166984970282112,-0.0916698497028211,-0.09166984970282112,-0.0916698497028211,-0.26726124191242434,-0.16012815380508716,-0.24889134708717228,-0.09166984970282112,-0.0916698497028211,-0.16012815380508713,-0.16012815380508713,-0.39223227027636803,2.751622897751175,-0.13018891098082386,-0.2847473987257497,-0.09166984970282112,-0.13018891098082386,-0.0916698497028211,-0.13018891098082386,-0.16012815380508713,-0.13018891098082386,-0.22941573387056183,-0.16012815380508713,-0.3176750402418492,-0.09166984970282112,-0.0916698497028211,-0.0916698497028211,-0.13018891098082386,-0.30151134457776363,-0.09166984970282112,-0.09166984970282112,-0.09166984970282112,-0.09166984970282112,-0.13018891098082386,1.0871146130092182,-0.24889134708717225,-0.7204077607661872,-0.0916698497028211,-0.24889134708717228,-0.13018891098082386,-0.09166984970282112,-0.09166984970282112,-0.09166984970282112,-0.2294157338705618,-0.18569533817705186,-0.22941573387056183,-0.0916698497028211,-0.1856953381770519,-0.16012815380508713,-0.09166984970282112,-0.09166984970282112,-0.0916698497028211,-0.24889134708717228,-0.0916698497028211,-0.30151134457776363,-0.4062616689884986,-0.0916698497028211,-0.09166984970282112,-0.16012815380508716,-0.09166984970282112,2.9999999999999996,-0.16012815380508716,-0.4062616689884986,-0.0916698497028211,-0.09166984970282112,-0.16012815380508716
-1.3416407864998738,-0.9841512860664978,-0.20599347566689408,0.8894069800262434,-1.1854876221027033,-0.4605661864718382,-0.30151134457776363,-0.0916698497028211,-0.4605661864718383,1.8559214542766738,0.469518631774254,-0.22941573387056183,-0.18569533817705192,7.681145747868607,-0.18569533817705192,-0.2847473987257497,-0.0007674438878157014,-0.16012815380508713,-0.09166984970282112,-0.09166984970282112,-0.13018891098082386,-0.18569533817705192,-0.07825005579908746,-0.0916698497028211,-0.16012815380508713,-0.0916698497028211,-0.0916698497028211,-1.3615687261101237,-0.5419817670194645,-0.36258698856468297,-0.09166984970282112,-0.09166984970282112,-0.09166984970282112,-0.09166984970282112,-0.13018891098082386,-0.09166984970282112,-0.13018891098082386,-0.13018891098082386,-0.0916698497028211,-0.0916698497028211,-0.13018891098082386,-0.0916698497028211,-0.09166984970282112,-0.09166984970282112,-0.0916698497028211,-0.13018891098082386,-0.09166984970282112,-0.0916698497028211,-0.09166984970282112,-0.13018891098082386,-0.1856953381770519,-0.0916698497028211,-0.09166984970282112,-0.09166984970282112,-0.13018891098082386,-0.09166984970282112,-0.09166984970282112,-0.09166984970282112,-0.18569533817705192,-0.09166984970282112,-0.0916698497028211,-0.0916698497028211,-0.09166984970282112,-0.09166984970282112,-0.16012815380508713,-0.0916698497028211,-0.13018891098082386,-0.13018891098082386,-0.13018891098082386,-0.09166984970282112,-0.1856953381770519,-0.13018891098082389,-0.16012815380508713,-0.0916698497028211,-0.0916698497028211,-0.13018891098082386,-0.13018891098082386,-0.09166984970282112,-0.09166984970282112,-0.0916698497028211,-0.16012815380508713,-0.09166984970282112,-0.09166984970282112,-0.09166984970282112,-0.09166984970282112,-0.09166984970282112,-0.13018891098082386,-0.0916698497028211,-0.09166984970282112,-0.09166984970282112,-0.0916698497028211,-0.16012815380508713,-0.13018891098082386,-0.13018891098082386,-0.0916698497028211,-0.09166984970282112,-0.09166984970282112,-0.0916698497028211,-0.0916698497028211,10.908712114635712,-0.09166984970282112,-0.0916698497028211,-0.0916698497028211,-0.09166984970282112,-0.1856953381770519,-0.13018891098082386,-0.13018891098082386,-0.09166984970282112,-0.0916698497028211,-0.09166984970282112,-0.0916698497028211,-0.26726124191242434,6.244997998398399,-0.24889134708717228,-0.09166984970282112,-0.0916698497028211,-0.16012815380508713,-0.16012815380508713,-0.39223227027636803,-0.36342189215581555,-0.13018891098082386,-0.2847473987257497,-0.09166984970282112,-0.13018891098082386,-0.0916698497028211,-0.13018891098082386,-0.16012815380508713,-0.13018891098082386,-0.22941573387056183,-0.16012815380508713,-0.3176750402418492,-0.09166984970282112,-0.0916698497028211,-0.0916698497028211,-0.13018891098082386,-0.30151134457776363,-0.09166984970282112,-0.09166984970282112,-0.09166984970282112,-0.09166984970282112,-0.13018891098082386,-0.9198662110077998,4.017817460121495,-0.7204077607661872,-0.0916698497028211,-0.24889134708717228,-0.13018891098082386,-0.09166984970282112,-0.09166984970282112,-0.09166984970282112,-0.2294157338705618,-0.18569533817705186,-0.22941573387056183,-0.0916698497028211,-0.1856953381770519,-0.16012815380508713,-0.09166984970282112,-0.09166984970282112,-0.0916698497028211,-0.24889134708717228,-0.0916698497028211,-0.30151134457776363,-0.4062616689884986,-0.0916698497028211,-0.09166984970282112,-0.16012815380508716,-0.09166984970282112,-0.3333333333333333,-0.16012815380508716,2.4614677591656093,-0.0916698497028211,-0.09166984970282112,-0.16012815380508716
-1.3416407864998738,-0.8655788419621006,-0.2864372318548025,0.8894069800262434,-0.11144623042660946,-0.4605661864718382,-0.30151134457776363,-0.0916698497028211,-0.4605661864718383,1.8559214542766738,-0.21440446190847134,-0.22941573387056183,5.3851648071345055,-0.13018891098082386,-0.18569533817705192,-0.2847473987257497,-0.0007674438878157014,-0.16012815380508713,-0.09166984970282112,-0.09166984970282112,-0.13018891098082386,-0.18569533817705192,-0.07825005579908746,-0.0916698497028211,-0.16012815380508713,-0.0916698497028211,-0.0916698497028211,-1.4517222558875102,-0.7675010148149253,-0.30206760548210565,-0.09166984970282112,-0.09166984970282112,-0.09166984970282112,-0.09166984970282112,-0.13018891098082386,-0.09166984970282112,-0.13018891098082386,-0.13018891098082386,-0.0916698497028211,-0.0916698497028211,-0.13018891098082386,-0.0916698497028211,-0.09166984970282112,-0.09166984970282112,-0.0916698497028211,-0.13018891098082386,-0.09166984970282112,-0.0916698497028211,-0.09166984970282112,-0.13018891098082386,-0.1856953381770519,-0.0916698497028211,-0.09166984970282112,-0.09166984970282112,-0.13018891098082386,-0.09166984970282112,-0.09166984970282112,-0.09166984970282112,-0.18569533817705192,-0.09166984970282112,-0.0916698497028211,-0.0916698497028211,-0.09166984970282112,-0.09166984970282112,-0.16012815380508713,-0.0916698497028211,-0.13018891098082386,-0.13018891098082386,-0.13018891098082386,-0.09166984970282112,-0.1856953381770519,-0.13018891098082389,-0.16012815380508713,-0.0916698497028211,-0.0916698497028211,-0.13018891098082386,-0.13018891098082386,-0.09166984970282112,-0.09166984970282112,-0.0916698497028211,-0.16012815380508713,-0.09166984970282112,-0.09166984970282112,-0.09166984970282112,-0.09166984970282112,-0.09166984970282112,-0.13018891098082386,-0.0916698497028211,-0.09166984970282112,-0.09166984970282112,-0.0916698497028211,-0.16012815380508713,-0.13018891098082386,-0.13018891098082386,-0.0916698497028211,-0.09166984970282112,-0.09166984970282112,-0.0916698497028211,-0.0916698497028211,-0.0916698497028211,-0.09166984970282112,-0.0916698497028211,-0.0916698497028211,-0.09166984970282112,5.385164807134505,-0.13018891098082386,-0.13018891098082386,-0.09166984970282112,-0.0916698497028211,-0.09166984970282112,-0.0916698497028211,-0.26726124191242434,-0.16012815380508716,4.0178174601214955,-0.09166984970282112,-0.0916698497028211,-0.16012815380508713,-0.16012815380508713,-0.39223227027636803,-0.36342189215581555,-0.13018891098082386,-0.2847473987257497,-0.09166984970282112,-0.13018891098082386,-0.0916698497028211,-0.13018891098082386,-0.16012815380508713,-0.13018891098082386,-0.22941573387056183,-0.16012815380508713,-0.3176750402418492,-0.09166984970282112,-0.0916698497028211,-0.0916698497028211,-0.13018891098082386,-0.30151134457776363,-0.09166984970282112,-0.09166984970282112,-0.09166984970282112,-0.09166984970282112,-0.13018891098082386,-0.9198662110077998,-0.24889134708717225,1.3881027585494827,-0.0916698497028211,-0.24889134708717228,-0.13018891098082386,-0.09166984970282112,-0.09166984970282112,-0.09166984970282112,-0.2294157338705618,-0.18569533817705186,-0.22941573387056183,-0.0916698497028211,-0.1856953381770519,-0.16012815380508713,-0.09166984970282112,-0.09166984970282112,-0.0916698497028211,-0.24889134708717228,-0.0916698497028211,-0.30151134457776363,-0.4062616689884986,-0.0916698497028211,-0.09166984970282112,-0.16012815380508716,-0.09166984970282112,-0.3333333333333333,-0.16012815380508716,2.4614677591656093,-0.0916698497028211,-0.09166984970282112,-0.16012815380508716
-1.3416407864998738,-0.7470063978577032,-0.44349408917405225,0.8894069800262434,-0.6657901745174948,-0.4605661864718382,-0.30151134457776363,-0.0916698497028211,-0.4605661864718383,1.8559214542766738,-0.7354887237619718,-0.22941573387056183,-0.18569533817705192,-0.13018891098082386,-0.18569533817705192,-0.2847473987257497,-0.0007674438878157014,-0.16012815380508713,-0.09166984970282112,-0.09166984970282112,-0.13018891098082386,-0.18569533817705192,-0.07825005579908746,-0.0916698497028211,-0.16012815380508713,-0.0916698497028211,-0.0916698497028211,0.08088775032804604,-0.8359169663933235,-0.2687522169603393,-0.09166984970282112,-0.09166984970282112,-0.09166984970282112,-0.09166984970282112,-0.13018891098082386,-0.09166984970282112,-0.13018891098082386,-0.13018891098082386,-0.0916698497028211,-0.0916698497028211,-0.13018891098082386,-0.0916698497028211,-0.09166984970282112,-0.09166984970282112,-0.0916698497028211,-0.13018891098082386,-0.09166984970282112,-0.0916698497028211,-0.09166984970282112,-0.13018891098082386,-0.1856953381770519,-0.0916698497028211,-0.09166984970282112,-0.09166984970282112,-0.13018891098082386,-0.09166984970282112,-0.09166984970282112,-0.09166984970282112,-0.18569533817705192,-0.09166984970282112,-0.0916698497028211,-0.0916698497028211,-0.09166984970282112,-0.09166984970282112,-0.16012815380508713,-0.0916698497028211,-0.13018891098082386,-0.13018891098082386,-0.13018891098082386,-0.09166984970282112,-0.1856953381770519,-0.13018891098082389,-0.16012815380508713,-0.0916698497028211,-0.0916698497028211,7.681145747868607,-0.13018891098082386,-0.09166984970282112,-0.09166984970282112,-0.0916698497028211,-0.16012815380508713,-0.09166984970282112,-0.09166984970282112,-0.09166984970282112,-0.09166984970282112,-0.09166984970282112,-0.13018891098082386,-0.0916698497028211,-0.09166984970282112,-0.09166984970282112,-0.0916698497028211,-0.16012815380508713,-0.13018891098082386,-0.13018891098082386,-0.0916698497028211,-0.09166984970282112,-0.09166984970282112,-0.0916698497028211,-0.0916698497028211,-0.0916698497028211,-0.09166984970282112,-0.0916698497028211,-0.0916698497028211,-0.09166984970282112,-0.1856953381770519,-0.13018891098082386,-0.13018891098082386,-0.09166984970282112,-0.0916698497028211,-0.09166984970282112,-0.0916698497028211,-0.26726124191242434,-0.16012815380508716,-0.24889134708717228,-0.09166984970282112,-0.0916698497028211,6.244997998398398,-0.16012815380508713,-0.39223227027636803,-0.36342189215581555,-0.13018891098082386,-0.2847473987257497,-0.09166984970282112,-0.13018891098082386,-0.0916698497028211,-0.13018891098082386,-0.16012815380508713,-0.13018891098082386,-0.22941573387056183,-0.16012815380508713,-0.3176750402418492,-0.09166984970282112,-0.0916698497028211,-0.0916698497028211,-0.13018891098082386,-0.30151134457776363,-0.09166984970282112,-0.09166984970282112,-0.09166984970282112,-0.09166984970282112,-0.13018891098082386,-0.9198662110077998,-0.24889134708717225,1.3881027585494827,-0.0916698497028211,-0.24889134708717228,-0.13018891098082386,-0.09166984970282112,-0.09166984970282112,-0.09166984970282112,-0.2294157338705618,-0.18569533817705186,-0.22941573387056183,-0.0916698497028211,-0.1856953381770519,-0.16012815380508713,-0.09166984970282112,-0.09166984970282112,-0.0916698497028211,-0.24889134708717228,-0.0916698497028211,-0.30151134457776363,-0.4062616689884986,-0.0916698497028211,-0.09166984970282112,-0.16012815380508716,-0.09166984970282112,-0.3333333333333333,-0.16012815380508716,2.4614677591656093,-0.0916698497028211,-0.09166984970282112,-0.16012815380508716
-1.3416407864998738,-0.6284339537533059,-0.4511553992871864,-1.1243446728633644,0.9625951612494875,-0.4605661864718382,-0.30151134457776363,-0.0916698497028211,-0.4605661864718383,-0.5388159060803247,-1.0937341537862562,-0.22941573387056183,-0.18569533817705192,-0.13018891098082386,-0.18569533817705192,-0.2847473987257497,-0.0007674438878157014,-0.16012815380508713,-0.09166984970282112,-0.09166984970282112,-0.13018891098082386,-0.18569533817705192,-0.07825005579908746,-0.0916698497028211,-0.16012815380508713,-0.0916698497028211,-0.0916698497028211,1.132678931064214,1.2003891828186306,0.49409717511796025,-0.09166984970282112,-0.09166984970282112,-0.09166984970282112,-0.09166984970282112,-0.13018891098082386,-0.09166984970282112,-0.13018891098082386,-0.13018891098082386,-0.0916698497028211,-0.0916698497028211,-0.13018891098082386,-0.0916698497028211,-0.09166984970282112,-0.09166984970282112,-0.0916698497028211,-0.13018891098082386,-0.09166984970282112,-0.0916698497028211,-0.09166984970282112,-0.13018891098082386,5.385164807134505,-0.0916698497028211,-0.09166984970282112,-0.09166984970282112,-0.13018891098082386,-0.09166984970282112,-0.09166984970282112,-0.09166984970282112,-0.18569533817705192,-0.09166984970282112,-0.0916698497028211,-0.0916698497028211,-0.09166984970282112,-0.09166984970282112,-0.16012815380508713,-0.0916698497028211,-0.13018891098082386,-0.13018891098082386,-0.13018891098082386,-0.09166984970282112,-0.1856953381770519,-0.13018891098082389,-0.16012815380508713,-0.0916698497028211,-0.0916698497028211,-0.13018891098082386,-0.13018891098082386,-0.09166984970282112,-0.09166984970282112,-0.0916698497028211,-0.16012815380508713,-0.09166984970282112,-0.09166984970282112,-0.09166984970282112,-0.09166984970282112,-0.09166984970282112,-0.13018891098082386,-0.0916698497028211,-0.09166984970282112,-0.09166984970282112,-0.0916698497028211,-0.16012815380508713,-0.13018891098082386,-0.13018891098082386,-0.0916698497028211,-0.09166984970282112,-0.09166984970282112,-0.0916698497028211,-0.0916698497028211,-0.0916698497028211,-0.09166984970282112,-0.0916698497028211,-0.0916698497028211,-0.09166984970282112,-0.1856953381770519,-0.13018891098082386,-0.13018891098082386,-0.09166984970282112,-0.0916698497028211,-0.09166984970282112,-0.0916698497028211,-0.26726124191242434,-0.16012815380508716,-0.24889134708717228,-0.09166984970282112,-0.0916698497028211,-0.16012815380508713,-0.16012815380508713,-0.39223227027636803,-0.36342189215581555,-0.13018891098082386,-0.2847473987257497,-0.09166984970282112,-0.13018891098082386,-0.0916698497028211,-0.13018891098082386,-0.16012815380508713,-0.13018891098082386,4.358898943540674,-0.16012815380508713,-0.3176750402418492,-0.09166984970282112,-0.0916698497028211,-0.0916698497028211,-0.13018891098082386,-0.30151134457776363,-0.09166984970282112,-0.09166984970282112,-0.09166984970282112,-0.09166984970282112,-0.13018891098082386,1.0871146130092182,-0.24889134708717225,-0.7204077607661872,-0.0916698497028211,-0.24889134708717228,-0.13018891098082386,-0.09166984970282112,-0.09166984970282112,-0.09166984970282112,-0.2294157338705618,-0.18569533817705186,-0.22941573387056183,-0.0916698497028211,5.385164807134505,-0.16012815380508713,-0.09166984970282112,-0.09166984970282112,-0.0916698497028211,-0.24889134708717228,-0.0916698497028211,-0.30151134457776363,-0.4062616689884986,-0.0916698497028211,-0.09166984970282112,-0.16012815380508716,-0.09166984970282112,-0.3333333333333333,-0.16012815380508716,-0.4062616689884986,-0.0916698497028211,-0.09166984970282112,-0.16012815380508716
-1.3416407864998738,-0.5098615096489085,-0.5009539150225583,-1.1243446728633644,0.40825121715859913,2.171240593367237,-0.30151134457776363,-0.0916698497028211,-0.4605661864718383,-0.5388159060803247,0.04613766901828033,-0.22941573387056183,-0.18569533817705192,-0.13018891098082386,-0.18569533817705192,-0.2847473987257497,-0.0007674438878157014,-0.16012815380508713,-0.09166984970282112,-0.09166984970282112,-0.13018891098082386,-0.18569533817705192,-0.07825005579908746,-0.0916698497028211,-0.16012815380508713,-0.0916698497028211,-0.0916698497028211,-0.46003342833626726,1.1017151960105704,-0.1833390655499577,-0.09166984970282112,-0.09166984970282112,-0.09166984970282112,-0.09166984970282112,-0.13018891098082386,-0.09166984970282112,-0.13018891098082386,-0.13018891098082386,-0.0916698497028211,-0.0916698497028211,-0.13018891098082386,-0.0916698497028211,-0.09166984970282112,-0.09166984970282112,-0.0916698497028211,-0.13018891098082386,-0.09166984970282112,-0.0916698497028211,-0.09166984970282112,-0.13018891098082386,-0.1856953381770519,-0.0916698497028211,-0.09166984970282112,-0.09166984970282112,-0.13018891098082386,-0.09166984970282112,-0.09166984970282112,-0.09166984970282112,-0.18569533817705192,-0.09166984970282112,-0.0916698497028211,-0.0916698497028211,-0.09166984970282112,-0.09166984970282112,-0.16012815380508713,-0.0916698497028211,-0.13018891098082386,-0.13018891098082386,-0.13018891098082386,-0.09166984970282112,-0.1856953381770519,-0.13018891098082389,-0.16012815380508713,-0.0916698497028211,-0.0916698497028211,-0.13018891098082386,-0.13018891098082386,-0.09166984970282112,-0.09166984970282112,-0.0916698497028211,-0.16012815380508713,-0.09166984970282112,-0.09166984970282112,-0.09166984970282112,-0.09166984970282112,-0.09166984970282112,-0.13018891098082386,-0.0916698497028211,-0.09166984970282112,-0.09166984970282112,-0.0916698497028211,-0.16012815380508713,-0.13018891098082386,-0.13018891098082386,-0.0916698497028211,-0.09166984970282112,-0.09166984970282112,10.908712114635712,-0.0916698497028211,-0.0916698497028211,-0.09166984970282112,-0.0916698497028211,-0.0916698497028211,-0.09166984970282112,-0.1856953381770519,-0.13018891098082386,-0.13018891098082386,-0.09166984970282112,-0.0916698497028211,-0.09166984970282112,-0.0916698497028211,-0.26726124191242434,-0.16012815380508716,-0.24889134708717228,-0.09166984970282112,-0.0916698497028211,-0.16012815380508713,-0.16012815380508713,-0.39223227027636803,-0.36342189215581555,-0.13018891098082386,-0.2847473987257497,-0.09166984970282112,-0.13018891098082386,-0.0916698497028211,-0.13018891098082386,-0.16012815380508713,-0.13018891098082386,-0.22941573387056183,-0.16012815380508713,-0.3176750402418492,-0.09166984970282112,-0.0916698497028211,-0.0916698497028211,7.681145747868607,-0.30151134457776363,-0.09166984970282112,-0.09166984970282112,-0.09166984970282112,-0.09166984970282112,-0.13018891098082386,1.0871146130092182,-0.24889134708717225,-0.7204077607661872,-0.0916698497028211,-0.24889134708717228,-0.13018891098082386,-0.09166984970282112,-0.09166984970282112,-0.09166984970282112,-0.2294157338705618,-0.18569533817705186,-0.22941573387056183,-0.0916698497028211,-0.1856953381770519,-0.16012815380508713,-0.09166984970282112,-0.09166984970282112,-0.0916698497028211,-0.24889134708717228,-0.0916698497028211,-0.30151134457776363,-0.4062616689884986,-0.0916698497028211,-0.09166984970282112,-0.16012815380508716,-0.09166984970282112,-0.3333333333333333,-0.16012815380508716,-0.4062616689884986,-0.0916698497028211,-0.09166984970282112,6.244997998398399
-1.3416407864998738,-0.39128906554451126,-0.5047845700791254,0.8894069800262434,-0.38861820247205364,-0.4605661864718382,-0.30151134457776363,-0.0916698497028211,-0.4605661864718383,-0.5388159060803247,1.1208739590911303,-0.22941573387056183,-0.18569533817705192,-0.13018891098082386,-0.18569533817705192,-0.2847473987257497,-2.2110058408178856,-0.16012815380508713,-0.09166984970282112,-0.09166984970282112,-0.13018891098082386,-0.18569533817705192,-0.07825005579908746,-0.0916698497028211,-0.16012815380508713,-0.0916698497028211,-0.0916698497028211,1.282934814026523,1.2207351030592652,-0.43428110201779263,-0.09166984970282112,-0.09166984970282112,-0.09166984970282112,-0.09166984970282112,-0.13018891098082386,-0.09166984970282112,-0.13018891098082386,-0.13018891098082386,-0.0916698497028211,-0.0916698497028211,-0.13018891098082386,-0.0916698497028211,-0.09166984970282112,-0.09166984970282112,-0.0916698497028211,-0.13018891098082386,-0.09166984970282112,-0.0916698497028211,-0.09166984970282112,-0.13018891098082386,-0.1856953381770519,-0.0916698497028211,-0.09166984970282112,-0.09166984970282112,-0.13018891098082386,-0.09166984970282112,-0.09166984970282112,-0.09166984970282112,-0.18569533817705192,-0.09166984970282112,-0.0916698497028211,-0.0916698497028211,-0.09166984970282112,-0.09166984970282112,-0.16012815380508713,-0.0916698497028211,-0.13018891098082386,-0.13018891098082386,-0.13018891098082386,-0.09166984970282112,-0.1856953381770519,-0.13018891098082389,-0.16012815380508713,-0.0916698497028211,-0.0916698497028211,-0.13018891098082386,-0.13018891098082386,-0.09166984970282112,-0.09166984970282112,-0.0916698497028211,-0.16012815380508713,-0.09166984970282112,-0.09166984970282112,-0.09166984970282112,-0.09166984970282112,-0.09166984970282112,-0.13018891098082386,-0.0916698497028211,-0.09166984970282112,-0.09166984970282112,10.908712114635712,-0.16012815380508713,-0.13018891098082386,-0.13018891098082386,-0.0916698497028211,-0.09166984970282112,-0.09166984970282112,-0.0916698497028211,-0.0916698497028211,-0.0916698497028211,-0.09166984970282112,-0.0916698497028211,-0.0916698497028211,-0.09166984970282112,-0.1856953381770519,-0.13018891098082386,-0.13018891098082386,-0.09166984970282112,-0.0916698497028211,-0.09166984970282112,-0.0916698497028211,-0.26726124191242434,-0.16012815380508716,-0.24889134708717228,-0.09166984970282112,-0.0916698497028211,-0.16012815380508713,-0.16012815380508713,-0.39223227027636803,-0.36342189215581555,-0.13018891098082386,-0.2847473987257497,-0.09166984970282112,-0.13018891098082386,-0.0916698497028211,-0.13018891098082386,-0.16012815380508713,-0.13018891098082386,-0.22941573387056183,-0.16012815380508713,-0.3176750402418492,-0.09166984970282112,-0.0916698497028211,-0.0916698497028211,-0.13018891098082386,-0.30151134457776363,-0.09166984970282112,-0.09166984970282112,-0.09166984970282112,-0.09166984970282112,-0.13018891098082386,-0.9198662110077998,-0.24889134708717225,1.3881027585494827,-0.0916698497028211,-0.24889134708717228,-0.13018891098082386,-0.09166984970282112,-0.09166984970282112,-0.09166984970282112,-0.2294157338705618,-0.18569533817705186,-0.22941573387056183,-0.0916698497028211,-0.1856953381770519,-0.16012815380508713,-0.09166984970282112,-0.09166984970282112,-0.0916698497028211,-0.24889134708717228,-0.0916698497028211,-0.30151134457776363,2.4614677591656093,-0.0916698497028211,-0.09166984970282112,-0.16012815380508716,-0.09166984970282112,-0.3333333333333333,-0.16012815380508716,-0.4062616689884986,-0.0916698497028211,-0.09166984970282112,-0.16012815380508716
-1.3416407864998738,-0.27271662144011394,-0.5124458801922595,0.8894069800262434,-0.2846787129550113,2.171240593367237,-0.30151134457776363,-0.0916698497028211,-0.4605661864718383,-0.5388159060803247,1.4465516227495714,-0.22941573387056183,-0.18569533817705192,-0.13018891098082386,-0.18569533817705192,-0.2847473987257497,-2.6714721735116496,-0.16012815380508713,-0.09166984970282112,-0.09166984970282112,-0.13018891098082386,-0.18569533817705192,-0.07825005579908746,-0.0916698497028211,-0.16012815380508713,-0.0916698497028211,-0.0916698497028211,-1.241364019740276,-0.034675250250230966,-0.37748250019395546,-0.09166984970282112,-0.09166984970282112,-0.09166984970282112,-0.09166984970282112,-0.13018891098082386,-0.09166984970282112,-0.13018891098082386,-0.13018891098082386,-0.0916698497028211,-0.0916698497028211,-0.13018891098082386,-0.0916698497028211,-0.09166984970282112,-0.09166984970282112,-0.0916698497028211,-0.13018891098082386,-0.09166984970282112,-0.0916698497028211,-0.09166984970282112,-0.13018891098082386,-0.1856953381770519,-0.0916698497028211,-0.09166984970282112,-0.09166984970282112,-0.13018891098082386,-0.09166984970282112,-0.09166984970282112,-0.09166984970282112,-0.18569533817705192,-0.09166984970282112,-0.0916698497028211,-0.0916698497028211,-0.09166984970282112,-0.09166984970282112,-0.16012815380508713,-0.0916698497028211,-0.13018891098082386,-0.13018891098082386,-0.13018891098082386,-0.09166984970282112,-0.1856953381770519,-0.13018891098082389,-0.16012815380508713,-0.0916698497028211,-0.0916698497028211,-0.13018891098082386,-0.13018891098082386,-0.09166984970282112,-0.09166984970282112,-0.0916698497028211,-0.16012815380508713,-0.09166984970282112,-0.09166984970282112,-0.09166984970282112,-0.09166984970282112,-0.09166984970282112,-0.13018891098082386,-0.0916698497028211,-0.09166984970282112,-0.09166984970282112,-0.0916698497028211,-0.16012815380508713,-0.13018891098082386,-0.13018891098082386,-0.0916698497028211,-0.09166984970282112,-0.09166984970282112,-0.0916698497028211,10.908712114635712,-0.0916698497028211,-0.09166984970282112,-0.0916698497028211,-0.0916698497028211,-0.09166984970282112,-0.1856953381770519,-0.13018891098082386,-0.13018891098082386,-0.09166984970282112,-0.0916698497028211,-0.09166984970282112,-0.0916698497028211,-0.26726124191242434,-0.16012815380508716,-0.24889134708717228,-0.09166984970282112,-0.0916698497028211,-0.16012815380508713,-0.16012815380508713,-0.39223227027636803,-0.36342189215581555,-0.13018891098082386,-0.2847473987257497,-0.09166984970282112,-0.13018891098082386,10.908712114635712,-0.13018891098082386,-0.16012815380508713,-0.13018891098082386,-0.22941573387056183,-0.16012815380508713,-0.3176750402418492,-0.09166984970282112,-0.0916698497028211,-0.0916698497028211,-0.13018891098082386,-0.30151134457776363,-0.09166984970282112,-0.09166984970282112,-0.09166984970282112,-0.09166984970282112,-0.13018891098082386,1.0871146130092182,-0.24889134708717225,-0.7204077607661872,10.908712114635712,-0.24889134708717228,-0.13018891098082386,-0.09166984970282112,-0.09166984970282112,-0.09166984970282112,-0.2294157338705618,-0.18569533817705186,-0.22941573387056183,-0.0916698497028211,-0.1856953381770519,-0.16012815380508713,-0.09166984970282112,-0.09166984970282112,-0.0916698497028211,-0.24889134708717228,-0.0916698497028211,-0.30151134457776363,-0.4062616689884986,-0.0916698497028211,-0.09166984970282112,-0.16012815380508716,-0.09166984970282112,-0.3333333333333333,-0.16012815380508716,-0.4062616689884986,-0.0916698497028211,-0.09166984970282112,-0.16012815380508716
-1.3416407864998738,-0.1541441773357166,-0.5124458801922595,-1.1243446728633644,-1.4626595941481475,-0.4605661864718382,-0.30151134457776363,-0.0916698497028211,-0.4605661864718383,-0.5388159060803247,-0.9308953219570371,-0.22941573387056183,-0.18569533817705192,-0.13018891098082386,-0.18569533817705192,-0.2847473987257497,-0.0007674438878157014,-0.16012815380508713,-0.09166984970282112,-0.09166984970282112,-0.13018891098082386,-0.18569533817705192,-0.07825005579908746,-0.0916698497028211,-0.16012815380508713,-0.0916698497028211,-0.0916698497028211,-0.4900846049287285,1.8706866430540479,-0.6779350180650326,-0.09166984970282112,-0.09166984970282112,-0.09166984970282112,-0.09166984970282112,-0.13018891098082386,-0.09166984970282112,-0.13018891098082386,-0.13018891098082386,-0.0916698497028211,-0.0916698497028211,-0.13018891098082386,-0.0916698497028211,-0.09166984970282112,-0.09166984970282112,-0.0916698497028211,-0.13018891098082386,-0.09166984970282112,-0.0916698497028211,-0.09166984970282112,-0.13018891098082386,-0.1856953381770519,10.908712114635712,-0.09166984970282112,-0.09166984970282112,-0.13018891098082386,-0.09166984970282112,-0.09166984970282112,-0.09166984970282112,-0.18569533817705192,-0.09166984970282112,-0.0916698497028211,-0.0916698497028211,-0.09166984970282112,-0.09166984970282112,-0.16012815380508713,-0.0916698497028211,-0.13018891098082386,-0.13018891098082386,-0.13018891098082386,-0.09166984970282112,-0.1856953381770519,-0.13018891098082389,-0.16012815380508713,-0.0916698497028211,-0.0916698497028211,-0.13018891098082386,-0.13018891098082386,-0.09166984970282112,-0.09166984970282112,-0.0916698497028211,-0.16012815380508713,-0.09166984970282112,-0.09166984970282112,-0.09166984970282112,-0.09166984970282112,-0.09166984970282112,-0.13018891098082386,-0.0916698497028211,-0.09166984970282112,-0.09166984970282112,-0.0916698497028211,-0.16012815380508713,-0.13018891098082386,-0.13018891098082386,-0.0916698497028211,-0.09166984970282112,-0.09166984970282112,-0.0916698497028211,-0.0916698497028211,-0.0916698497028211,-0.09166984970282112,-0.0916698497028211,-0.0916698497028211,-0.09166984970282112,-0.1856953381770519,-0.13018891098082386,-0.13018891098082386,-0.09166984970282112,-0.0916698497028211,-0.09166984970282112,-0.0916698497028211,-0.26726124191242434,-0.16012815380508716,4.0178174601214955,-0.09166984970282112,-0.0916698497028211,-0.16012815380508713,-0.16012815380508713,-0.39223227027636803,-0.36342189215581555,-0.13018891098082386,-0.2847473987257497,-0.09166984970282112,-0.13018891098082386,-0.0916698497028211,-0.13018891098082386,-0.16012815380508713,-0.13018891098082386,-0.22941573387056183,-0.16012815380508713,-0.3176750402418492,-0.09166984970282112,-0.0916698497028211,-0.0916698497028211,-0.13018891098082386,-0.30151134457776363,-0.09166984970282112,-0.09166984970282112,-0.09166984970282112,-0.09166984970282112,-0.13018891098082386,-0.9198662110077998,-0.24889134708717225,1.3881027585494827,-0.0916698497028211,-0.24889134708717228,-0.13018891098082386,-0.09166984970282112,-0.09166984970282112,-0.09166984970282112,-0.2294157338705618,-0.18569533817705186,-0.22941573387056183,-0.0916698497028211,-0.1856953381770519,-0.16012815380508713,-0.09166984970282112,-0.09166984970282112,-0.0916698497028211,-0.24889134708717228,-0.0916698497028211,3.3166247903554,-0.4062616689884986,-0.0916698497028211,-0.09166984970282112,-0.16012815380508716,-0.09166984970282112,-0.3333333333333333,-0.16012815380508716,-0.4062616689884986,-0.0916698497028211,-0.09166984970282112,-0.16012815380508716
-1.3416407864998738,-0.1541441773357166,-0.5124458801922595,0.8894069800262434,-0.6657901745174948,-0.4605661864718382,-0.30151134457776363,-0.0916698497028211,2.1712405933672376,-0.5388159060803247,-2.0707671447615734,-0.22941573387056183,-0.18569533817705192,-0.13018891098082386,-0.18569533817705192,-0.2847473987257497,-0.0007674438878157014,-0.16012815380508713,-0.09166984970282112,-0.09166984970282112,-0.13018891098082386,-0.18569533817705192,-0.07825005579908746,-0.0916698497028211,-0.16012815380508713,-0.0916698497028211,-0.0916698497028211,-1.241364019740276,-0.5382554080010332,-0.5620253130956003,-0.09166984970282112,-0.09166984970282112,-0.09166984970282112,-0.09166984970282112,-0.13018891098082386,-0.09166984970282112,-0.13018891098082386,-0.13018891098082386,-0.0916698497028211,-0.0916698497028211,-0.13018891098082386,-0.0916698497028211,-0.09166984970282112,-0.09166984970282112,-0.0916698497028211,-0.13018891098082386,-0.09166984970282112,-0.0916698497028211,-0.09166984970282112,-0.13018891098082386,-0.1856953381770519,-0.0916698497028211,-0.09166984970282112,-0.09166984970282112,-0.13018891098082386,-0.09166984970282112,-0.09166984970282112,-0.09166984970282112,-0.18569533817705192,-0.09166984970282112,-0.0916698497028211,-0.0916698497028211,-0.09166984970282112,-0.09166984970282112,-0.16012815380508713,-0.0916698497028211,-0.13018891098082386,-0.13018891098082386,-0.13018891098082386,-0.09166984970282112,-0.1856953381770519,-0.13018891098082389,-0.16012815380508713,-0.0916698497028211,-0.0916698497028211,-0.13018891098082386,-0.13018891098082386,-0.09166984970282112,-0.09166984970282112,-0.0916698497028211,-0.16012815380508713,-0.09166984970282112,-0.09166984970282112,-0.09166984970282112,-0.09166984970282112,-0.09166984970282112,-0.13018891098082386,10.908712114635712,-0.09166984970282112,-0.09166984970282112,-0.0916698497028211,-0.16012815380508713,-0.13018891098082386,-0.13018891098082386,-0.0916698497028211,-0.09166984970282112,-0.09166984970282112,-0.0916698497028211,-0.0916698497028211,-0.0916698497028211,-0.09166984970282112,-0.0916698497028211,-0.0916698497028211,-0.09166984970282112,-0.1856953381770519,-0.13018891098082386,-0.13018891098082386,-0.09166984970282112,-0.0916698497028211,-0.09166984970282112,-0.0916698497028211,-0.26726124191242434,-0.16012815380508716,-0.24889134708717228,-0.09166984970282112,-0.0916698497028211,-0.16012815380508713,-0.16012815380508713,-0.39223227027636803,-0.36342189215581555,-0.13018891098082386,-0.2847473987257497,-0.09166984970282112,-0.13018891098082386,-0.0916698497028211,-0.13018891098082386,-0.16012815380508713,-0.13018891098082386,-0.22941573387056183,-0.16012815380508713,3.147870853305597,-0.09166984970282112,-0.0916698497028211,-0.0916698497028211,-0.13018891098082386,-0.30151134457776363,-0.09166984970282112,-0.09166984970282112,-0.09166984970282112,-0.09166984970282112,-0.13018891098082386,1.0871146130092182,-0.24889134708717225,-0.7204077607661872,-0.0916698497028211,-0.24889134708717228,-0.13018891098082386,-0.09166984970282112,-0.09166984970282112,-0.09166984970282112,-0.2294157338705618,-0.18569533817705186,-0.22941573387056183,-0.0916698497028211,-0.1856953381770519,-0.16012815380508713,-0.09166984970282112,-0.09166984970282112,-0.0916698497028211,-0.24889134708717228,-0.0916698497028211,-0.30151134457776363,-0.4062616689884986,-0.0916698497028211,-0.09166984970282112,-0.16012815380508716,-0.09166984970282112,-0.3333333333333333,-0.16012815380508716,-0.4062616689884986,-0.0916698497028211,-0.09166984970282112,-0.16012815380508716
-1.3416407864998738,0.08300071087307803,-0.5162765352488266,-1.1243446728633644,-0.4232646989777334,-0.4605661864718382,-0.30151134457776363,-0.0916698497028211,-0.4605661864718383,-0.5388159060803247,-0.44237882646937693,-0.22941573387056183,-0.18569533817705192,-0.13018891098082386,-0.18569533817705192,-0.2847473987257497,-0.0007674438878157014,-0.16012815380508713,-0.09166984970282112,-0.09166984970282112,-0.13018891098082386,-0.18569533817705192,-0.07825005579908746,-0.0916698497028211,-0.16012815380508713,-0.0916698497028211,-0.0916698497028211,0.05083657373558479,-1.0328923041076006,-0.32592595564048266,-0.09166984970282112,-0.09166984970282112,-0.09166984970282112,-0.09166984970282112,-0.13018891098082386,-0.09166984970282112,-0.13018891098082386,-0.13018891098082386,-0.0916698497028211,-0.0916698497028211,-0.13018891098082386,-0.0916698497028211,-0.09166984970282112,-0.09166984970282112,-0.0916698497028211,-0.13018891098082386,-0.09166984970282112,-0.0916698497028211,-0.09166984970282112,-0.13018891098082386,-0.1856953381770519,-0.0916698497028211,-0.09166984970282112,-0.09166984970282112,-0.13018891098082386,-0.09166984970282112,-0.09166984970282112,-0.09166984970282112,-0.18569533817705192,-0.09166984970282112,-0.0916698497028211,-0.0916698497028211,-0.09166984970282112,-0.09166984970282112,-0.16012815380508713,-0.0916698497028211,-0.13018891098082386,-0.13018891098082386,-0.13018891098082386,-0.09166984970282112,-0.1856953381770519,-0.13018891098082389,-0.16012815380508713,-0.0916698497028211,-0.0916698497028211,-0.13018891098082386,-0.13018891098082386,-0.09166984970282112,-0.09166984970282112,-0.0916698497028211,-0.16012815380508713,-0.09166984970282112,-0.09166984970282112,-0.09166984970282112,-0.09166984970282112,-0.09166984970282112,-0.13018891098082386,-0.0916698497028211,-0.09166984970282112,-0.09166984970282112,-0.0916698497028211,-0.16012815380508713,-0.13018891098082386,-0.13018891098082386,-0.0916698497028211,-0.09166984970282112,-0.09166984970282112,-0.0916698497028211,-0.0916698497028211,-0.0916698497028211,-0.09166984970282112,-0.0916698497028211,-0.0916698497028211,-0.09166984970282112,-0.1856953381770519,7.681145747868607,-0.13018891098082386,-0.09166984970282112,-0.0916698497028211,-0.09166984970282112,-0.0916698497028211,-0.26726124191242434,-0.16012815380508716,-0.24889134708717228,-0.09166984970282112,-0.0916698497028211,-0.16012815380508713,-0.16012815380508713,-0.39223227027636803,-0.36342189215581555,-0.13018891098082386,-0.2847473987257497,-0.09166984970282112,-0.13018891098082386,-0.0916698497028211,-0.13018891098082386,6.244997998398398,-0.13018891098082386,-0.22941573387056183,-0.16012815380508713,-0.3176750402418492,-0.09166984970282112,-0.0916698497028211,-0.0916698497028211,-0.13018891098082386,-0.30151134457776363,-0.09166984970282112,-0.09166984970282112,-0.09166984970282112,-0.09166984970282112,-0.13018891098082386,-0.9198662110077998,-0.24889134708717225,-0.7204077607661872,-0.0916698497028211,-0.24889134708717228,-0.13018891098082386,-0.09166984970282112,-0.09166984970282112,-0.09166984970282112,-0.2294157338705618,-0.18569533817705186,-0.22941573387056183,-0.0916698497028211,-0.1856953381770519,-0.16012815380508713,-0.09166984970282112,-0.09166984970282112,-0.0916698497028211,-0.24889134708717228,-0.0916698497028211,3.3166247903554,-0.4062616689884986,-0.0916698497028211,-0.09166984970282112,-0.16012815380508716,-0.09166984970282112,-0.3333333333333333,-0.16012815380508716,-0.4062616689884986,-0.0916698497028211,-0.09166984970282112,-0.16012815380508716
-1.3416407864998738,0.20157315497747536,-0.5162765352488266,0.8894069800262434,-0.14609272693228922,-0.4605661864718382,-0.30151134457776363,-0.0916698497028211,-0.4605661864718383,1.8559214542766738,-0.8657597892253477,-0.22941573387056183,-0.18569533817705192,-0.13018891098082386,-0.18569533817705192,-0.2847473987257497,-0.0007674438878157014,-0.16012815380508713,-0.09166984970282112,-0.09166984970282112,-0.13018891098082386,-0.18569533817705192,-0.07825005579908746,-0.0916698497028211,-0.16012815380508713,-0.0916698497028211,-0.0916698497028211,-0.5501869581136537,-0.9759535383059709,-0.5336883243367002,-0.09166984970282112,-0.09166984970282112,-0.09166984970282112,-0.09166984970282112,-0.13018891098082386,-0.09166984970282112,-0.13018891098082386,-0.13018891098082386,10.908712114635712,-0.0916698497028211,-0.13018891098082386,-0.0916698497028211,-0.09166984970282112,-0.09166984970282112,-0.0916698497028211,-0.13018891098082386,-0.09166984970282112,-0.0916698497028211,-0.09166984970282112,-0.13018891098082386,-0.1856953381770519,-0.0916698497028211,-0.09166984970282112,-0.09166984970282112,-0.13018891098082386,-0.09166984970282112,-0.09166984970282112,-0.09166984970282112,-0.18569533817705192,-0.09166984970282112,-0.0916698497028211,-0.0916698497028211,-0.09166984970282112,-0.09166984970282112,-0.16012815380508713,-0.0916698497028211,-0.13018891098082386,-0.13018891098082386,-0.13018891098082386,-0.09166984970282112,-0.1856953381770519,-0.13018891098082389,-0.16012815380508713,-0.0916698497028211,-0.0916698497028211,-0.13018891098082386,-0.13018891098082386,-0.09166984970282112,-0.09166984970282112,-0.0916698497028211,-0.16012815380508713,-0.09166984970282112,-0.09166984970282112,-0.09166984970282112,-0.09166984970282112,-0.09166984970282112,-0.13018891098082386,-0.0916698497028211,-0.09166984970282112,-0.09166984970282112,-0.0916698497028211,-0.16012815380508713,-0.13018891098082386,-0.13018891098082386,-0.0916698497028211,-0.09166984970282112,-0.09166984970282112,-0.0916698497028211,-0.0916698497028211,-0.0916698497028211,-0.09166984970282112,-0.0916698497028211,-0.0916698497028211,-0.09166984970282112,-0.1856953381770519,-0.13018891098082386,-0.13018891098082386,-0.09166984970282112,-0.0916698497028211,-0.09166984970282112,-0.0916698497028211,-0.26726124191242434,-0.16012815380508716,4.0178174601214955,-0.09166984970282112,-0.0916698497028211,-0.16012815380508713,-0.16012815380508713,-0.39223227027636803,-0.36342189215581555,-0.13018891098082386,-0.2847473987257497,-0.09166984970282112,-0.13018891098082386,-0.0916698497028211,-0.13018891098082386,-0.16012815380508713,-0.13018891098082386,-0.22941573387056183,-0.16012815380508713,-0.3176750402418492,-0.09166984970282112,-0.0916698497028211,-0.0916698497028211,-0.13018891098082386,-0.30151134457776363,-0.09166984970282112,-0.09166984970282112,-0.09166984970282112,-0.09166984970282112,-0.13018891098082386,-0.9198662110077998,-0.24889134708717225,1.3881027585494827,-0.0916698497028211,-0.24889134708717228,-0.13018891098082386,-0.09166984970282112,-0.09166984970282112,-0.09166984970282112,-0.2294157338705618,-0.18569533817705186,-0.22941573387056183,-0.0916698497028211,-0.1856953381770519,-0.16012815380508713,-0.09166984970282112,-0.09166984970282112,-0.0916698497028211,-0.24889134708717228,-0.0916698497028211,-0.30151134457776363,-0.4062616689884986,-0.0916698497028211,-0.09166984970282112,-0.16012815380508716,-0.09166984970282112,-0.3333333333333333,-0.16012815380508716,2.4614677591656093,-0.0916698497028211,-0.09166984970282112,-0.16012815380508716
-1.3416407864998738,0.20157315497747536,-0.5162765352488266,-1.1243446728633644,-0.04215323741524688,-0.4605661864718382,-0.30151134457776363,-0.0916698497028211,-0.4605661864718383,-0.5388159060803247,-1.224005219249632,-0.22941573387056183,-0.18569533817705192,-0.13018891098082386,-0.18569533817705192,-0.2847473987257497,-0.0007674438878157014,-0.16012815380508713,-0.09166984970282112,-0.09166984970282112,-0.13018891098082386,-0.18569533817705192,-0.07825005579908746,-0.0916698497028211,-0.16012815380508713,-0.0916698497028211,-0.0916698497028211,-1.27141519633274,-1.042953473457365,-0.6760679285632285,-0.09166984970282112,-0.09166984970282112,-0.09166984970282112,-0.09166984970282112,-0.13018891098082386,-0.09166984970282112,-0.13018891098082386,-0.13018891098082386,-0.0916698497028211,-0.0916698497028211,-0.13018891098082386,-0.0916698497028211,-0.09166984970282112,-0.09166984970282112,-0.0916698497028211,-0.13018891098082386,-0.09166984970282112,-0.0916698497028211,-0.09166984970282112,-0.13018891098082386,-0.1856953381770519,-0.0916698497028211,-0.09166984970282112,-0.09166984970282112,-0.13018891098082386,-0.09166984970282112,-0.09166984970282112,-0.09166984970282112,-0.18569533817705192,-0.09166984970282112,-0.0916698497028211,-0.0916698497028211,-0.09166984970282112,-0.09166984970282112,-0.16012815380508713,-0.0916698497028211,-0.13018891098082386,-0.13018891098082386,-0.13018891098082386,-0.09166984970282112,-0.1856953381770519,-0.13018891098082389,-0.16012815380508713,-0.0916698497028211,10.908712114635712,-0.13018891098082386,-0.13018891098082386,-0.09166984970282112,-0.09166984970282112,-0.0916698497028211,-0.16012815380508713,-0.09166984970282112,-0.09166984970282112,-0.09166984970282112,-0.09166984970282112,-0.09166984970282112,-0.13018891098082386,-0.0916698497028211,-0.09166984970282112,-0.09166984970282112,-0.0916698497028211,-0.16012815380508713,-0.13018891098082386,-0.13018891098082386,-0.0916698497028211,-0.09166984970282112,-0.09166984970282112,-0.0916698497028211,-0.0916698497028211,-0.0916698497028211,-0.09166984970282112,-0.0916698497028211,-0.0916698497028211,-0.09166984970282112,-0.1856953381770519,-0.13018891098082386,-0.13018891098082386,-0.09166984970282112,-0.0916698497028211,-0.09166984970282112,-0.0916698497028211,-0.26726124191242434,-0.16012815380508716,-0.24889134708717228,-0.09166984970282112,10.908712114635712,-0.16012815380508713,-0.16012815380508713,-0.39223227027636803,-0.36342189215581555,-0.13018891098082386,-0.2847473987257497,-0.09166984970282112,-0.13018891098082386,-0.0916698497028211,-0.13018891098082386,-0.16012815380508713,-0.13018891098082386,-0.22941573387056183,-0.16012815380508713,-0.3176750402418492,-0.09166984970282112,-0.0916698497028211,-0.0916698497028211,-0.13018891098082386,-0.30151134457776363,-0.09166984970282112,-0.09166984970282112,-0.09166984970282112,-0.09166984970282112,-0.13018891098082386,-0.9198662110077998,-0.24889134708717225,1.3881027585494827,-0.0916698497028211,-0.24889134708717228,-0.13018891098082386,-0.09166984970282112,-0.09166984970282112,-0.09166984970282112,-0.2294157338705618,-0.18569533817705186,-0.22941573387056183,-0.0916698497028211,-0.1856953381770519,-0.16012815380508713,-0.09166984970282112,-0.09166984970282112,-0.0916698497028211,-0.24889134708717228,-0.0916698497028211,3.3166247903554,-0.4062616689884986,-0.0916698497028211,-0.09166984970282112,-0.16012815380508716,-0.09166984970282112,-0.3333333333333333,-0.16012815380508716,-0.4062616689884986,-0.0916698497028211,-0.09166984970282112,-0.16012815380508716
-1.3416407864998738,0.20157315497747536,-0.5162765352488266,-1.1243446728633644,-0.5272041884947727,-0.4605661864718382,-0.30151134457776363,-0.0916698497028211,-0.4605661864718383,-0.5388159060803247,-1.4194118174446944,-0.22941573387056183,-0.18569533817705192,-0.13018891098082386,-0.18569533817705192,-0.2847473987257497,-0.0007674438878157014,-0.16012815380508713,-0.09166984970282112,-0.09166984970282112,-0.13018891098082386,-0.18569533817705192,-0.07825005579908746,-0.0916698497028211,-0.16012815380508713,-0.0916698497028211,-0.0916698497028211,0.05083657373558479,-1.0829000421349484,-0.27289818702791163,-0.09166984970282112,-0.09166984970282112,-0.09166984970282112,-0.09166984970282112,-0.13018891098082386,-0.09166984970282112,-0.13018891098082386,-0.13018891098082386,-0.0916698497028211,-0.0916698497028211,-0.13018891098082386,-0.0916698497028211,-0.09166984970282112,-0.09166984970282112,-0.0916698497028211,-0.13018891098082386,-0.09166984970282112,10.908712114635712,-0.09166984970282112,-0.13018891098082386,-0.1856953381770519,-0.0916698497028211,-0.09166984970282112,-0.09166984970282112,-0.13018891098082386,-0.09166984970282112,-0.09166984970282112,-0.09166984970282112,-0.18569533817705192,-0.09166984970282112,-0.0916698497028211,-0.0916698497028211,-0.09166984970282112,-0.09166984970282112,-0.16012815380508713,-0.0916698497028211,-0.13018891098082386,-0.13018891098082386,-0.13018891098082386,-0.09166984970282112,-0.1856953381770519,-0.13018891098082389,-0.16012815380508713,-0.0916698497028211,-0.0916698497028211,-0.13018891098082386,-0.13018891098082386,-0.09166984970282112,-0.09166984970282112,-0.0916698497028211,-0.16012815380508713,-0.09166984970282112,-0.09166984970282112,-0.09166984970282112,-0.09166984970282112,-0.09166984970282112,-0.13018891098082386,-0.0916698497028211,-0.09166984970282112,-0.09166984970282112,-0.0916698497028211,-0.16012815380508713,-0.13018891098082386,-0.13018891098082386,-0.0916698497028211,-0.09166984970282112,-0.09166984970282112,-0.0916698497028211,-0.0916698497028211,-0.0916698497028211,-0.09166984970282112,-0.0916698497028211,-0.0916698497028211,-0.09166984970282112,-0.1856953381770519,-0.13018891098082386,-0.13018891098082386,-0.09166984970282112,-0.0916698497028211,-0.09166984970282112,-0.0916698497028211,-0.26726124191242434,-0.16012815380508716,-0.24889134708717228,-0.09166984970282112,-0.0916698497028211,-0.16012815380508713,-0.16012815380508713,-0.39223227027636803,-0.36342189215581555,-0.13018891098082386,-0.2847473987257497,-0.09166984970282112,-0.13018891098082386,-0.0916698497028211,-0.13018891098082386,-0.16012815380508713,-0.13018891098082386,-0.22941573387056183,-0.16012815380508713,-0.3176750402418492,-0.09166984970282112,-0.0916698497028211,10.908712114635712,-0.13018891098082386,-0.30151134457776363,-0.09166984970282112,-0.09166984970282112,-0.09166984970282112,-0.09166984970282112,-0.13018891098082386,1.0871146130092182,-0.24889134708717225,-0.7204077607661872,-0.0916698497028211,-0.24889134708717228,-0.13018891098082386,-0.09166984970282112,-0.09166984970282112,-0.09166984970282112,-0.2294157338705618,-0.18569533817705186,-0.22941573387056183,-0.0916698497028211,-0.1856953381770519,-0.16012815380508713,-0.09166984970282112,-0.09166984970282112,-0.0916698497028211,-0.24889134708717228,10.908712114635712,-0.30151134457776363,-0.4062616689884986,-0.0916698497028211,-0.09166984970282112,-0.16012815380508716,-0.09166984970282112,-0.3333333333333333,-0.16012815380508716,-0.4062616689884986,-0.0916698497028211,-0.09166984970282112,-0.16012815380508716
-1.3416407864998738,0.5572904872906673,-0.5201071903053937,-1.1243446728633644,-0.4925576919890929,-0.4605661864718382,-0.30151134457776363,-0.0916698497028211,-0.4605661864718383,-0.5388159060803247,0.6649252299693164,-0.22941573387056183,-0.18569533817705192,-0.13018891098082386,-0.18569533817705192,-0.2847473987257497,-0.0007674438878157014,-0.16012815380508713,-0.09166984970282112,-0.09166984970282112,-0.13018891098082386,-0.18569533817705192,-0.07825005579908746,-0.0916698497028211,-0.16012815380508713,-0.0916698497028211,-0.0916698497028211,0.05083657373558479,1.3787327254407513,4.305991946528374,-0.09166984970282112,-0.09166984970282112,-0.09166984970282112,-0.09166984970282112,-0.13018891098082386,-0.09166984970282112,-0.13018891098082386,-0.13018891098082386,-0.0916698497028211,-0.0916698497028211,-0.13018891098082386,10.908712114635712,-0.09166984970282112,-0.09166984970282112,-0.0916698497028211,-0.13018891098082386,-0.09166984970282112,-0.0916698497028211,-0.09166984970282112,-0.13018891098082386,-0.1856953381770519,-0.0916698497028211,-0.09166984970282112,-0.09166984970282112,-0.13018891098082386,-0.09166984970282112,-0.09166984970282112,-0.09166984970282112,-0.18569533817705192,-0.09166984970282112,-0.0916698497028211,-0.0916698497028211,-0.09166984970282112,-0.09166984970282112,-0.16012815380508713,-0.0916698497028211,-0.13018891098082386,-0.13018891098082386,-0.13018891098082386,-0.09166984970282112,-0.1856953381770519,-0.13018891098082389,-0.16012815380508713,-0.0916698497028211,-0.0916698497028211,-0.13018891098082386,-0.13018891098082386,-0.09166984970282112,-0.09166984970282112,-0.0916698497028211,-0.16012815380508713,-0.09166984970282112,-0.09166984970282112,-0.09166984970282112,-0.09166984970282112,-0.09166984970282112,-0.13018891098082386,-0.0916698497028211,-0.09166984970282112,-0.09166984970282112,-0.0916698497028211,-0.16012815380508713,-0.13018891098082386,-0.13018891098082386,-0.0916698497028211,-0.09166984970282112,-0.09166984970282112,-0.0916698497028211,-0.0916698497028211,-0.0916698497028211,-0.09166984970282112,-0.0916698497028211,-0.0916698497028211,-0.09166984970282112,-0.1856953381770519,-0.13018891098082386,-0.13018891098082386,-0.09166984970282112,-0.0916698497028211,-0.09166984970282112,-0.0916698497028211,-0.26726124191242434,-0.16012815380508716,-0.24889134708717228,-0.09166984970282112,-0.0916698497028211,-0.16012815380508713,-0.16012815380508713,-0.39223227027636803,-0.36342189215581555,-0.13018891098082386,-0.2847473987257497,-0.09166984970282112,-0.13018891098082386,-0.0916698497028211,-0.13018891098082386,-0.16012815380508713,-0.13018891098082386,-0.22941573387056183,-0.16012815380508713,3.147870853305597,-0.09166984970282112,-0.0916698497028211,-0.0916698497028211,-0.13018891098082386,-0.30151134457776363,-0.09166984970282112,-0.09166984970282112,-0.09166984970282112,-0.09166984970282112,-0.13018891098082386,1.0871146130092182,-0.24889134708717225,-0.7204077607661872,-0.0916698497028211,-0.24889134708717228,-0.13018891098082386,-0.09166984970282112,-0.09166984970282112,-0.09166984970282112,-0.2294157338705618,-0.18569533817705186,-0.22941573387056183,-0.0916698497028211,-0.1856953381770519,-0.16012815380508713,-0.09166984970282112,-0.09166984970282112,-0.0916698497028211,-0.24889134708717228,-0.0916698497028211,-0.30151134457776363,-0.4062616689884986,10.908712114635712,-0.09166984970282112,-0.16012815380508716,-0.09166984970282112,-0.3333333333333333,-0.16012815380508716,-0.4062616689884986,-0.0916698497028211,-0.09166984970282112,-0.16012815380508716
-1.3416407864998738,0.6758629313950646,-0.5201071903053937,-1.1243446728633644,-0.007506740909567126,-0.4605661864718382,-0.30151134457776363,-0.0916698497028211,-0.4605661864718383,-0.5388159060803247,0.04613766901828033,-0.22941573387056183,-0.18569533817705192,-0.13018891098082386,-0.18569533817705192,-0.2847473987257497,-0.0007674438878157014,-0.16012815380508713,-0.09166984970282112,-0.09166984970282112,-0.13018891098082386,-0.18569533817705192,-0.07825005579908746,-0.0916698497028211,-0.16012815380508713,-0.0916698497028211,-0.0916698497028211,0.4114506928451279,0.30024989832637217,0.05126909762257909,-0.09166984970282112,-0.09166984970282112,-0.09166984970282112,-0.09166984970282112,-0.13018891098082386,-0.09166984970282112,-0.13018891098082386,-0.13018891098082386,-0.0916698497028211,-0.0916698497028211,-0.13018891098082386,-0.0916698497028211,-0.09166984970282112,-0.09166984970282112,-0.0916698497028211,-0.13018891098082386,-0.09166984970282112,-0.0916698497028211,-0.09166984970282112,-0.13018891098082386,-0.1856953381770519,-0.0916698497028211,-0.09166984970282112,-0.09166984970282112,-0.13018891098082386,-0.09166984970282112,-0.09166984970282112,-0.09166984970282112,5.3851648071345055,-0.09166984970282112,-0.0916698497028211,-0.0916698497028211,-0.09166984970282112,-0.09166984970282112,-0.16012815380508713,-0.0916698497028211,-0.13018891098082386,-0.13018891098082386,-0.13018891098082386,-0.09166984970282112,-0.1856953381770519,-0.13018891098082389,-0.16012815380508713,-0.0916698497028211,-0.0916698497028211,-0.13018891098082386,-0.13018891098082386,-0.09166984970282112,-0.09166984970282112,-0.0916698497028211,-0.16012815380508713,-0.09166984970282112,-0.09166984970282112,-0.09166984970282112,-0.09166984970282112,-0.09166984970282112,-0.13018891098082386,-0.0916698497028211,-0.09166984970282112,-0.09166984970282112,-0.0916698497028211,-0.16012815380508713,-0.13018891098082386,-0.13018891098082386,-0.0916698497028211,-0.09166984970282112,-0.09166984970282112,-0.0916698497028211,-0.0916698497028211,-0.0916698497028211,-0.09166984970282112,-0.0916698497028211,-0.0916698497028211,-0.09166984970282112,-0.1856953381770519,-0.13018891098082386,-0.13018891098082386,-0.09166984970282112,-0.0916698497028211,-0.09166984970282112,-0.0916698497028211,-0.26726124191242434,-0.16012815380508716,-0.24889134708717228,-0.09166984970282112,-0.0916698497028211,-0.16012815380508713,-0.16012815380508713,2.5495097567963922,-0.36342189215581555,-0.13018891098082386,-0.2847473987257497,-0.09166984970282112,-0.13018891098082386,-0.0916698497028211,-0.13018891098082386,-0.16012815380508713,-0.13018891098082386,-0.22941573387056183,-0.16012815380508713,-0.3176750402418492,-0.09166984970282112,-0.0916698497028211,-0.0916698497028211,-0.13018891098082386,-0.30151134457776363,-0.09166984970282112,-0.09166984970282112,-0.09166984970282112,-0.09166984970282112,-0.13018891098082386,1.0871146130092182,-0.24889134708717225,-0.7204077607661872,-0.0916698497028211,-0.24889134708717228,-0.13018891098082386,-0.09166984970282112,-0.09166984970282112,-0.09166984970282112,-0.2294157338705618,-0.18569533817705186,-0.22941573387056183,-0.0916698497028211,-0.1856953381770519,-0.16012815380508713,-0.09166984970282112,-0.09166984970282112,-0.0916698497028211,-0.24889134708717228,-0.0916698497028211,-0.30151134457776363,-0.4062616689884986,-0.0916698497028211,-0.09166984970282112,-0.16012815380508716,-0.09166984970282112,-0.3333333333333333,-0.16012815380508716,-0.4062616689884986,-0.0916698497028211,-0.09166984970282112,6.244997998398399
-1.3416407864998738,0.794435375499462,-0.5201071903053937,-1.1243446728633644,0.9279486647438078,-0.4605661864718382,-0.30151134457776363,-0.0916698497028211,-0.4605661864718383,-0.5388159060803247,0.33924756631087816,-0.22941573387056183,-0.18569533817705192,-0.13018891098082386,-0.18569533817705192,-0.2847473987257497,-0.0007674438878157014,-0.16012815380508713,-0.09166984970282112,-0.09166984970282112,-0.13018891098082386,-0.18569533817705192,-0.07825005579908746,-0.0916698497028211,-0.16012815380508713,-0.0916698497028211,-0.0916698497028211,0.7420136353622071,-0.8233964000913944,-0.4034238204978599,-0.09166984970282112,-0.09166984970282112,-0.09166984970282112,-0.09166984970282112,-0.13018891098082386,-0.09166984970282112,-0.13018891098082386,-0.13018891098082386,-0.0916698497028211,-0.0916698497028211,-0.13018891098082386,-0.0916698497028211,-0.09166984970282112,-0.09166984970282112,-0.0916698497028211,-0.13018891098082386,-0.09166984970282112,-0.0916698497028211,-0.09166984970282112,-0.13018891098082386,-0.1856953381770519,-0.0916698497028211,-0.09166984970282112,-0.09166984970282112,-0.13018891098082386,-0.09166984970282112,-0.09166984970282112,-0.09166984970282112,-0.18569533817705192,-0.09166984970282112,-0.0916698497028211,-0.0916698497028211,-0.09166984970282112,-0.09166984970282112,-0.16012815380508713,-0.0916698497028211,-0.13018891098082386,-0.13018891098082386,-0.13018891098082386,-0.09166984970282112,-0.1856953381770519,-0.13018891098082389,-0.16012815380508713,-0.0916698497028211,-0.0916698497028211,-0.13018891098082386,-0.13018891098082386,-0.09166984970282112,-0.09166984970282112,-0.0916698497028211,-0.16012815380508713,-0.09166984970282112,-0.09166984970282112,-0.09166984970282112,-0.09166984970282112,-0.09166984970282112,-0.13018891098082386,-0.0916698497028211,-0.09166984970282112,-0.09166984970282112,-0.0916698497028211,-0.16012815380508713,-0.13018891098082386,-0.13018891098082386,-0.0916698497028211,-0.09166984970282112,-0.09166984970282112,-0.0916698497028211,-0.0916698497028211,-0.0916698497028211,-0.09166984970282112,10.908712114635712,-0.0916698497028211,-0.09166984970282112,-0.1856953381770519,-0.13018891098082386,-0.13018891098082386,-0.09166984970282112,-0.0916698497028211,-0.09166984970282112,-0.0916698497028211,-0.26726124191242434,-0.16012815380508716,-0.24889134708717228,-0.09166984970282112,-0.0916698497028211,-0.16012815380508713,-0.16012815380508713,2.5495097567963922,-0.36342189215581555,-0.13018891098082386,-0.2847473987257497,-0.09166984970282112,-0.13018891098082386,-0.0916698497028211,-0.13018891098082386,-0.16012815380508713,-0.13018891098082386,-0.22941573387056183,-0.16012815380508713,-0.3176750402418492,-0.09166984970282112,-0.0916698497028211,-0.0916698497028211,-0.13018891098082386,-0.30151134457776363,-0.09166984970282112,-0.09166984970282112,-0.09166984970282112,-0.09166984970282112,-0.13018891098082386,-0.9198662110077998,-0.24889134708717225,-0.7204077607661872,-0.0916698497028211,-0.24889134708717228,-0.13018891098082386,-0.09166984970282112,-0.09166984970282112,-0.09166984970282112,-0.2294157338705618,-0.18569533817705186,-0.22941573387056183,-0.0916698497028211,-0.1856953381770519,-0.16012815380508713,-0.09166984970282112,-0.09166984970282112,-0.0916698497028211,-0.24889134708717228,-0.0916698497028211,3.3166247903554,-0.4062616689884986,-0.0916698497028211,-0.09166984970282112,-0.16012815380508716,-0.09166984970282112,-0.3333333333333333,-0.16012815380508716,-0.4062616689884986,-0.0916698497028211,-0.09166984970282112,-0.16012815380508716
-1.3416407864998738,0.794435375499462,-0.5201071903053937,0.8894069800262434,-0.2846787129550113,-0.4605661864718382,-0.30151134457776363,-0.0916698497028211,-0.4605661864718383,-0.5388159060803247,-0.7354887237619718,-0.22941573387056183,-0.18569533817705192,-0.13018891098082386,-0.18569533817705192,-0.2847473987257497,-0.0007674438878157014,-0.16012815380508713,-0.09166984970282112,-0.09166984970282112,-0.13018891098082386,-0.18569533817705192,-0.07825005579908746,-0.0916698497028211,-0.16012815380508713,-0.0916698497028211,-0.0916698497028211,0.6518601055848233,0.041044365004292545,-0.3501703125236437,-0.09166984970282112,-0.09166984970282112,-0.09166984970282112,-0.09166984970282112,-0.13018891098082386,-0.09166984970282112,-0.13018891098082386,-0.13018891098082386,-0.0916698497028211,-0.0916698497028211,-0.13018891098082386,-0.0916698497028211,-0.09166984970282112,-0.09166984970282112,-0.0916698497028211,-0.13018891098082386,-0.09166984970282112,-0.0916698497028211,-0.09166984970282112,-0.13018891098082386,-0.1856953381770519,-0.0916698497028211,-0.09166984970282112,-0.09166984970282112,-0.13018891098082386,-0.09166984970282112,-0.09166984970282112,-0.09166984970282112,-0.18569533817705192,-0.09166984970282112,-0.0916698497028211,-0.0916698497028211,-0.09166984970282112,-0.09166984970282112,-0.16012815380508713,-0.0916698497028211,-0.13018891098082386,-0.13018891098082386,-0.13018891098082386,-0.09166984970282112,-0.1856953381770519,-0.13018891098082389,-0.16012815380508713,-0.0916698497028211,-0.0916698497028211,-0.13018891098082386,-0.13018891098082386,-0.09166984970282112,-0.09166984970282112,-0.0916698497028211,-0.16012815380508713,-0.09166984970282112,-0.09166984970282112,-0.09166984970282112,-0.09166984970282112,-0.09166984970282112,7.681145747868607,-0.0916698497028211,-0.09166984970282112,-0.09166984970282112,-0.0916698497028211,-0.16012815380508713,-0.13018891098082386,-0.13018891098082386,-0.0916698497028211,-0.09166984970282112,-0.09166984970282112,-0.0916698497028211,-0.0916698497028211,-0.0916698497028211,-0.09166984970282112,-0.0916698497028211,-0.0916698497028211,-0.09166984970282112,-0.1856953381770519,-0.13018891098082386,-0.13018891098082386,-0.09166984970282112,-0.0916698497028211,-0.09166984970282112,-0.0916698497028211,-0.26726124191242434,-0.16012815380508716,-0.24889134708717228,-0.09166984970282112,-0.0916698497028211,-0.16012815380508713,-0.16012815380508713,2.5495097567963922,-0.36342189215581555,-0.13018891098082386,-0.2847473987257497,-0.09166984970282112,-0.13018891098082386,-0.0916698497028211,-0.13018891098082386,-0.16012815380508713,-0.13018891098082386,-0.22941573387056183,-0.16012815380508713,-0.3176750402418492,-0.09166984970282112,-0.0916698497028211,-0.0916698497028211,-0.13018891098082386,-0.30151134457776363,-0.09166984970282112,-0.09166984970282112,-0.09166984970282112,-0.09166984970282112,-0.13018891098082386,-0.9198662110077998,-0.24889134708717225,1.3881027585494827,-0.0916698497028211,-0.24889134708717228,-0.13018891098082386,-0.09166984970282112,-0.09166984970282112,-0.09166984970282112,-0.2294157338705618,-0.18569533817705186,-0.22941573387056183,-0.0916698497028211,-0.1856953381770519,-0.16012815380508713,-0.09166984970282112,-0.09166984970282112,-0.0916698497028211,-0.24889134708717228,-0.0916698497028211,-0.30151134457776363,2.4614677591656093,-0.0916698497028211,-0.09166984970282112,-0.16012815380508716,-0.09166984970282112,-0.3333333333333333,-0.16012815380508716,-0.4062616689884986,-0.0916698497028211,-0.09166984970282112,-0.16012815380508716
-1.3416407864998738,0.794435375499462,-0.5201071903053937,0.8894069800262434,-0.7697296640345371,-0.4605661864718382,-0.30151134457776363,-0.0916698497028211,-0.4605661864718383,-0.5388159060803247,-1.2565729856154753,-0.22941573387056183,-0.18569533817705192,-0.13018891098082386,-0.18569533817705192,-0.2847473987257497,-0.0007674438878157014,-0.16012815380508713,-0.09166984970282112,-0.09166984970282112,-0.13018891098082386,-0.18569533817705192,-0.07825005579908746,-0.0916698497028211,-0.16012815380508713,-0.0916698497028211,-0.0916698497028211,-0.8506987240382716,-0.14072742791478499,-0.5023651551980531,-0.09166984970282112,-0.09166984970282112,-0.09166984970282112,-0.09166984970282112,-0.13018891098082386,-0.09166984970282112,7.681145747868607,-0.13018891098082386,-0.0916698497028211,-0.0916698497028211,-0.13018891098082386,-0.0916698497028211,-0.09166984970282112,-0.09166984970282112,-0.0916698497028211,-0.13018891098082386,-0.09166984970282112,-0.0916698497028211,-0.09166984970282112,-0.13018891098082386,-0.1856953381770519,-0.0916698497028211,-0.09166984970282112,-0.09166984970282112,-0.13018891098082386,-0.09166984970282112,-0.09166984970282112,-0.09166984970282112,-0.18569533817705192,-0.09166984970282112,-0.0916698497028211,-0.0916698497028211,-0.09166984970282112,-0.09166984970282112,-0.16012815380508713,-0.0916698497028211,-0.13018891098082386,-0.13018891098082386,-0.13018891098082386,-0.09166984970282112,-0.1856953381770519,-0.13018891098082389,-0.16012815380508713,-0.0916698497028211,-0.0916698497028211,-0.13018891098082386,-0.13018891098082386,-0.09166984970282112,-0.09166984970282112,-0.0916698497028211,-0.16012815380508713,-0.09166984970282112,-0.09166984970282112,-0.09166984970282112,-0.09166984970282112,-0.09166984970282112,-0.13018891098082386,-0.0916698497028211,-0.09166984970282112,-0.09166984970282112,-0.0916698497028211,-0.16012815380508713,-0.13018891098082386,-0.13018891098082386,-0.0916698497028211,-0.09166984970282112,-0.09166984970282112,-0.0916698497028211,-0.0916698497028211,-0.0916698497028211,-0.09166984970282112,-0.0916698497028211,-0.0916698497028211,-0.09166984970282112,-0.1856953381770519,-0.13018891098082386,-0.13018891098082386,-0.09166984970282112,-0.0916698497028211,-0.09166984970282112,-0.0916698497028211,-0.26726124191242434,-0.16012815380508716,-0.24889134708717228,-0.09166984970282112,-0.0916698497028211,-0.16012815380508713,-0.16012815380508713,-0.39223227027636803,-0.36342189215581555,-0.13018891098082386,-0.2847473987257497,-0.09166984970282112,-0.13018891098082386,-0.0916698497028211,-0.13018891098082386,-0.16012815380508713,-0.13018891098082386,-0.22941573387056183,-0.16012815380508713,3.147870853305597,-0.09166984970282112,-0.0916698497028211,-0.0916698497028211,-0.13018891098082386,-0.30151134457776363,-0.09166984970282112,-0.09166984970282112,-0.09166984970282112,-0.09166984970282112,-0.13018891098082386,-0.9198662110077998,-0.24889134708717225,1.3881027585494827,-0.0916698497028211,-0.24889134708717228,-0.13018891098082386,-0.09166984970282112,-0.09166984970282112,-0.09166984970282112,-0.2294157338705618,-0.18569533817705186,-0.22941573387056183,-0.0916698497028211,-0.1856953381770519,-0.16012815380508713,-0.09166984970282112,-0.09166984970282112,-0.0916698497028211,-0.24889134708717228,-0.0916698497028211,-0.30151134457776363,2.4614677591656093,-0.0916698497028211,-0.09166984970282112,-0.16012815380508716,-0.09166984970282112,-0.3333333333333333,-0.16012815380508716,-0.4062616689884986,-0.0916698497028211,-0.09166984970282112,-0.16012815380508716
-1.3416407864998738,1.1501527078126539,-0.5201071903053937,0.8894069800262434,-0.18073922343796897,-0.4605661864718382,-0.30151134457776363,-0.0916698497028211,-0.4605661864718383,-0.5388159060803247,0.5020863981400973,-0.22941573387056183,-0.18569533817705192,-0.13018891098082386,-0.18569533817705192,-0.2847473987257497,-0.0007674438878157014,-0.16012815380508713,-0.09166984970282112,-0.09166984970282112,-0.13018891098082386,-0.18569533817705192,-0.07825005579908746,-0.0916698497028211,-0.16012815380508713,-0.0916698497028211,-0.0916698497028211,-0.27972636878149704,-0.9819902399158295,-0.5099902415414621,-0.09166984970282112,-0.09166984970282112,-0.09166984970282112,-0.09166984970282112,-0.13018891098082386,-0.09166984970282112,-0.13018891098082386,-0.13018891098082386,-0.0916698497028211,-0.0916698497028211,-0.13018891098082386,-0.0916698497028211,-0.09166984970282112,-0.09166984970282112,-0.0916698497028211,-0.13018891098082386,-0.09166984970282112,-0.0916698497028211,-0.09166984970282112,-0.13018891098082386,-0.1856953381770519,-0.0916698497028211,-0.09166984970282112,-0.09166984970282112,-0.13018891098082386,-0.09166984970282112,-0.09166984970282112,-0.09166984970282112,-0.18569533817705192,-0.09166984970282112,-0.0916698497028211,10.908712114635712,-0.09166984970282112,-0.09166984970282112,-0.16012815380508713,-0.0916698497028211,-0.13018891098082386,-0.13018891098082386,-0.13018891098082386,-0.09166984970282112,-0.1856953381770519,-0.13018891098082389,-0.16012815380508713,-0.0916698497028211,-0.0916698497028211,-0.13018891098082386,-0.13018891098082386,-0.09166984970282112,-0.09166984970282112,-0.0916698497028211,-0.16012815380508713,-0.09166984970282112,-0.09166984970282112,-0.09166984970282112,-0.09166984970282112,-0.09166984970282112,-0.13018891098082386,-0.0916698497028211,-0.09166984970282112,-0.09166984970282112,-0.0916698497028211,-0.16012815380508713,-0.13018891098082386,-0.13018891098082386,-0.0916698497028211,-0.09166984970282112,-0.09166984970282112,-0.0916698497028211,-0.0916698497028211,-0.0916698497028211,-0.09166984970282112,-0.0916698497028211,-0.0916698497028211,-0.09166984970282112,-0.1856953381770519,-0.13018891098082386,-0.13018891098082386,-0.09166984970282112,-0.0916698497028211,-0.09166984970282112,-0.0916698497028211,-0.26726124191242434,-0.16012815380508716,-0.24889134708717228,-0.09166984970282112,-0.0916698497028211,-0.16012815380508713,-0.16012815380508713,-0.39223227027636803,-0.36342189215581555,-0.13018891098082386,-0.2847473987257497,-0.09166984970282112,-0.13018891098082386,-0.0916698497028211,-0.13018891098082386,-0.16012815380508713,-0.13018891098082386,-0.22941573387056183,-0.16012815380508713,3.147870853305597,-0.09166984970282112,-0.0916698497028211,-0.0916698497028211,-0.13018891098082386,-0.30151134457776363,-0.09166984970282112,-0.09166984970282112,-0.09166984970282112,-0.09166984970282112,-0.13018891098082386,-0.9198662110077998,-0.24889134708717225,-0.7204077607661872,-0.0916698497028211,-0.24889134708717228,-0.13018891098082386,-0.09166984970282112,-0.09166984970282112,-0.09166984970282112,-0.2294157338705618,-0.18569533817705186,-0.22941573387056183,-0.0916698497028211,-0.1856953381770519,-0.16012815380508713,-0.09166984970282112,-0.09166984970282112,-0.0916698497028211,-0.24889134708717228,-0.0916698497028211,-0.30151134457776363,2.4614677591656093,-0.0916698497028211,-0.09166984970282112,-0.16012815380508716,-0.09166984970282112,-0.3333333333333333,-0.16012815380508716,-0.4062616689884986,-0.0916698497028211,-0.09166984970282112,-0.16012815380508716
-1.3416407864998738,1.1501527078126539,-0.5201071903053937,0.8894069800262434,1.4129996158233336,-0.4605661864718382,-0.30151134457776363,-0.0916698497028211,-0.4605661864718383,-0.5388159060803247,1.0557384263594438,-0.22941573387056183,-0.18569533817705192,-0.13018891098082386,-0.18569533817705192,-0.2847473987257497,-0.0007674438878157014,-0.16012815380508713,-0.09166984970282112,-0.09166984970282112,-0.13018891098082386,-0.18569533817705192,-0.07825005579908746,-0.0916698497028211,-0.16012815380508713,-0.0916698497028211,-0.0916698497028211,0.9824230481019025,0.8441492606566008,-0.5707687319540352,-0.09166984970282112,-0.09166984970282112,-0.09166984970282112,-0.09166984970282112,-0.13018891098082386,-0.09166984970282112,-0.13018891098082386,-0.13018891098082386,-0.0916698497028211,-0.0916698497028211,-0.13018891098082386,-0.0916698497028211,-0.09166984970282112,-0.09166984970282112,-0.0916698497028211,-0.13018891098082386,-0.09166984970282112,-0.0916698497028211,-0.09166984970282112,-0.13018891098082386,-0.1856953381770519,-0.0916698497028211,-0.09166984970282112,-0.09166984970282112,-0.13018891098082386,-0.09166984970282112,-0.09166984970282112,-0.09166984970282112,-0.18569533817705192,-0.09166984970282112,10.908712114635712,-0.0916698497028211,-0.09166984970282112,-0.09166984970282112,-0.16012815380508713,-0.0916698497028211,-0.13018891098082386,-0.13018891098082386,-0.13018891098082386,-0.09166984970282112,-0.1856953381770519,-0.13018891098082389,-0.16012815380508713,-0.0916698497028211,-0.0916698497028211,-0.13018891098082386,-0.13018891098082386,-0.09166984970282112,-0.09166984970282112,-0.0916698497028211,-0.16012815380508713,-0.09166984970282112,-0.09166984970282112,-0.09166984970282112,-0.09166984970282112,-0.09166984970282112,-0.13018891098082386,-0.0916698497028211,-0.09166984970282112,-0.09166984970282112,-0.0916698497028211,-0.16012815380508713,-0.13018891098082386,-0.13018891098082386,-0.0916698497028211,-0.09166984970282112,-0.09166984970282112,-0.0916698497028211,-0.0916698497028211,-0.0916698497028211,-0.09166984970282112,-0.0916698497028211,-0.0916698497028211,-0.09166984970282112,-0.1856953381770519,-0.13018891098082386,-0.13018891098082386,-0.09166984970282112,-0.0916698497028211,-0.09166984970282112,-0.0916698497028211,-0.26726124191242434,-0.16012815380508716,-0.24889134708717228,-0.09166984970282112,-0.0916698497028211,-0.16012815380508713,-0.16012815380508713,-0.39223227027636803,-0.36342189215581555,-0.13018891098082386,3.5118845842842465,-0.09166984970282112,-0.13018891098082386,-0.0916698497028211,-0.13018891098082386,-0.16012815380508713,-0.13018891098082386,-0.22941573387056183,-0.16012815380508713,-0.3176750402418492,-0.09166984970282112,-0.0916698497028211,-0.0916698497028211,-0.13018891098082386,-0.30151134457776363,-0.09166984970282112,-0.09166984970282112,-0.09166984970282112,-0.09166984970282112,-0.13018891098082386,-0.9198662110077998,-0.24889134708717225,1.3881027585494827,-0.0916698497028211,-0.24889134708717228,-0.13018891098082386,-0.09166984970282112,-0.09166984970282112,-0.09166984970282112,-0.2294157338705618,-0.18569533817705186,4.358898943540674,-0.0916698497028211,-0.1856953381770519,-0.16012815380508713,-0.09166984970282112,-0.09166984970282112,-0.0916698497028211,-0.24889134708717228,-0.0916698497028211,-0.30151134457776363,-0.4062616689884986,-0.0916698497028211,-0.09166984970282112,-0.16012815380508716,-0.09166984970282112,-0.3333333333333333,-0.16012815380508716,-0.4062616689884986,-0.0916698497028211,-0.09166984970282112,-0.16012815380508716
-1.3416407864998738,1.1501527078126539,-0.5201071903053937,0.8894069800262434,-0.8043761605402169,-0.4605661864718382,-0.30151134457776363,10.908712114635712,-0.4605661864718383,-0.5388159060803247,-1.6473861820056028,-0.22941573387056183,-0.18569533817705192,-0.13018891098082386,-0.18569533817705192,-0.2847473987257497,-0.0007674438878157014,-0.16012815380508713,-0.09166984970282112,-0.09166984970282112,-0.13018891098082386,-0.18569533817705192,-0.07825005579908746,-0.0916698497028211,-0.16012815380508713,-0.0916698497028211,-0.0916698497028211,-1.4216710792950489,-0.10152613104088792,-0.5842200678015846,-0.09166984970282112,-0.09166984970282112,-0.09166984970282112,-0.09166984970282112,-0.13018891098082386,-0.09166984970282112,-0.13018891098082386,-0.13018891098082386,-0.0916698497028211,-0.0916698497028211,-0.13018891098082386,-0.0916698497028211,-0.09166984970282112,-0.09166984970282112,-0.0916698497028211,-0.13018891098082386,-0.09166984970282112,-0.0916698497028211,-0.09166984970282112,-0.13018891098082386,-0.1856953381770519,-0.0916698497028211,-0.09166984970282112,-0.09166984970282112,-0.13018891098082386,-0.09166984970282112,-0.09166984970282112,-0.09166984970282112,-0.18569533817705192,-0.09166984970282112,-0.0916698497028211,-0.0916698497028211,-0.09166984970282112,-0.09166984970282112,-0.16012815380508713,-0.0916698497028211,-0.13018891098082386,-0.13018891098082386,-0.13018891098082386,-0.09166984970282112,-0.1856953381770519,-0.13018891098082389,-0.16012815380508713,-0.0916698497028211,-0.0916698497028211,-0.13018891098082386,-0.13018891098082386,-0.09166984970282112,-0.09166984970282112,10.908712114635712,-0.16012815380508713,-0.09166984970282112,-0.09166984970282112,-0.09166984970282112,-0.09166984970282112,-0.09166984970282112,-0.13018891098082386,-0.0916698497028211,-0.09166984970282112,-0.09166984970282112,-0.0916698497028211,-0.16012815380508713,-0.13018891098082386,-0.13018891098082386,-0.0916698497028211,-0.09166984970282112,-0.09166984970282112,-0.0916698497028211,-0.0916698497028211,-0.0916698497028211,-0.09166984970282112,-0.0916698497028211,-0.0916698497028211,-0.09166984970282112,-0.1856953381770519,-0.13018891098082386,-0.13018891098082386,-0.09166984970282112,-0.0916698497028211,-0.09166984970282112,-0.0916698497028211,-0.26726124191242434,-0.16012815380508716,-0.24889134708717228,-0.09166984970282112,-0.0916698497028211,-0.16012815380508713,-0.16012815380508713,-0.39223227027636803,2.751622897751175,-0.13018891098082386,-0.2847473987257497,-0.09166984970282112,-0.13018891098082386,-0.0916698497028211,-0.13018891098082386,-0.16012815380508713,-0.13018891098082386,-0.22941573387056183,-0.16012815380508713,-0.3176750402418492,-0.09166984970282112,-0.0916698497028211,-0.0916698497028211,-0.13018891098082386,-0.30151134457776363,-0.09166984970282112,-0.09166984970282112,-0.09166984970282112,-0.09166984970282112,-0.13018891098082386,-0.9198662110077998,4.017817460121495,-0.7204077607661872,-0.0916698497028211,-0.24889134708717228,-0.13018891098082386,-0.09166984970282112,-0.09166984970282112,-0.09166984970282112,-0.2294157338705618,-0.18569533817705186,-0.22941573387056183,-0.0916698497028211,-0.1856953381770519,-0.16012815380508713,-0.09166984970282112,-0.09166984970282112,-0.0916698497028211,-0.24889134708717228,-0.0916698497028211,-0.30151134457776363,-0.4062616689884986,-0.0916698497028211,-0.09166984970282112,-0.16012815380508716,-0.09166984970282112,-0.3333333333333333,-0.16012815380508716,-0.4062616689884986,-0.0916698497028211,-0.09166984970282112,-0.16012815380508716
-1.3416407864998738,1.1501527078126539,-0.5201071903053937,-1.1243446728633644,0.7200696857097231,-0.4605661864718382,-0.30151134457776363,-0.0916698497028211,2.1712405933672376,-0.5388159060803247,1.7396615200421663,-0.22941573387056183,-0.18569533817705192,-0.13018891098082386,-0.18569533817705192,-0.2847473987257497,-0.0007674438878157014,-0.16012815380508713,-0.09166984970282112,-0.09166984970282112,-0.13018891098082386,-0.18569533817705192,-0.07825005579908746,-0.0916698497028211,-0.16012815380508713,-0.0916698497028211,-0.0916698497028211,0.1109389269205073,0.4477391882758817,-0.4787449309956332,-0.09166984970282112,-0.09166984970282112,-0.09166984970282112,-0.09166984970282112,-0.13018891098082386,-0.09166984970282112,-0.13018891098082386,-0.13018891098082386,-0.0916698497028211,10.908712114635712,-0.13018891098082386,-0.0916698497028211,-0.09166984970282112,-0.09166984970282112,-0.0916698497028211,-0.13018891098082386,-0.09166984970282112,-0.0916698497028211,-0.09166984970282112,-0.13018891098082386,-0.1856953381770519,-0.0916698497028211,-0.09166984970282112,-0.09166984970282112,-0.13018891098082386,-0.09166984970282112,-0.09166984970282112,-0.09166984970282112,-0.18569533817705192,-0.09166984970282112,-0.0916698497028211,-0.0916698497028211,-0.09166984970282112,-0.09166984970282112,-0.16012815380508713,-0.0916698497028211,-0.13018891098082386,-0.13018891098082386,-0.13018891098082386,-0.09166984970282112,-0.1856953381770519,-0.13018891098082389,-0.16012815380508713,-0.0916698497028211,-0.0916698497028211,-0.13018891098082386,-0.13018891098082386,-0.09166984970282112,-0.09166984970282112,-0.0916698497028211,-0.16012815380508713,-0.09166984970282112,-0.09166984970282112,-0.09166984970282112,-0.09166984970282112,-0.09166984970282112,-0.13018891098082386,-0.0916698497028211,-0.09166984970282112,-0.09166984970282112,-0.0916698497028211,-0.16012815380508713,-0.13018891098082386,-0.13018891098082386,-0.0916698497028211,-0.09166984970282112,-0.09166984970282112,-0.0916698497028211,-0.0916698497028211,-0.0916698497028211,-0.09166984970282112,-0.0916698497028211,-0.0916698497028211,-0.09166984970282112,-0.1856953381770519,-0.13018891098082386,-0.13018891098082386,-0.09166984970282112,-0.0916698497028211,-0.09166984970282112,-0.0916698497028211,-0.26726124191242434,-0.16012815380508716,-0.24889134708717228,-0.09166984970282112,-0.0916698497028211,-0.16012815380508713,-0.16012815380508713,-0.39223227027636803,2.751622897751175,-0.13018891098082386,-0.2847473987257497,-0.09166984970282112,-0.13018891098082386,-0.0916698497028211,-0.13018891098082386,-0.16012815380508713,-0.13018891098082386,-0.22941573387056183,-0.16012815380508713,-0.3176750402418492,-0.09166984970282112,-0.0916698497028211,-0.0916698497028211,-0.13018891098082386,-0.30151134457776363,-0.09166984970282112,-0.09166984970282112,-0.09166984970282112,-0.09166984970282112,-0.13018891098082386,1.0871146130092182,-0.24889134708717225,-0.7204077607661872,-0.0916698497028211,-0.24889134708717228,-0.13018891098082386,-0.09166984970282112,-0.09166984970282112,-0.09166984970282112,-0.2294157338705618,-0.18569533817705186,-0.22941573387056183,-0.0916698497028211,-0.1856953381770519,-0.16012815380508713,-0.09166984970282112,-0.09166984970282112,-0.0916698497028211,-0.24889134708717228,-0.0916698497028211,-0.30151134457776363,-0.4062616689884986,-0.0916698497028211,-0.09166984970282112,-0.16012815380508716,-0.09166984970282112,-0.3333333333333333,6.244997998398399,-0.4062616689884986,-0.0916698497028211,-0.09166984970282112,-0.16012815380508716
-1.3416407864998738,1.1501527078126539,-0.5201071903053937,-1.1243446728633644,0.33895822414723964,2.171240593367237,-0.30151134457776363,-0.0916698497028211,2.1712405933672376,-0.5388159060803247,-0.8983275555911938,-0.22941573387056183,-0.18569533817705192,-0.13018891098082386,-0.18569533817705192,-0.2847473987257497,-0.0007674438878157014,-0.16012815380508713,-0.09166984970282112,-0.09166984970282112,-0.13018891098082386,-0.18569533817705192,-0.07825005579908746,-0.0916698497028211,-0.16012815380508713,-0.0916698497028211,-0.0916698497028211,-1.782285198404592,0.7787889234733162,-0.19869060608002287,-0.09166984970282112,-0.09166984970282112,-0.09166984970282112,-0.09166984970282112,-0.13018891098082386,-0.09166984970282112,-0.13018891098082386,-0.13018891098082386,-0.0916698497028211,-0.0916698497028211,-0.13018891098082386,-0.0916698497028211,-0.09166984970282112,-0.09166984970282112,10.908712114635712,-0.13018891098082386,-0.09166984970282112,-0.0916698497028211,-0.09166984970282112,-0.13018891098082386,-0.1856953381770519,-0.0916698497028211,-0.09166984970282112,-0.09166984970282112,-0.13018891098082386,-0.09166984970282112,-0.09166984970282112,-0.09166984970282112,-0.18569533817705192,-0.09166984970282112,-0.0916698497028211,-0.0916698497028211,-0.09166984970282112,-0.09166984970282112,-0.16012815380508713,-0.0916698497028211,-0.13018891098082386,-0.13018891098082386,-0.13018891098082386,-0.09166984970282112,-0.1856953381770519,-0.13018891098082389,-0.16012815380508713,-0.0916698497028211,-0.0916698497028211,-0.13018891098082386,-0.13018891098082386,-0.09166984970282112,-0.09166984970282112,-0.0916698497028211,-0.16012815380508713,-0.09166984970282112,-0.09166984970282112,-0.09166984970282112,-0.09166984970282112,-0.09166984970282112,-0.13018891098082386,-0.0916698497028211,-0.09166984970282112,-0.09166984970282112,-0.0916698497028211,-0.16012815380508713,-0.13018891098082386,-0.13018891098082386,-0.0916698497028211,-0.09166984970282112,-0.09166984970282112,-0.0916698497028211,-0.0916698497028211,-0.0916698497028211,-0.09166984970282112,-0.0916698497028211,-0.0916698497028211,-0.09166984970282112,-0.1856953381770519,-0.13018891098082386,-0.13018891098082386,-0.09166984970282112,-0.0916698497028211,-0.09166984970282112,-0.0916698497028211,-0.26726124191242434,-0.16012815380508716,-0.24889134708717228,-0.09166984970282112,-0.0916698497028211,-0.16012815380508713,-0.16012815380508713,-0.39223227027636803,-0.36342189215581555,-0.13018891098082386,-0.2847473987257497,-0.09166984970282112,-0.13018891098082386,-0.0916698497028211,-0.13018891098082386,-0.16012815380508713,-0.13018891098082386,-0.22941573387056183,-0.16012815380508713,-0.3176750402418492,-0.09166984970282112,-0.0916698497028211,-0.0916698497028211,-0.13018891098082386,-0.30151134457776363,-0.09166984970282112,-0.09166984970282112,-0.09166984970282112,-0.09166984970282112,7.681145747868607,1.0871146130092182,-0.24889134708717225,-0.7204077607661872,-0.0916698497028211,-0.24889134708717228,-0.13018891098082386,-0.09166984970282112,-0.09166984970282112,-0.09166984970282112,-0.2294157338705618,-0.18569533817705186,-0.22941573387056183,10.908712114635712,-0.1856953381770519,-0.16012815380508713,-0.09166984970282112,-0.09166984970282112,-0.0916698497028211,-0.24889134708717228,-0.0916698497028211,-0.30151134457776363,-0.4062616689884986,-0.0916698497028211,-0.09166984970282112,-0.16012815380508716,-0.09166984970282112,-0.3333333333333333,-0.16012815380508716,-0.4062616689884986,-0.0916698497028211,-0.09166984970282112,-0.16012815380508716
-1.3416407864998738,1.1501527078126539,-0.5201071903053937,-1.1243446728633644,-0.942962146562939,-0.4605661864718382,-0.30151134457776363,-0.0916698497028211,-0.4605661864718383,-0.5388159060803247,-0.8331920228595044,-0.22941573387056183,-0.18569533817705192,-0.13018891098082386,-0.18569533817705192,-0.2847473987257497,-0.0007674438878157014,-0.16012815380508713,-0.09166984970282112,-0.09166984970282112,-0.13018891098082386,-0.18569533817705192,-0.07825005579908746,-0.0916698497028211,-0.16012815380508713,-0.0916698497028211,-0.0916698497028211,-0.2496751921890358,0.06362610065598583,-0.3641838480803743,-0.09166984970282112,-0.09166984970282112,-0.09166984970282112,-0.09166984970282112,7.681145747868607,-0.09166984970282112,-0.13018891098082386,-0.13018891098082386,-0.0916698497028211,-0.0916698497028211,-0.13018891098082386,-0.0916698497028211,-0.09166984970282112,-0.09166984970282112,-0.0916698497028211,-0.13018891098082386,-0.09166984970282112,-0.0916698497028211,-0.09166984970282112,-0.13018891098082386,-0.1856953381770519,-0.0916698497028211,-0.09166984970282112,-0.09166984970282112,-0.13018891098082386,-0.09166984970282112,-0.09166984970282112,-0.09166984970282112,-0.18569533817705192,-0.09166984970282112,-0.0916698497028211,-0.0916698497028211,-0.09166984970282112,-0.09166984970282112,-0.16012815380508713,-0.0916698497028211,-0.13018891098082386,-0.13018891098082386,-0.13018891098082386,-0.09166984970282112,-0.1856953381770519,-0.13018891098082389,-0.16012815380508713,-0.0916698497028211,-0.0916698497028211,-0.13018891098082386,-0.13018891098082386,-0.09166984970282112,-0.09166984970282112,-0.0916698497028211,-0.16012815380508713,-0.09166984970282112,-0.09166984970282112,-0.09166984970282112,-0.09166984970282112,-0.09166984970282112,-0.13018891098082386,-0.0916698497028211,-0.09166984970282112,-0.09166984970282112,-0.0916698497028211,-0.16012815380508713,-0.13018891098082386,-0.13018891098082386,-0.0916698497028211,-0.09166984970282112,-0.09166984970282112,-0.0916698497028211,-0.0916698497028211,-0.0916698497028211,-0.09166984970282112,-0.0916698497028211,-0.0916698497028211,-0.09166984970282112,-0.1856953381770519,-0.13018891098082386,-0.13018891098082386,-0.09166984970282112,-0.0916698497028211,-0.09166984970282112,-0.0916698497028211,-0.26726124191242434,-0.16012815380508716,-0.24889134708717228,-0.09166984970282112,-0.0916698497028211,-0.16012815380508713,-0.16012815380508713,-0.39223227027636803,-0.36342189215581555,-0.13018891098082386,3.5118845842842465,-0.09166984970282112,-0.13018891098082386,-0.0916698497028211,-0.13018891098082386,-0.16012815380508713,-0.13018891098082386,-0.22941573387056183,-0.16012815380508713,-0.3176750402418492,-0.09166984970282112,-0.0916698497028211,-0.0916698497028211,-0.13018891098082386,-0.30151134457776363,-0.09166984970282112,-0.09166984970282112,-0.09166984970282112,-0.09166984970282112,-0.13018891098082386,-0.9198662110077998,-0.24889134708717225,-0.7204077607661872,-0.0916698497028211,-0.24889134708717228,-0.13018891098082386,-0.09166984970282112,-0.09166984970282112,-0.09166984970282112,-0.2294157338705618,-0.18569533817705186,-0.22941573387056183,-0.0916698497028211,-0.1856953381770519,6.244997998398398,-0.09166984970282112,-0.09166984970282112,-0.0916698497028211,-0.24889134708717228,-0.0916698497028211,-0.30151134457776363,-0.4062616689884986,-0.0916698497028211,-0.09166984970282112,-0.16012815380508716,-0.09166984970282112,-0.3333333333333333,-0.16012815380508716,-0.4062616689884986,-0.0916698497028211,-0.09166984970282112,-0.16012815380508716
-0.4472135954999579,-1.6955859506928816,1.2496554458285918,0.8894069800262434,2.521687504005107,-0.4605661864718382,3.3166247903554,-0.0916698497028211,-0.4605661864718383,-0.5388159060803247,1.9350681182372287,-0.22941573387056183,-0.18569533817705192,-0.13018891098082386,-0.18569533817705192,-0.2847473987257497,-0.0007674438878157014,-0.16012815380508713,-0.09166984970282112,-0.09166984970282112,-0.13018891098082386,5.3851648071345055,6.4679260407653425,-0.0916698497028211,6.244997998398398,-0.0916698497028211,10.908712114635712,3.4165683520913177,0.561095029616561,7.50202701825983,-0.09166984970282112,-0.09166984970282112,-0.09166984970282112,-0.09166984970282112,-0.13018891098082386,-0.09166984970282112,-0.13018891098082386,-0.13018891098082386,-0.0916698497028211,-0.0916698497028211,-0.13018891098082386,-0.0916698497028211,-0.09166984970282112,-0.09166984970282112,-0.0916698497028211,-0.13018891098082386,-0.09166984970282112,-0.0916698497028211,-0.09166984970282112,-0.13018891098082386,-0.1856953381770519,-0.0916698497028211,-0.09166984970282112,-0.09166984970282112,-0.13018891098082386,-0.09166984970282112,-0.09166984970282112,-0.09166984970282112,-0.18569533817705192,-0.09166984970282112,-0.0916698497028211,-0.0916698497028211,-0.09166984970282112,-0.09166984970282112,-0.16012815380508713,-0.0916698497028211,-0.13018891098082386,-0.13018891098082386,-0.13018891098082386,-0.09166984970282112,-0.1856953381770519,-0.13018891098082389,-0.16012815380508713,10.908712114635712,-0.0916698497028211,-0.13018891098082386,-0.13018891098082386,-0.09166984970282112,-0.09166984970282112,-0.0916698497028211,-0.16012815380508713,-0.09166984970282112,-0.09166984970282112,-0.09166984970282112,-0.09166984970282112,-0.09166984970282112,-0.13018891098082386,-0.0916698497028211,-0.09166984970282112,-0.09166984970282112,-0.0916698497028211,-0.16012815380508713,-0.13018891098082386,-0.13018891098082386,-0.0916698497028211,-0.09166984970282112,-0.09166984970282112,-0.0916698497028211,-0.0916698497028211,-0.0916698497028211,-0.09166984970282112,-0.0916698497028211,-0.0916698497028211,-0.09166984970282112,-0.1856953381770519,-0.13018891098082386,-0.13018891098082386,-0.09166984970282112,-0.0916698497028211,-0.09166984970282112,-0.0916698497028211,3.741657386773941,-0.16012815380508716,-0.24889134708717228,-0.09166984970282112,-0.0916698497028211,-0.16012815380508713,-0.16012815380508713,-0.39223227027636803,-0.36342189215581555,-0.13018891098082386,-0.2847473987257497,-0.09166984970282112,-0.13018891098082386,-0.0916698497028211,-0.13018891098082386,-0.16012815380508713,-0.13018891098082386,-0.22941573387056183,-0.16012815380508713,-0.3176750402418492,-0.09166984970282112,-0.0916698497028211,-0.0916698497028211,-0.13018891098082386,-0.30151134457776363,-0.09166984970282112,-0.09166984970282112,-0.09166984970282112,-0.09166984970282112,-0.13018891098082386,1.0871146130092182,-0.24889134708717225,-0.7204077607661872,-0.0916698497028211,-0.24889134708717228,-0.13018891098082386,-0.09166984970282112,-0.09166984970282112,-0.09166984970282112,-0.2294157338705618,-0.18569533817705186,-0.22941573387056183,-0.0916698497028211,-0.1856953381770519,-0.16012815380508713,-0.09166984970282112,-0.09166984970282112,10.908712114635712,-0.24889134708717228,-0.0916698497028211,-0.30151134457776363,-0.4062616689884986,-0.0916698497028211,-0.09166984970282112,-0.16012815380508716,-0.09166984970282112,-0.3333333333333333,-0.16012815380508716,-0.4062616689884986,-0.0916698497028211,-0.09166984970282112,-0.16012815380508716
-0.4472135954999579,-1.5770135065884845,0.8474366648890495,0.8894069800262434,-0.07679973392092664,2.171240593367237,-0.30151134457776363,-0.0916698497028211,2.1712405933672376,1.8559214542766738,0.24154426721334554,4.358898943540674,-0.18569533817705192,-0.13018891098082386,-0.18569533817705192,-0.2847473987257497,-0.0007674438878157014,-0.16012815380508713,-0.09166984970282112,-0.09166984970282112,-0.13018891098082386,-0.18569533817705192,-0.07825005579908746,-0.0916698497028211,-0.16012815380508713,-0.0916698497028211,-0.0916698497028211,-0.46003342833626726,-0.6432642051404266,2.6629774525541112,-0.09166984970282112,-0.09166984970282112,-0.09166984970282112,-0.09166984970282112,-0.13018891098082386,-0.09166984970282112,-0.13018891098082386,-0.13018891098082386,-0.0916698497028211,-0.0916698497028211,-0.13018891098082386,-0.0916698497028211,-0.09166984970282112,-0.09166984970282112,-0.0916698497028211,-0.13018891098082386,-0.09166984970282112,-0.0916698497028211,-0.09166984970282112,-0.13018891098082386,5.385164807134505,-0.0916698497028211,-0.09166984970282112,-0.09166984970282112,-0.13018891098082386,-0.09166984970282112,-0.09166984970282112,-0.09166984970282112,-0.18569533817705192,-0.09166984970282112,-0.0916698497028211,-0.0916698497028211,-0.09166984970282112,-0.09166984970282112,-0.16012815380508713,-0.0916698497028211,-0.13018891098082386,-0.13018891098082386,-0.13018891098082386,-0.09166984970282112,-0.1856953381770519,-0.13018891098082389,-0.16012815380508713,-0.0916698497028211,-0.0916698497028211,-0.13018891098082386,-0.13018891098082386,-0.09166984970282112,-0.09166984970282112,-0.0916698497028211,-0.16012815380508713,-0.09166984970282112,-0.09166984970282112,-0.09166984970282112,-0.09166984970282112,-0.09166984970282112,-0.13018891098082386,-0.0916698497028211,-0.09166984970282112,-0.09166984970282112,-0.0916698497028211,-0.16012815380508713,-0.13018891098082386,-0.13018891098082386,-0.0916698497028211,-0.09166984970282112,-0.09166984970282112,-0.0916698497028211,-0.0916698497028211,-0.0916698497028211,-0.09166984970282112,-0.0916698497028211,-0.0916698497028211,-0.09166984970282112,-0.1856953381770519,-0.13018891098082386,-0.13018891098082386,-0.09166984970282112,-0.0916698497028211,-0.09166984970282112,-0.0916698497028211,-0.26726124191242434,-0.16012815380508716,-0.24889134708717228,-0.09166984970282112,-0.0916698497028211,-0.16012815380508713,-0.16012815380508713,-0.39223227027636803,-0.36342189215581555,-0.13018891098082386,-0.2847473987257497,-0.09166984970282112,-0.13018891098082386,-0.0916698497028211,-0.13018891098082386,-0.16012815380508713,-0.13018891098082386,4.358898943540674,-0.16012815380508713,-0.3176750402418492,-0.09166984970282112,-0.0916698497028211,-0.0916698497028211,-0.13018891098082386,-0.30151134457776363,-0.09166984970282112,-0.09166984970282112,-0.09166984970282112,-0.09166984970282112,-0.13018891098082386,1.0871146130092182,-0.24889134708717225,-0.7204077607661872,-0.0916698497028211,-0.24889134708717228,-0.13018891098082386,-0.09166984970282112,-0.09166984970282112,-0.09166984970282112,-0.2294157338705618,-0.18569533817705186,-0.22941573387056183,-0.0916698497028211,-0.1856953381770519,-0.16012815380508713,-0.09166984970282112,-0.09166984970282112,-0.0916698497028211,-0.24889134708717228,-0.0916698497028211,-0.30151134457776363,2.4614677591656093,-0.0916698497028211,-0.09166984970282112,-0.16012815380508716,-0.09166984970282112,-0.3333333333333333,-0.16012815380508716,-0.4062616689884986,-0.0916698497028211,-0.09166984970282112,-0.16012815380508716
-0.4472135954999579,-1.4584410624840871,0.5141696749677146,0.8894069800262434,0.13107924511315497,2.171240593367237,-0.30151134457776363,-0.0916698497028211,2.1712405933672376,-0.5388159060803247,0.6323574636034731,-0.22941573387056183,-0.18569533817705192,-0.13018891098082386,-0.18569533817705192,-0.2847473987257497,-0.0007674438878157014,-0.16012815380508713,-0.09166984970282112,-0.09166984970282112,-0.13018891098082386,-0.18569533817705192,2.9265520868862276,10.908712114635712,-0.16012815380508713,-0.0916698497028211,-0.0916698497028211,1.9741118756531453,-0.47520541340917616,3.4610115977447324,-0.09166984970282112,-0.09166984970282112,-0.09166984970282112,-0.09166984970282112,-0.13018891098082386,-0.09166984970282112,-0.13018891098082386,-0.13018891098082386,-0.0916698497028211,-0.0916698497028211,-0.13018891098082386,-0.0916698497028211,-0.09166984970282112,-0.09166984970282112,-0.0916698497028211,-0.13018891098082386,-0.09166984970282112,-0.0916698497028211,-0.09166984970282112,-0.13018891098082386,-0.1856953381770519,-0.0916698497028211,-0.09166984970282112,-0.09166984970282112,-0.13018891098082386,-0.09166984970282112,-0.09166984970282112,-0.09166984970282112,-0.18569533817705192,-0.09166984970282112,-0.0916698497028211,-0.0916698497028211,-0.09166984970282112,-0.09166984970282112,-0.16012815380508713,-0.0916698497028211,-0.13018891098082386,-0.13018891098082386,-0.13018891098082386,-0.09166984970282112,5.385164807134505,-0.13018891098082389,-0.16012815380508713,-0.0916698497028211,-0.0916698497028211,-0.13018891098082386,-0.13018891098082386,-0.09166984970282112,-0.09166984970282112,-0.0916698497028211,-0.16012815380508713,-0.09166984970282112,-0.09166984970282112,-0.09166984970282112,-0.09166984970282112,-0.09166984970282112,-0.13018891098082386,-0.0916698497028211,-0.09166984970282112,-0.09166984970282112,-0.0916698497028211,-0.16012815380508713,-0.13018891098082386,-0.13018891098082386,-0.0916698497028211,-0.09166984970282112,-0.09166984970282112,-0.0916698497028211,-0.0916698497028211,-0.0916698497028211,-0.09166984970282112,-0.0916698497028211,-0.0916698497028211,-0.09166984970282112,-0.1856953381770519,-0.13018891098082386,-0.13018891098082386,-0.09166984970282112,-0.0916698497028211,-0.09166984970282112,-0.0916698497028211,-0.26726124191242434,-0.16012815380508716,-0.24889134708717228,-0.09166984970282112,-0.0916698497028211,-0.16012815380508713,-0.16012815380508713,-0.39223227027636803,2.751622897751175,-0.13018891098082386,-0.2847473987257497,-0.09166984970282112,-0.13018891098082386,-0.0916698497028211,-0.13018891098082386,-0.16012815380508713,-0.13018891098082386,-0.22941573387056183,-0.16012815380508713,-0.3176750402418492,-0.09166984970282112,-0.0916698497028211,-0.0916698497028211,-0.13018891098082386,-0.30151134457776363,-0.09166984970282112,-0.09166984970282112,-0.09166984970282112,-0.09166984970282112,-0.13018891098082386,1.0871146130092182,-0.24889134708717225,-0.7204077607661872,-0.0916698497028211,-0.24889134708717228,-0.13018891098082386,-0.09166984970282112,-0.09166984970282112,-0.09166984970282112,-0.2294157338705618,-0.18569533817705186,-0.22941573387056183,-0.0916698497028211,-0.1856953381770519,-0.16012815380508713,-0.09166984970282112,-0.09166984970282112,-0.0916698497028211,-0.24889134708717228,-0.0916698497028211,-0.30151134457776363,-0.4062616689884986,-0.0916698497028211,-0.09166984970282112,-0.16012815380508716,-0.09166984970282112,2.9999999999999996,-0.16012815380508716,-0.4062616689884986,-0.0916698497028211,-0.09166984970282112,-0.16012815380508716
-0.4472135954999579,-1.3398686183796897,-0.13704168464868685,0.8894069800262434,1.3783531193176537,-0.4605661864718382,3.3166247903554,-0.0916698497028211,-0.4605661864718383,1.8559214542766738,0.8928995945302247,-0.22941573387056183,5.3851648071345055,-0.13018891098082386,-0.18569533817705192,-0.2847473987257497,-0.0007674438878157014,-0.16012815380508713,-0.09166984970282112,-0.09166984970282112,-0.13018891098082386,-0.18569533817705192,0.7266076609916232,-0.0916698497028211,-0.16012815380508713,-0.0916698497028211,-0.0916698497028211,1.1627301076566754,-0.9087300216134705,0.05740930937438272,-0.09166984970282112,-0.09166984970282112,-0.09166984970282112,-0.09166984970282112,-0.13018891098082386,-0.09166984970282112,-0.13018891098082386,-0.13018891098082386,-0.0916698497028211,-0.0916698497028211,-0.13018891098082386,-0.0916698497028211,-0.09166984970282112,-0.09166984970282112,-0.0916698497028211,-0.13018891098082386,-0.09166984970282112,-0.0916698497028211,-0.09166984970282112,-0.13018891098082386,-0.1856953381770519,-0.0916698497028211,-0.09166984970282112,-0.09166984970282112,-0.13018891098082386,-0.09166984970282112,-0.09166984970282112,-0.09166984970282112,-0.18569533817705192,-0.09166984970282112,-0.0916698497028211,-0.0916698497028211,-0.09166984970282112,-0.09166984970282112,-0.16012815380508713,-0.0916698497028211,-0.13018891098082386,7.681145747868607,-0.13018891098082386,-0.09166984970282112,-0.1856953381770519,-0.13018891098082389,-0.16012815380508713,-0.0916698497028211,-0.0916698497028211,-0.13018891098082386,-0.13018891098082386,-0.09166984970282112,-0.09166984970282112,-0.0916698497028211,-0.16012815380508713,-0.09166984970282112,-0.09166984970282112,-0.09166984970282112,-0.09166984970282112,-0.09166984970282112,-0.13018891098082386,-0.0916698497028211,-0.09166984970282112,-0.09166984970282112,-0.0916698497028211,-0.16012815380508713,-0.13018891098082386,-0.13018891098082386,-0.0916698497028211,-0.09166984970282112,-0.09166984970282112,-0.0916698497028211,-0.0916698497028211,-0.0916698497028211,-0.09166984970282112,-0.0916698497028211,-0.0916698497028211,-0.09166984970282112,-0.1856953381770519,-0.13018891098082386,-0.13018891098082386,-0.09166984970282112,-0.0916698497028211,-0.09166984970282112,-0.0916698497028211,-0.26726124191242434,6.244997998398399,-0.24889134708717228,-0.09166984970282112,-0.0916698497028211,-0.16012815380508713,-0.16012815380508713,-0.39223227027636803,-0.36342189215581555,-0.13018891098082386,-0.2847473987257497,-0.09166984970282112,-0.13018891098082386,-0.0916698497028211,-0.13018891098082386,-0.16012815380508713,-0.13018891098082386,-0.22941573387056183,-0.16012815380508713,-0.3176750402418492,-0.09166984970282112,-0.0916698497028211,-0.0916698497028211,-0.13018891098082386,-0.30151134457776363,-0.09166984970282112,-0.09166984970282112,-0.09166984970282112,-0.09166984970282112,-0.13018891098082386,-0.9198662110077998,-0.24889134708717225,1.3881027585494827,-0.0916698497028211,-0.24889134708717228,-0.13018891098082386,-0.09166984970282112,-0.09166984970282112,-0.09166984970282112,-0.2294157338705618,-0.18569533817705186,-0.22941573387056183,-0.0916698497028211,-0.1856953381770519,-0.16012815380508713,-0.09166984970282112,-0.09166984970282112,-0.0916698497028211,-0.24889134708717228,-0.0916698497028211,-0.30151134457776363,2.4614677591656093,-0.0916698497028211,-0.09166984970282112,-0.16012815380508716,-0.09166984970282112,-0.3333333333333333,-0.16012815380508716,-0.4062616689884986,-0.0916698497028211,-0.09166984970282112,-0.16012815380508716
-0.4472135954999579,-1.2212961742752924,-0.30175985208107076,0.8894069800262434,-0.21538571994364872,-0.4605661864718382,-0.30151134457776363,-0.0916698497028211,-0.4605661864718383,1.8559214542766738,0.2089765008475023,-0.22941573387056183,-0.18569533817705192,-0.13018891098082386,5.3851648071345055,-0.2847473987257497,-0.0007674438878157014,-0.16012815380508713,-0.09166984970282112,-0.09166984970282112,-0.13018891098082386,-0.18569533817705192,2.872894905766844,-0.0916698497028211,-0.16012815380508713,-0.0916698497028211,-0.0916698497028211,-0.27972636878149704,-0.9172261201754939,-0.6766521207970045,-0.09166984970282112,-0.09166984970282112,-0.09166984970282112,-0.09166984970282112,-0.13018891098082386,-0.09166984970282112,-0.13018891098082386,-0.13018891098082386,-0.0916698497028211,-0.0916698497028211,-0.13018891098082386,-0.0916698497028211,-0.09166984970282112,-0.09166984970282112,-0.0916698497028211,-0.13018891098082386,-0.09166984970282112,-0.0916698497028211,-0.09166984970282112,-0.13018891098082386,-0.1856953381770519,-0.0916698497028211,-0.09166984970282112,-0.09166984970282112,-0.13018891098082386,-0.09166984970282112,-0.09166984970282112,-0.09166984970282112,-0.18569533817705192,-0.09166984970282112,-0.0916698497028211,-0.0916698497028211,-0.09166984970282112,-0.09166984970282112,-0.16012815380508713,-0.0916698497028211,-0.13018891098082386,-0.13018891098082386,-0.13018891098082386,-0.09166984970282112,-0.1856953381770519,-0.13018891098082389,-0.16012815380508713,-0.0916698497028211,-0.0916698497028211,-0.13018891098082386,-0.13018891098082386,-0.09166984970282112,-0.09166984970282112,-0.0916698497028211,-0.16012815380508713,-0.09166984970282112,-0.09166984970282112,-0.09166984970282112,-0.09166984970282112,-0.09166984970282112,-0.13018891098082386,-0.0916698497028211,-0.09166984970282112,-0.09166984970282112,-0.0916698497028211,-0.16012815380508713,7.681145747868607,-0.13018891098082386,-0.0916698497028211,-0.09166984970282112,-0.09166984970282112,-0.0916698497028211,-0.0916698497028211,-0.0916698497028211,-0.09166984970282112,-0.0916698497028211,-0.0916698497028211,-0.09166984970282112,-0.1856953381770519,-0.13018891098082386,-0.13018891098082386,-0.09166984970282112,-0.0916698497028211,-0.09166984970282112,-0.0916698497028211,-0.26726124191242434,-0.16012815380508716,-0.24889134708717228,-0.09166984970282112,-0.0916698497028211,-0.16012815380508713,-0.16012815380508713,-0.39223227027636803,-0.36342189215581555,-0.13018891098082386,-0.2847473987257497,-0.09166984970282112,-0.13018891098082386,-0.0916698497028211,-0.13018891098082386,-0.16012815380508713,-0.13018891098082386,-0.22941573387056183,-0.16012815380508713,-0.3176750402418492,-0.09166984970282112,-0.0916698497028211,-0.0916698497028211,-0.13018891098082386,3.3166247903554,-0.09166984970282112,-0.09166984970282112,-0.09166984970282112,-0.09166984970282112,-0.13018891098082386,-0.9198662110077998,-0.24889134708717225,1.3881027585494827,-0.0916698497028211,-0.24889134708717228,-0.13018891098082386,-0.09166984970282112,-0.09166984970282112,-0.09166984970282112,-0.2294157338705618,-0.18569533817705186,-0.22941573387056183,-0.0916698497028211,-0.1856953381770519,-0.16012815380508713,-0.09166984970282112,-0.09166984970282112,-0.0916698497028211,-0.24889134708717228,-0.0916698497028211,-0.30151134457776363,2.4614677591656093,-0.0916698497028211,-0.09166984970282112,-0.16012815380508716,-0.09166984970282112,-0.3333333333333333,-0.16012815380508716,-0.4062616689884986,-0.0916698497028211,-0.09166984970282112,-0.16012815380508716
-0.4472135954999579,-1.1027237301708952,-0.3324050925336073,-1.1243446728633644,-1.1508411255970237,-0.4605661864718382,-0.30151134457776363,-0.0916698497028211,-0.4605661864718383,-0.5388159060803247,-0.7354887237619718,-0.22941573387056183,-0.18569533817705192,-0.13018891098082386,-0.18569533817705192,-0.2847473987257497,-0.0007674438878157014,-0.16012815380508713,-0.09166984970282112,-0.09166984970282112,-0.13018891098082386,-0.18569533817705192,-0.3465359613959894,-0.0916698497028211,-0.16012815380508713,-0.0916698497028211,-0.0916698497028211,-0.3097775453739583,-0.5908715973412829,0.0007350790689435211,-0.09166984970282112,-0.09166984970282112,-0.09166984970282112,-0.09166984970282112,-0.13018891098082386,-0.09166984970282112,-0.13018891098082386,-0.13018891098082386,-0.0916698497028211,-0.0916698497028211,-0.13018891098082386,-0.0916698497028211,-0.09166984970282112,-0.09166984970282112,-0.0916698497028211,-0.13018891098082386,-0.09166984970282112,-0.0916698497028211,-0.09166984970282112,-0.13018891098082386,-0.1856953381770519,-0.0916698497028211,-0.09166984970282112,-0.09166984970282112,-0.13018891098082386,-0.09166984970282112,-0.09166984970282112,-0.09166984970282112,-0.18569533817705192,-0.09166984970282112,-0.0916698497028211,-0.0916698497028211,-0.09166984970282112,-0.09166984970282112,-0.16012815380508713,-0.0916698497028211,-0.13018891098082386,-0.13018891098082386,-0.13018891098082386,-0.09166984970282112,-0.1856953381770519,-0.13018891098082389,-0.16012815380508713,-0.0916698497028211,-0.0916698497028211,-0.13018891098082386,-0.13018891098082386,-0.09166984970282112,-0.09166984970282112,-0.0916698497028211,-0.16012815380508713,-0.09166984970282112,-0.09166984970282112,-0.09166984970282112,-0.09166984970282112,-0.09166984970282112,-0.13018891098082386,-0.0916698497028211,-0.09166984970282112,-0.09166984970282112,-0.0916698497028211,-0.16012815380508713,-0.13018891098082386,-0.13018891098082386,-0.0916698497028211,-0.09166984970282112,-0.09166984970282112,-0.0916698497028211,-0.0916698497028211,-0.0916698497028211,-0.09166984970282112,-0.0916698497028211,-0.0916698497028211,-0.09166984970282112,5.385164807134505,-0.13018891098082386,-0.13018891098082386,-0.09166984970282112,-0.0916698497028211,-0.09166984970282112,-0.0916698497028211,-0.26726124191242434,-0.16012815380508716,4.0178174601214955,-0.09166984970282112,-0.0916698497028211,-0.16012815380508713,-0.16012815380508713,-0.39223227027636803,-0.36342189215581555,-0.13018891098082386,-0.2847473987257497,-0.09166984970282112,-0.13018891098082386,-0.0916698497028211,-0.13018891098082386,-0.16012815380508713,-0.13018891098082386,-0.22941573387056183,-0.16012815380508713,-0.3176750402418492,-0.09166984970282112,-0.0916698497028211,-0.0916698497028211,-0.13018891098082386,-0.30151134457776363,-0.09166984970282112,-0.09166984970282112,-0.09166984970282112,-0.09166984970282112,-0.13018891098082386,1.0871146130092182,-0.24889134708717225,-0.7204077607661872,-0.0916698497028211,-0.24889134708717228,-0.13018891098082386,-0.09166984970282112,-0.09166984970282112,-0.09166984970282112,-0.2294157338705618,-0.18569533817705186,-0.22941573387056183,-0.0916698497028211,-0.1856953381770519,-0.16012815380508713,-0.09166984970282112,-0.09166984970282112,-0.0916698497028211,-0.24889134708717228,-0.0916698497028211,-0.30151134457776363,-0.4062616689884986,-0.0916698497028211,-0.09166984970282112,-0.16012815380508716,-0.09166984970282112,-0.3333333333333333,-0.16012815380508716,2.4614677591656093,-0.0916698497028211,-0.09166984970282112,-0.16012815380508716
-0.4472135954999579,-0.9841512860664978,-0.4128488487215157,0.8894069800262434,-1.670538573182229,-0.4605661864718382,-0.30151134457776363,-0.0916698497028211,-0.4605661864718383,1.8559214542766738,-0.8657597892253477,-0.22941573387056183,-0.18569533817705192,-0.13018891098082386,-0.18569533817705192,-0.2847473987257497,-0.0007674438878157014,-0.16012815380508713,-0.09166984970282112,-0.09166984970282112,-0.13018891098082386,5.3851648071345055,-0.3465359613959894,-0.0916698497028211,-0.16012815380508713,-0.0916698497028211,-0.0916698497028211,-0.4900846049287285,-0.4630574830090902,-0.675276703253095,-0.09166984970282112,-0.09166984970282112,-0.09166984970282112,-0.09166984970282112,-0.13018891098082386,-0.09166984970282112,-0.13018891098082386,-0.13018891098082386,-0.0916698497028211,-0.0916698497028211,-0.13018891098082386,-0.0916698497028211,-0.09166984970282112,-0.09166984970282112,-0.0916698497028211,-0.13018891098082386,-0.09166984970282112,-0.0916698497028211,-0.09166984970282112,-0.13018891098082386,-0.1856953381770519,-0.0916698497028211,-0.09166984970282112,-0.09166984970282112,-0.13018891098082386,-0.09166984970282112,-0.09166984970282112,-0.09166984970282112,-0.18569533817705192,-0.09166984970282112,-0.0916698497028211,-0.0916698497028211,-0.09166984970282112,-0.09166984970282112,-0.16012815380508713,10.908712114635712,-0.13018891098082386,-0.13018891098082386,-0.13018891098082386,-0.09166984970282112,-0.1856953381770519,-0.13018891098082389,-0.16012815380508713,-0.0916698497028211,-0.0916698497028211,-0.13018891098082386,-0.13018891098082386,-0.09166984970282112,-0.09166984970282112,-0.0916698497028211,-0.16012815380508713,-0.09166984970282112,-0.09166984970282112,-0.09166984970282112,-0.09166984970282112,-0.09166984970282112,-0.13018891098082386,-0.0916698497028211,-0.09166984970282112,-0.09166984970282112,-0.0916698497028211,-0.16012815380508713,-0.13018891098082386,-0.13018891098082386,-0.0916698497028211,-0.09166984970282112,-0.09166984970282112,-0.0916698497028211,-0.0916698497028211,-0.0916698497028211,-0.09166984970282112,-0.0916698497028211,-0.0916698497028211,-0.09166984970282112,-0.1856953381770519,-0.13018891098082386,-0.13018891098082386,-0.09166984970282112,-0.0916698497028211,-0.09166984970282112,-0.0916698497028211,3.741657386773941,-0.16012815380508716,-0.24889134708717228,-0.09166984970282112,-0.0916698497028211,-0.16012815380508713,-0.16012815380508713,-0.39223227027636803,-0.36342189215581555,-0.13018891098082386,-0.2847473987257497,-0.09166984970282112,-0.13018891098082386,-0.0916698497028211,-0.13018891098082386,-0.16012815380508713,-0.13018891098082386,-0.22941573387056183,-0.16012815380508713,-0.3176750402418492,-0.09166984970282112,-0.0916698497028211,-0.0916698497028211,-0.13018891098082386,-0.30151134457776363,-0.09166984970282112,-0.09166984970282112,-0.09166984970282112,-0.09166984970282112,-0.13018891098082386,1.0871146130092182,-0.24889134708717225,-0.7204077607661872,-0.0916698497028211,-0.24889134708717228,-0.13018891098082386,-0.09166984970282112,-0.09166984970282112,-0.09166984970282112,-0.2294157338705618,-0.18569533817705186,-0.22941573387056183,-0.0916698497028211,-0.1856953381770519,-0.16012815380508713,-0.09166984970282112,-0.09166984970282112,-0.0916698497028211,-0.24889134708717228,-0.0916698497028211,-0.30151134457776363,2.4614677591656093,-0.0916698497028211,-0.09166984970282112,-0.16012815380508716,-0.09166984970282112,-0.3333333333333333,-0.16012815380508716,-0.4062616689884986,-0.0916698497028211,-0.09166984970282112,-0.16012815380508716
-0.4472135954999579,-0.8655788419621006,-0.428171468947784,0.8894069800262434,-0.631143678011815,2.171240593367237,-0.30151134457776363,-0.0916698497028211,-0.4605661864718383,-0.5388159060803247,0.04613766901828033,-0.22941573387056183,-0.18569533817705192,-0.13018891098082386,-0.18569533817705192,-0.2847473987257497,-0.0007674438878157014,-0.16012815380508713,-0.09166984970282112,-0.09166984970282112,-0.13018891098082386,-0.18569533817705192,-0.07825005579908746,-0.0916698497028211,-0.16012815380508713,-0.0916698497028211,-0.0916698497028211,0.08088775032804604,0.06861942174068388,-0.11767798188970703,-0.09166984970282112,-0.09166984970282112,-0.09166984970282112,-0.09166984970282112,-0.13018891098082386,-0.09166984970282112,-0.13018891098082386,-0.13018891098082386,-0.0916698497028211,-0.0916698497028211,-0.13018891098082386,-0.0916698497028211,-0.09166984970282112,-0.09166984970282112,-0.0916698497028211,-0.13018891098082386,-0.09166984970282112,-0.0916698497028211,-0.09166984970282112,-0.13018891098082386,-0.1856953381770519,-0.0916698497028211,-0.09166984970282112,-0.09166984970282112,-0.13018891098082386,-0.09166984970282112,-0.09166984970282112,-0.09166984970282112,-0.18569533817705192,-0.09166984970282112,-0.0916698497028211,-0.0916698497028211,-0.09166984970282112,-0.09166984970282112,-0.16012815380508713,-0.0916698497028211,-0.13018891098082386,-0.13018891098082386,-0.13018891098082386,-0.09166984970282112,-0.1856953381770519,-0.13018891098082389,-0.16012815380508713,-0.0916698497028211,-0.0916698497028211,-0.13018891098082386,-0.13018891098082386,-0.09166984970282112,-0.09166984970282112,-0.0916698497028211,-0.16012815380508713,-0.09166984970282112,-0.09166984970282112,-0.09166984970282112,-0.09166984970282112,-0.09166984970282112,-0.13018891098082386,-0.0916698497028211,-0.09166984970282112,-0.09166984970282112,-0.0916698497028211,-0.16012815380508713,-0.13018891098082386,-0.13018891098082386,-0.0916698497028211,-0.09166984970282112,-0.09166984970282112,-0.0916698497028211,-0.0916698497028211,-0.0916698497028211,-0.09166984970282112,-0.0916698497028211,10.908712114635712,-0.09166984970282112,-0.1856953381770519,-0.13018891098082386,-0.13018891098082386,-0.09166984970282112,-0.0916698497028211,-0.09166984970282112,-0.0916698497028211,-0.26726124191242434,-0.16012815380508716,-0.24889134708717228,-0.09166984970282112,-0.0916698497028211,-0.16012815380508713,-0.16012815380508713,-0.39223227027636803,-0.36342189215581555,-0.13018891098082386,-0.2847473987257497,-0.09166984970282112,-0.13018891098082386,-0.0916698497028211,-0.13018891098082386,-0.16012815380508713,7.681145747868607,-0.22941573387056183,-0.16012815380508713,-0.3176750402418492,-0.09166984970282112,-0.0916698497028211,-0.0916698497028211,-0.13018891098082386,-0.30151134457776363,-0.09166984970282112,-0.09166984970282112,-0.09166984970282112,-0.09166984970282112,-0.13018891098082386,1.0871146130092182,-0.24889134708717225,-0.7204077607661872,-0.0916698497028211,-0.24889134708717228,-0.13018891098082386,-0.09166984970282112,-0.09166984970282112,-0.09166984970282112,-0.2294157338705618,-0.18569533817705186,-0.22941573387056183,-0.0916698497028211,-0.1856953381770519,-0.16012815380508713,-0.09166984970282112,-0.09166984970282112,-0.0916698497028211,-0.24889134708717228,-0.0916698497028211,-0.30151134457776363,-0.4062616689884986,-0.0916698497028211,-0.09166984970282112,6.244997998398399,-0.09166984970282112,-0.3333333333333333,-0.16012815380508716,-0.4062616689884986,-0.0916698497028211,-0.09166984970282112,-0.16012815380508716
-0.4472135954999579,-0.7470063978577032,-0.44349408917405225,0.8894069800262434,-1.705185069687912,-0.4605661864718382,-0.30151134457776363,-0.0916698497028211,-0.4605661864718383,1.8559214542766738,-0.5400821255669095,-0.22941573387056183,-0.18569533817705192,-0.13018891098082386,-0.18569533817705192,-0.2847473987257497,-0.0007674438878157014,-0.16012815380508713,-0.09166984970282112,-0.09166984970282112,-0.13018891098082386,-0.18569533817705192,-2.1708801194549285,-0.0916698497028211,-0.16012815380508713,-0.0916698497028211,-0.0916698497028211,-1.27141519633274,0.8923683463551015,-0.3705156728625554,-0.09166984970282112,-0.09166984970282112,-0.09166984970282112,-0.09166984970282112,-0.13018891098082386,-0.09166984970282112,7.681145747868607,-0.13018891098082386,-0.0916698497028211,-0.0916698497028211,-0.13018891098082386,-0.0916698497028211,-0.09166984970282112,-0.09166984970282112,-0.0916698497028211,-0.13018891098082386,-0.09166984970282112,-0.0916698497028211,-0.09166984970282112,-0.13018891098082386,-0.1856953381770519,-0.0916698497028211,-0.09166984970282112,-0.09166984970282112,-0.13018891098082386,-0.09166984970282112,-0.09166984970282112,-0.09166984970282112,-0.18569533817705192,-0.09166984970282112,-0.0916698497028211,-0.0916698497028211,-0.09166984970282112,-0.09166984970282112,-0.16012815380508713,-0.0916698497028211,-0.13018891098082386,-0.13018891098082386,-0.13018891098082386,-0.09166984970282112,-0.1856953381770519,-0.13018891098082389,-0.16012815380508713,-0.0916698497028211,-0.0916698497028211,-0.13018891098082386,-0.13018891098082386,-0.09166984970282112,-0.09166984970282112,-0.0916698497028211,-0.16012815380508713,-0.09166984970282112,-0.09166984970282112,-0.09166984970282112,-0.09166984970282112,-0.09166984970282112,-0.13018891098082386,-0.0916698497028211,-0.09166984970282112,-0.09166984970282112,-0.0916698497028211,-0.16012815380508713,-0.13018891098082386,-0.13018891098082386,-0.0916698497028211,-0.09166984970282112,-0.09166984970282112,-0.0916698497028211,-0.0916698497028211,-0.0916698497028211,-0.09166984970282112,-0.0916698497028211,-0.0916698497028211,-0.09166984970282112,-0.1856953381770519,-0.13018891098082386,-0.13018891098082386,-0.09166984970282112,-0.0916698497028211,-0.09166984970282112,-0.0916698497028211,-0.26726124191242434,-0.16012815380508716,-0.24889134708717228,-0.09166984970282112,-0.0916698497028211,-0.16012815380508713,-0.16012815380508713,-0.39223227027636803,-0.36342189215581555,-0.13018891098082386,-0.2847473987257497,-0.09166984970282112,-0.13018891098082386,-0.0916698497028211,-0.13018891098082386,-0.16012815380508713,-0.13018891098082386,-0.22941573387056183,-0.16012815380508713,3.147870853305597,-0.09166984970282112,-0.0916698497028211,-0.0916698497028211,-0.13018891098082386,-0.30151134457776363,-0.09166984970282112,-0.09166984970282112,-0.09166984970282112,-0.09166984970282112,-0.13018891098082386,-0.9198662110077998,-0.24889134708717225,1.3881027585494827,-0.0916698497028211,-0.24889134708717228,-0.13018891098082386,-0.09166984970282112,-0.09166984970282112,-0.09166984970282112,-0.2294157338705618,-0.18569533817705186,-0.22941573387056183,-0.0916698497028211,-0.1856953381770519,-0.16012815380508713,-0.09166984970282112,-0.09166984970282112,-0.0916698497028211,-0.24889134708717228,-0.0916698497028211,-0.30151134457776363,2.4614677591656093,-0.0916698497028211,-0.09166984970282112,-0.16012815380508716,-0.09166984970282112,-0.3333333333333333,-0.16012815380508716,-0.4062616689884986,-0.0916698497028211,-0.09166984970282112,-0.16012815380508716
-0.4472135954999579,-0.6284339537533059,-0.44732474423061935,-1.1243446728633644,-1.4973060906538274,-0.4605661864718382,-0.30151134457776363,-0.0916698497028211,-0.4605661864718383,-0.5388159060803247,-0.8657597892253477,-0.22941573387056183,-0.18569533817705192,-0.13018891098082386,-0.18569533817705192,-0.2847473987257497,-0.0007674438878157014,-0.16012815380508713,-0.09166984970282112,-0.09166984970282112,-0.13018891098082386,-0.18569533817705192,0.9412363854691457,-0.0916698497028211,-0.16012815380508713,-0.0916698497028211,-0.0916698497028211,-0.3097775453739583,-0.5039729050314656,0.28118223597559144,-0.09166984970282112,-0.09166984970282112,-0.09166984970282112,-0.09166984970282112,-0.13018891098082386,-0.09166984970282112,-0.13018891098082386,-0.13018891098082386,-0.0916698497028211,-0.0916698497028211,-0.13018891098082386,-0.0916698497028211,-0.09166984970282112,-0.09166984970282112,-0.0916698497028211,-0.13018891098082386,-0.09166984970282112,-0.0916698497028211,-0.09166984970282112,-0.13018891098082386,-0.1856953381770519,-0.0916698497028211,-0.09166984970282112,-0.09166984970282112,-0.13018891098082386,-0.09166984970282112,-0.09166984970282112,-0.09166984970282112,-0.18569533817705192,-0.09166984970282112,-0.0916698497028211,-0.0916698497028211,-0.09166984970282112,-0.09166984970282112,-0.16012815380508713,-0.0916698497028211,-0.13018891098082386,-0.13018891098082386,-0.13018891098082386,-0.09166984970282112,-0.1856953381770519,-0.13018891098082389,-0.16012815380508713,-0.0916698497028211,-0.0916698497028211,7.681145747868607,-0.13018891098082386,-0.09166984970282112,-0.09166984970282112,-0.0916698497028211,-0.16012815380508713,-0.09166984970282112,-0.09166984970282112,-0.09166984970282112,-0.09166984970282112,-0.09166984970282112,-0.13018891098082386,-0.0916698497028211,-0.09166984970282112,-0.09166984970282112,-0.0916698497028211,-0.16012815380508713,-0.13018891098082386,-0.13018891098082386,-0.0916698497028211,-0.09166984970282112,-0.09166984970282112,-0.0916698497028211,-0.0916698497028211,-0.0916698497028211,-0.09166984970282112,-0.0916698497028211,-0.0916698497028211,-0.09166984970282112,-0.1856953381770519,-0.13018891098082386,-0.13018891098082386,-0.09166984970282112,-0.0916698497028211,-0.09166984970282112,-0.0916698497028211,-0.26726124191242434,-0.16012815380508716,-0.24889134708717228,-0.09166984970282112,-0.0916698497028211,6.244997998398398,-0.16012815380508713,-0.39223227027636803,-0.36342189215581555,-0.13018891098082386,-0.2847473987257497,-0.09166984970282112,-0.13018891098082386,-0.0916698497028211,-0.13018891098082386,-0.16012815380508713,-0.13018891098082386,-0.22941573387056183,-0.16012815380508713,-0.3176750402418492,-0.09166984970282112,-0.0916698497028211,-0.0916698497028211,-0.13018891098082386,-0.30151134457776363,-0.09166984970282112,-0.09166984970282112,-0.09166984970282112,-0.09166984970282112,-0.13018891098082386,-0.9198662110077998,-0.24889134708717225,1.3881027585494827,-0.0916698497028211,-0.24889134708717228,-0.13018891098082386,-0.09166984970282112,-0.09166984970282112,-0.09166984970282112,-0.2294157338705618,-0.18569533817705186,-0.22941573387056183,-0.0916698497028211,-0.1856953381770519,-0.16012815380508713,-0.09166984970282112,-0.09166984970282112,-0.0916698497028211,-0.24889134708717228,-0.0916698497028211,-0.30151134457776363,-0.4062616689884986,-0.0916698497028211,-0.09166984970282112,-0.16012815380508716,-0.09166984970282112,-0.3333333333333333,-0.16012815380508716,2.4614677591656093,-0.0916698497028211,-0.09166984970282112,-0.16012815380508716
-0.4472135954999579,-0.5098615096489085,-0.47030867457002173,-1.1243446728633644,-0.8043761605402169,-0.4605661864718382,-0.30151134457776363,-0.0916698497028211,-0.4605661864718383,-0.5388159060803247,1.1860094918228197,-0.22941573387056183,-0.18569533817705192,-0.13018891098082386,-0.18569533817705192,-0.2847473987257497,-0.0007674438878157014,-0.16012815380508713,-0.09166984970282112,-0.09166984970282112,-0.13018891098082386,-0.18569533817705192,-0.07825005579908746,-0.0916698497028211,-0.16012815380508713,-0.0916698497028211,-0.0916698497028211,0.20109245669789375,-0.025731988605995848,0.17684059894300713,-0.09166984970282112,-0.09166984970282112,-0.09166984970282112,-0.09166984970282112,-0.13018891098082386,-0.09166984970282112,-0.13018891098082386,-0.13018891098082386,-0.0916698497028211,-0.0916698497028211,-0.13018891098082386,-0.0916698497028211,-0.09166984970282112,-0.09166984970282112,-0.0916698497028211,-0.13018891098082386,-0.09166984970282112,-0.0916698497028211,-0.09166984970282112,-0.13018891098082386,-0.1856953381770519,-0.0916698497028211,-0.09166984970282112,-0.09166984970282112,-0.13018891098082386,-0.09166984970282112,-0.09166984970282112,-0.09166984970282112,-0.18569533817705192,-0.09166984970282112,-0.0916698497028211,-0.0916698497028211,-0.09166984970282112,-0.09166984970282112,-0.16012815380508713,-0.0916698497028211,-0.13018891098082386,-0.13018891098082386,-0.13018891098082386,-0.09166984970282112,-0.1856953381770519,-0.13018891098082389,-0.16012815380508713,-0.0916698497028211,-0.0916698497028211,-0.13018891098082386,-0.13018891098082386,-0.09166984970282112,-0.09166984970282112,-0.0916698497028211,6.244997998398398,-0.09166984970282112,-0.09166984970282112,-0.09166984970282112,-0.09166984970282112,-0.09166984970282112,-0.13018891098082386,-0.0916698497028211,-0.09166984970282112,-0.09166984970282112,-0.0916698497028211,-0.16012815380508713,-0.13018891098082386,-0.13018891098082386,-0.0916698497028211,-0.09166984970282112,-0.09166984970282112,-0.0916698497028211,-0.0916698497028211,-0.0916698497028211,-0.09166984970282112,-0.0916698497028211,-0.0916698497028211,-0.09166984970282112,-0.1856953381770519,-0.13018891098082386,-0.13018891098082386,-0.09166984970282112,-0.0916698497028211,-0.09166984970282112,-0.0916698497028211,-0.26726124191242434,-0.16012815380508716,-0.24889134708717228,-0.09166984970282112,-0.0916698497028211,-0.16012815380508713,6.244997998398398,-0.39223227027636803,-0.36342189215581555,-0.13018891098082386,-0.2847473987257497,-0.09166984970282112,-0.13018891098082386,-0.0916698497028211,-0.13018891098082386,-0.16012815380508713,-0.13018891098082386,-0.22941573387056183,-0.16012815380508713,-0.3176750402418492,-0.09166984970282112,-0.0916698497028211,-0.0916698497028211,-0.13018891098082386,-0.30151134457776363,-0.09166984970282112,-0.09166984970282112,-0.09166984970282112,-0.09166984970282112,-0.13018891098082386,1.0871146130092182,-0.24889134708717225,-0.7204077607661872,-0.0916698497028211,-0.24889134708717228,-0.13018891098082386,-0.09166984970282112,-0.09166984970282112,-0.09166984970282112,-0.2294157338705618,-0.18569533817705186,-0.22941573387056183,-0.0916698497028211,-0.1856953381770519,-0.16012815380508713,-0.09166984970282112,-0.09166984970282112,-0.0916698497028211,-0.24889134708717228,-0.0916698497028211,3.3166247903554,-0.4062616689884986,-0.0916698497028211,-0.09166984970282112,-0.16012815380508716,-0.09166984970282112,-0.3333333333333333,-0.16012815380508716,-0.4062616689884986,-0.0916698497028211,-0.09166984970282112,-0.16012815380508716
-0.4472135954999579,-0.39128906554451126,-0.4741393296265888,0.8894069800262434,-0.18073922343796897,2.171240593367237,-0.30151134457776363,-0.0916698497028211,-0.4605661864718383,-0.5388159060803247,2.0979069500664504,-0.22941573387056183,-0.18569533817705192,-0.13018891098082386,-0.18569533817705192,-0.2847473987257497,-0.0007674438878157014,-0.16012815380508713,-0.09166984970282112,-0.09166984970282112,-0.13018891098082386,-0.18569533817705192,-0.07825005579908746,-0.0916698497028211,-0.16012815380508713,-0.0916698497028211,-0.0916698497028211,-0.4900846049287285,0.44229870410897215,0.46446869431130533,-0.09166984970282112,-0.09166984970282112,-0.09166984970282112,-0.09166984970282112,-0.13018891098082386,-0.09166984970282112,-0.13018891098082386,-0.13018891098082386,-0.0916698497028211,-0.0916698497028211,-0.13018891098082386,-0.0916698497028211,-0.09166984970282112,-0.09166984970282112,-0.0916698497028211,-0.13018891098082386,-0.09166984970282112,-0.0916698497028211,-0.09166984970282112,-0.13018891098082386,-0.1856953381770519,-0.0916698497028211,-0.09166984970282112,-0.09166984970282112,-0.13018891098082386,-0.09166984970282112,-0.09166984970282112,-0.09166984970282112,-0.18569533817705192,-0.09166984970282112,-0.0916698497028211,-0.0916698497028211,-0.09166984970282112,-0.09166984970282112,-0.16012815380508713,-0.0916698497028211,-0.13018891098082386,-0.13018891098082386,-0.13018891098082386,-0.09166984970282112,-0.1856953381770519,-0.13018891098082389,-0.16012815380508713,-0.0916698497028211,-0.0916698497028211,-0.13018891098082386,-0.13018891098082386,-0.09166984970282112,-0.09166984970282112,-0.0916698497028211,-0.16012815380508713,-0.09166984970282112,-0.09166984970282112,-0.09166984970282112,-0.09166984970282112,-0.09166984970282112,-0.13018891098082386,-0.0916698497028211,-0.09166984970282112,-0.09166984970282112,-0.0916698497028211,6.244997998398398,-0.13018891098082386,-0.13018891098082386,-0.0916698497028211,-0.09166984970282112,-0.09166984970282112,-0.0916698497028211,-0.0916698497028211,-0.0916698497028211,-0.09166984970282112,-0.0916698497028211,-0.0916698497028211,-0.09166984970282112,-0.1856953381770519,-0.13018891098082386,-0.13018891098082386,-0.09166984970282112,-0.0916698497028211,-0.09166984970282112,-0.0916698497028211,-0.26726124191242434,-0.16012815380508716,-0.24889134708717228,-0.09166984970282112,-0.0916698497028211,-0.16012815380508713,-0.16012815380508713,-0.39223227027636803,-0.36342189215581555,-0.13018891098082386,-0.2847473987257497,-0.09166984970282112,-0.13018891098082386,-0.0916698497028211,-0.13018891098082386,-0.16012815380508713,-0.13018891098082386,-0.22941573387056183,6.244997998398398,-0.3176750402418492,-0.09166984970282112,-0.0916698497028211,-0.0916698497028211,-0.13018891098082386,-0.30151134457776363,-0.09166984970282112,-0.09166984970282112,-0.09166984970282112,-0.09166984970282112,-0.13018891098082386,1.0871146130092182,-0.24889134708717225,-0.7204077607661872,-0.0916698497028211,-0.24889134708717228,-0.13018891098082386,-0.09166984970282112,-0.09166984970282112,-0.09166984970282112,4.358898943540674,-0.18569533817705186,-0.22941573387056183,-0.0916698497028211,-0.1856953381770519,-0.16012815380508713,-0.09166984970282112,-0.09166984970282112,-0.0916698497028211,-0.24889134708717228,-0.0916698497028211,-0.30151134457776363,-0.4062616689884986,-0.0916698497028211,-0.09166984970282112,-0.16012815380508716,-0.09166984970282112,-0.3333333333333333,-0.16012815380508716,-0.4062616689884986,-0.0916698497028211,-0.09166984970282112,-0.16012815380508716
-0.4472135954999579,-0.27271662144011394,-0.4818006397397229,-1.1243446728633644,-2.432761496307202,-0.4605661864718382,-0.30151134457776363,-0.0916698497028211,-0.4605661864718383,-0.5388159060803247,-3.1129356684685803,-0.22941573387056183,-0.18569533817705192,-0.13018891098082386,-0.18569533817705192,-0.2847473987257497,-0.0007674438878157014,-0.16012815380508713,-0.09166984970282112,-0.09166984970282112,-0.13018891098082386,-0.18569533817705192,-0.4538503236347483,-0.0916698497028211,-0.16012815380508713,-0.0916698497028211,-0.0916698497028211,-1.1512104899628923,-0.6543687550153519,-0.24814117681281733,-0.09166984970282112,-0.09166984970282112,-0.09166984970282112,-0.09166984970282112,-0.13018891098082386,-0.09166984970282112,-0.13018891098082386,-0.13018891098082386,-0.0916698497028211,-0.0916698497028211,-0.13018891098082386,-0.0916698497028211,-0.09166984970282112,-0.09166984970282112,-0.0916698497028211,-0.13018891098082386,-0.09166984970282112,-0.0916698497028211,-0.09166984970282112,-0.13018891098082386,-0.1856953381770519,-0.0916698497028211,-0.09166984970282112,-0.09166984970282112,-0.13018891098082386,-0.09166984970282112,-0.09166984970282112,-0.09166984970282112,-0.18569533817705192,-0.09166984970282112,-0.0916698497028211,-0.0916698497028211,-0.09166984970282112,-0.09166984970282112,-0.16012815380508713,-0.0916698497028211,-0.13018891098082386,-0.13018891098082386,-0.13018891098082386,-0.09166984970282112,-0.1856953381770519,-0.13018891098082389,-0.16012815380508713,-0.0916698497028211,-0.0916698497028211,-0.13018891098082386,-0.13018891098082386,-0.09166984970282112,-0.09166984970282112,-0.0916698497028211,-0.16012815380508713,-0.09166984970282112,-0.09166984970282112,-0.09166984970282112,-0.09166984970282112,-0.09166984970282112,-0.13018891098082386,-0.0916698497028211,-0.09166984970282112,-0.09166984970282112,-0.0916698497028211,-0.16012815380508713,-0.13018891098082386,-0.13018891098082386,-0.0916698497028211,-0.09166984970282112,-0.09166984970282112,-0.0916698497028211,-0.0916698497028211,-0.0916698497028211,-0.09166984970282112,-0.0916698497028211,-0.0916698497028211,-0.09166984970282112,-0.1856953381770519,-0.13018891098082386,-0.13018891098082386,-0.09166984970282112,10.908712114635712,-0.09166984970282112,-0.0916698497028211,-0.26726124191242434,-0.16012815380508716,-0.24889134708717228,-0.09166984970282112,-0.0916698497028211,-0.16012815380508713,-0.16012815380508713,-0.39223227027636803,-0.36342189215581555,-0.13018891098082386,-0.2847473987257497,-0.09166984970282112,-0.13018891098082386,-0.0916698497028211,7.681145747868607,-0.16012815380508713,-0.13018891098082386,-0.22941573387056183,-0.16012815380508713,-0.3176750402418492,-0.09166984970282112,-0.0916698497028211,-0.0916698497028211,-0.13018891098082386,-0.30151134457776363,-0.09166984970282112,-0.09166984970282112,-0.09166984970282112,-0.09166984970282112,-0.13018891098082386,-0.9198662110077998,4.017817460121495,-0.7204077607661872,-0.0916698497028211,-0.24889134708717228,-0.13018891098082386,-0.09166984970282112,-0.09166984970282112,-0.09166984970282112,-0.2294157338705618,-0.18569533817705186,-0.22941573387056183,-0.0916698497028211,-0.1856953381770519,-0.16012815380508713,-0.09166984970282112,-0.09166984970282112,-0.0916698497028211,-0.24889134708717228,-0.0916698497028211,-0.30151134457776363,-0.4062616689884986,-0.0916698497028211,-0.09166984970282112,-0.16012815380508716,-0.09166984970282112,-0.3333333333333333,-0.16012815380508716,-0.4062616689884986,10.908712114635712,-0.09166984970282112,-0.16012815380508716
-0.4472135954999579,-0.1541441773357166,-0.48946194985285707,0.8894069800262434,-0.8736691535515795,-0.4605661864718382,-0.30151134457776363,-0.0916698497028211,-0.4605661864718383,1.8559214542766738,-0.8331920228595044,-0.22941573387056183,-0.18569533817705192,-0.13018891098082386,-0.18569533817705192,-0.2847473987257497,-0.0007674438878157014,-0.16012815380508713,-0.09166984970282112,-0.09166984970282112,-0.13018891098082386,-0.18569533817705192,0.7266076609916232,-0.0916698497028211,-0.16012815380508713,-0.0916698497028211,-0.0916698497028211,-1.0009546070005833,-0.5012153993578264,-0.11103320601041884,-0.09166984970282112,-0.09166984970282112,-0.09166984970282112,-0.09166984970282112,-0.13018891098082386,-0.09166984970282112,-0.13018891098082386,-0.13018891098082386,-0.0916698497028211,-0.0916698497028211,-0.13018891098082386,-0.0916698497028211,-0.09166984970282112,-0.09166984970282112,-0.0916698497028211,-0.13018891098082386,-0.09166984970282112,-0.0916698497028211,-0.09166984970282112,-0.13018891098082386,-0.1856953381770519,-0.0916698497028211,-0.09166984970282112,-0.09166984970282112,-0.13018891098082386,-0.09166984970282112,-0.09166984970282112,-0.09166984970282112,-0.18569533817705192,-0.09166984970282112,-0.0916698497028211,-0.0916698497028211,-0.09166984970282112,-0.09166984970282112,-0.16012815380508713,-0.0916698497028211,-0.13018891098082386,-0.13018891098082386,-0.13018891098082386,-0.09166984970282112,-0.1856953381770519,-0.13018891098082389,-0.16012815380508713,-0.0916698497028211,-0.0916698497028211,-0.13018891098082386,-0.13018891098082386,-0.09166984970282112,-0.09166984970282112,-0.0916698497028211,-0.16012815380508713,-0.09166984970282112,-0.09166984970282112,-0.09166984970282112,-0.09166984970282112,-0.09166984970282112,-0.13018891098082386,-0.0916698497028211,-0.09166984970282112,-0.09166984970282112,-0.0916698497028211,-0.16012815380508713,-0.13018891098082386,-0.13018891098082386,-0.0916698497028211,-0.09166984970282112,-0.09166984970282112,-0.0916698497028211,-0.0916698497028211,-0.0916698497028211,-0.09166984970282112,-0.0916698497028211,-0.0916698497028211,-0.09166984970282112,-0.1856953381770519,-0.13018891098082386,-0.13018891098082386,-0.09166984970282112,-0.0916698497028211,-0.09166984970282112,10.908712114635712,-0.26726124191242434,-0.16012815380508716,-0.24889134708717228,-0.09166984970282112,-0.0916698497028211,-0.16012815380508713,-0.16012815380508713,-0.39223227027636803,-0.36342189215581555,-0.13018891098082386,3.5118845842842465,-0.09166984970282112,-0.13018891098082386,-0.0916698497028211,-0.13018891098082386,-0.16012815380508713,-0.13018891098082386,-0.22941573387056183,-0.16012815380508713,-0.3176750402418492,-0.09166984970282112,-0.0916698497028211,-0.0916698497028211,-0.13018891098082386,-0.30151134457776363,-0.09166984970282112,-0.09166984970282112,-0.09166984970282112,-0.09166984970282112,-0.13018891098082386,-0.9198662110077998,-0.24889134708717225,1.3881027585494827,-0.0916698497028211,-0.24889134708717228,-0.13018891098082386,-0.09166984970282112,-0.09166984970282112,-0.09166984970282112,-0.2294157338705618,-0.18569533817705186,-0.22941573387056183,-0.0916698497028211,-0.1856953381770519,-0.16012815380508713,-0.09166984970282112,-0.09166984970282112,-0.0916698497028211,-0.24889134708717228,-0.0916698497028211,-0.30151134457776363,2.4614677591656093,-0.0916698497028211,-0.09166984970282112,-0.16012815380508716,-0.09166984970282112,-0.3333333333333333,-0.16012815380508716,-0.4062616689884986,-0.0916698497028211,-0.09166984970282112,-0.16012815380508716
-0.4472135954999579,-0.03557173323131928,-0.4932926049094241,-1.1243446728633644,-1.3587201046311053,-0.4605661864718382,-0.30151134457776363,-0.0916698497028211,-0.4605661864718383,-0.5388159060803247,0.04613766901828033,-0.22941573387056183,-0.18569533817705192,-0.13018891098082386,-0.18569533817705192,-0.2847473987257497,-0.0007674438878157014,-0.16012815380508713,-0.09166984970282112,-0.09166984970282112,-0.13018891098082386,5.3851648071345055,-1.7416226704998834,-0.0916698497028211,-0.16012815380508713,10.908712114635712,-0.0916698497028211,-0.9408522538156581,-0.4901108494829013,0.2051462420346687,-0.09166984970282112,-0.09166984970282112,-0.09166984970282112,-0.09166984970282112,-0.13018891098082386,-0.09166984970282112,-0.13018891098082386,-0.13018891098082386,-0.0916698497028211,-0.0916698497028211,-0.13018891098082386,-0.0916698497028211,-0.09166984970282112,-0.09166984970282112,-0.0916698497028211,-0.13018891098082386,-0.09166984970282112,-0.0916698497028211,-0.09166984970282112,7.681145747868607,-0.1856953381770519,-0.0916698497028211,-0.09166984970282112,-0.09166984970282112,-0.13018891098082386,-0.09166984970282112,-0.09166984970282112,-0.09166984970282112,-0.18569533817705192,-0.09166984970282112,-0.0916698497028211,-0.0916698497028211,-0.09166984970282112,-0.09166984970282112,-0.16012815380508713,-0.0916698497028211,-0.13018891098082386,-0.13018891098082386,-0.13018891098082386,-0.09166984970282112,-0.1856953381770519,-0.13018891098082389,-0.16012815380508713,-0.0916698497028211,-0.0916698497028211,-0.13018891098082386,-0.13018891098082386,-0.09166984970282112,-0.09166984970282112,-0.0916698497028211,-0.16012815380508713,-0.09166984970282112,-0.09166984970282112,-0.09166984970282112,-0.09166984970282112,-0.09166984970282112,-0.13018891098082386,-0.0916698497028211,-0.09166984970282112,-0.09166984970282112,-0.0916698497028211,-0.16012815380508713,-0.13018891098082386,-0.13018891098082386,-0.0916698497028211,-0.09166984970282112,-0.09166984970282112,-0.0916698497028211,-0.0916698497028211,-0.0916698497028211,-0.09166984970282112,-0.0916698497028211,-0.0916698497028211,-0.09166984970282112,-0.1856953381770519,-0.13018891098082386,-0.13018891098082386,-0.09166984970282112,-0.0916698497028211,-0.09166984970282112,-0.0916698497028211,3.741657386773941,-0.16012815380508716,-0.24889134708717228,-0.09166984970282112,-0.0916698497028211,-0.16012815380508713,-0.16012815380508713,-0.39223227027636803,-0.36342189215581555,-0.13018891098082386,-0.2847473987257497,-0.09166984970282112,-0.13018891098082386,-0.0916698497028211,-0.13018891098082386,-0.16012815380508713,-0.13018891098082386,-0.22941573387056183,-0.16012815380508713,-0.3176750402418492,-0.09166984970282112,-0.0916698497028211,-0.0916698497028211,-0.13018891098082386,-0.30151134457776363,-0.09166984970282112,-0.09166984970282112,-0.09166984970282112,-0.09166984970282112,-0.13018891098082386,-0.9198662110077998,4.017817460121495,-0.7204077607661872,-0.0916698497028211,-0.24889134708717228,7.681145747868607,-0.09166984970282112,-0.09166984970282112,-0.09166984970282112,-0.2294157338705618,-0.18569533817705186,-0.22941573387056183,-0.0916698497028211,-0.1856953381770519,-0.16012815380508713,-0.09166984970282112,-0.09166984970282112,-0.0916698497028211,-0.24889134708717228,-0.0916698497028211,-0.30151134457776363,-0.4062616689884986,-0.0916698497028211,-0.09166984970282112,-0.16012815380508716,-0.09166984970282112,-0.3333333333333333,-0.16012815380508716,-0.4062616689884986,-0.0916698497028211,-0.09166984970282112,-0.16012815380508716
-0.4472135954999579,0.08300071087307803,-0.4971232599659912,-1.1243446728633644,0.3043117276415568,-0.4605661864718382,-0.30151134457776363,-0.0916698497028211,-0.4605661864718383,-0.5388159060803247,-0.5726498919327527,-0.22941573387056183,-0.18569533817705192,-0.13018891098082386,-0.18569533817705192,-0.2847473987257497,-0.0007674438878157014,-0.16012815380508713,-0.09166984970282112,-0.09166984970282112,-0.13018891098082386,-0.18569533817705192,-0.07825005579908746,-0.0916698497028211,-0.16012815380508713,-0.0916698497028211,-0.0916698497028211,0.9523718715094412,0.5562507628926007,0.7350022783784933,-0.09166984970282112,-0.09166984970282112,-0.09166984970282112,-0.09166984970282112,-0.13018891098082386,-0.09166984970282112,-0.13018891098082386,-0.13018891098082386,-0.0916698497028211,-0.0916698497028211,-0.13018891098082386,-0.0916698497028211,-0.09166984970282112,-0.09166984970282112,-0.0916698497028211,-0.13018891098082386,-0.09166984970282112,-0.0916698497028211,-0.09166984970282112,-0.13018891098082386,-0.1856953381770519,-0.0916698497028211,-0.09166984970282112,-0.09166984970282112,-0.13018891098082386,-0.09166984970282112,-0.09166984970282112,-0.09166984970282112,-0.18569533817705192,-0.09166984970282112,-0.0916698497028211,-0.0916698497028211,-0.09166984970282112,-0.09166984970282112,-0.16012815380508713,-0.0916698497028211,7.681145747868607,-0.13018891098082386,-0.13018891098082386,-0.09166984970282112,-0.1856953381770519,-0.13018891098082389,-0.16012815380508713,-0.0916698497028211,-0.0916698497028211,-0.13018891098082386,-0.13018891098082386,-0.09166984970282112,-0.09166984970282112,-0.0916698497028211,-0.16012815380508713,-0.09166984970282112,-0.09166984970282112,-0.09166984970282112,-0.09166984970282112,-0.09166984970282112,-0.13018891098082386,-0.0916698497028211,-0.09166984970282112,-0.09166984970282112,-0.0916698497028211,-0.16012815380508713,-0.13018891098082386,-0.13018891098082386,-0.0916698497028211,-0.09166984970282112,-0.09166984970282112,-0.0916698497028211,-0.0916698497028211,-0.0916698497028211,-0.09166984970282112,-0.0916698497028211,-0.0916698497028211,-0.09166984970282112,-0.1856953381770519,-0.13018891098082386,-0.13018891098082386,-0.09166984970282112,-0.0916698497028211,-0.09166984970282112,-0.0916698497028211,-0.26726124191242434,-0.16012815380508716,-0.24889134708717228,-0.09166984970282112,-0.0916698497028211,-0.16012815380508713,-0.16012815380508713,-0.39223227027636803,2.751622897751175,-0.13018891098082386,-0.2847473987257497,-0.09166984970282112,-0.13018891098082386,-0.0916698497028211,-0.13018891098082386,-0.16012815380508713,-0.13018891098082386,-0.22941573387056183,-0.16012815380508713,-0.3176750402418492,-0.09166984970282112,-0.0916698497028211,-0.0916698497028211,-0.13018891098082386,-0.30151134457776363,-0.09166984970282112,-0.09166984970282112,-0.09166984970282112,-0.09166984970282112,-0.13018891098082386,1.0871146130092182,-0.24889134708717225,-0.7204077607661872,-0.0916698497028211,-0.24889134708717228,-0.13018891098082386,-0.09166984970282112,-0.09166984970282112,-0.09166984970282112,-0.2294157338705618,-0.18569533817705186,-0.22941573387056183,-0.0916698497028211,-0.1856953381770519,-0.16012815380508713,-0.09166984970282112,-0.09166984970282112,-0.0916698497028211,-0.24889134708717228,-0.0916698497028211,-0.30151134457776363,-0.4062616689884986,-0.0916698497028211,-0.09166984970282112,-0.16012815380508716,-0.09166984970282112,-0.3333333333333333,-0.16012815380508716,2.4614677591656093,-0.0916698497028211,-0.09166984970282112,-0.16012815380508716
-0.4472135954999579,0.20157315497747536,-0.4971232599659912,0.8894069800262434,-0.2846787129550113,-0.4605661864718382,3.3166247903554,-0.0916698497028211,2.1712405933672376,-0.5388159060803247,-0.9634630883228803,-0.22941573387056183,-0.18569533817705192,-0.13018891098082386,-0.18569533817705192,-0.2847473987257497,-0.0007674438878157014,-0.16012815380508713,-0.09166984970282112,-0.09166984970282112,-0.13018891098082386,-0.18569533817705192,-0.07825005579908746,-0.0916698497028211,-0.16012815380508713,-0.0916698497028211,-0.0916698497028211,0.14099010351297123,-0.8367367653773784,-0.0798695458719935,-0.09166984970282112,-0.09166984970282112,-0.09166984970282112,-0.09166984970282112,-0.13018891098082386,-0.09166984970282112,-0.13018891098082386,-0.13018891098082386,-0.0916698497028211,-0.0916698497028211,-0.13018891098082386,-0.0916698497028211,-0.09166984970282112,-0.09166984970282112,-0.0916698497028211,-0.13018891098082386,-0.09166984970282112,-0.0916698497028211,-0.09166984970282112,-0.13018891098082386,-0.1856953381770519,-0.0916698497028211,-0.09166984970282112,-0.09166984970282112,-0.13018891098082386,-0.09166984970282112,-0.09166984970282112,-0.09166984970282112,-0.18569533817705192,-0.09166984970282112,-0.0916698497028211,-0.0916698497028211,-0.09166984970282112,-0.09166984970282112,-0.16012815380508713,-0.0916698497028211,-0.13018891098082386,-0.13018891098082386,7.681145747868607,-0.09166984970282112,-0.1856953381770519,-0.13018891098082389,-0.16012815380508713,-0.0916698497028211,-0.0916698497028211,-0.13018891098082386,-0.13018891098082386,-0.09166984970282112,-0.09166984970282112,-0.0916698497028211,-0.16012815380508713,-0.09166984970282112,-0.09166984970282112,-0.09166984970282112,-0.09166984970282112,-0.09166984970282112,-0.13018891098082386,-0.0916698497028211,-0.09166984970282112,-0.09166984970282112,-0.0916698497028211,-0.16012815380508713,-0.13018891098082386,-0.13018891098082386,-0.0916698497028211,-0.09166984970282112,-0.09166984970282112,-0.0916698497028211,-0.0916698497028211,-0.0916698497028211,-0.09166984970282112,-0.0916698497028211,-0.0916698497028211,-0.09166984970282112,-0.1856953381770519,-0.13018891098082386,-0.13018891098082386,-0.09166984970282112,-0.0916698497028211,-0.09166984970282112,-0.0916698497028211,-0.26726124191242434,-0.16012815380508716,-0.24889134708717228,-0.09166984970282112,-0.0916698497028211,-0.16012815380508713,-0.16012815380508713,-0.39223227027636803,-0.36342189215581555,7.681145747868607,-0.2847473987257497,-0.09166984970282112,-0.13018891098082386,-0.0916698497028211,-0.13018891098082386,-0.16012815380508713,-0.13018891098082386,-0.22941573387056183,-0.16012815380508713,-0.3176750402418492,-0.09166984970282112,-0.0916698497028211,-0.0916698497028211,-0.13018891098082386,-0.30151134457776363,-0.09166984970282112,-0.09166984970282112,-0.09166984970282112,-0.09166984970282112,-0.13018891098082386,1.0871146130092182,-0.24889134708717225,-0.7204077607661872,-0.0916698497028211,-0.24889134708717228,-0.13018891098082386,-0.09166984970282112,-0.09166984970282112,-0.09166984970282112,-0.2294157338705618,-0.18569533817705186,-0.22941573387056183,-0.0916698497028211,-0.1856953381770519,-0.16012815380508713,-0.09166984970282112,-0.09166984970282112,-0.0916698497028211,-0.24889134708717228,-0.0916698497028211,-0.30151134457776363,-0.4062616689884986,-0.0916698497028211,-0.09166984970282112,6.244997998398399,-0.09166984970282112,-0.3333333333333333,-0.16012815380508716,-0.4062616689884986,-0.0916698497028211,-0.09166984970282112,-0.16012815380508716
-0.4472135954999579,0.3201455990818727,-0.5009539150225583,-1.1243446728633644,0.06178625210179546,-0.4605661864718382,-0.30151134457776363,-0.0916698497028211,2.1712405933672376,-0.5388159060803247,-0.3446755273718443,-0.22941573387056183,-0.18569533817705192,-0.13018891098082386,-0.18569533817705192,-0.2847473987257497,-0.0007674438878157014,-0.16012815380508713,-0.09166984970282112,-0.09166984970282112,-0.13018891098082386,-0.18569533817705192,1.4778081966629497,-0.0916698497028211,-0.16012815380508713,-0.0916698497028211,-0.0916698497028211,-0.3698798985588808,0.7787143962929474,0.5294062997486798,-0.09166984970282112,-0.09166984970282112,-0.09166984970282112,-0.09166984970282112,-0.13018891098082386,-0.09166984970282112,-0.13018891098082386,-0.13018891098082386,-0.0916698497028211,-0.0916698497028211,-0.13018891098082386,-0.0916698497028211,-0.09166984970282112,-0.09166984970282112,-0.0916698497028211,-0.13018891098082386,-0.09166984970282112,-0.0916698497028211,-0.09166984970282112,-0.13018891098082386,-0.1856953381770519,-0.0916698497028211,-0.09166984970282112,-0.09166984970282112,-0.13018891098082386,-0.09166984970282112,-0.09166984970282112,-0.09166984970282112,-0.18569533817705192,-0.09166984970282112,-0.0916698497028211,-0.0916698497028211,-0.09166984970282112,-0.09166984970282112,6.244997998398398,-0.0916698497028211,-0.13018891098082386,-0.13018891098082386,-0.13018891098082386,-0.09166984970282112,-0.1856953381770519,-0.13018891098082389,-0.16012815380508713,-0.0916698497028211,-0.0916698497028211,-0.13018891098082386,-0.13018891098082386,-0.09166984970282112,-0.09166984970282112,-0.0916698497028211,-0.16012815380508713,-0.09166984970282112,-0.09166984970282112,-0.09166984970282112,-0.09166984970282112,-0.09166984970282112,-0.13018891098082386,-0.0916698497028211,-0.09166984970282112,-0.09166984970282112,-0.0916698497028211,-0.16012815380508713,-0.13018891098082386,-0.13018891098082386,-0.0916698497028211,-0.09166984970282112,-0.09166984970282112,-0.0916698497028211,-0.0916698497028211,-0.0916698497028211,-0.09166984970282112,-0.0916698497028211,-0.0916698497028211,-0.09166984970282112,-0.1856953381770519,-0.13018891098082386,-0.13018891098082386,-0.09166984970282112,-0.0916698497028211,-0.09166984970282112,-0.0916698497028211,-0.26726124191242434,-0.16012815380508716,-0.24889134708717228,-0.09166984970282112,-0.0916698497028211,-0.16012815380508713,-0.16012815380508713,2.5495097567963922,-0.36342189215581555,-0.13018891098082386,-0.2847473987257497,-0.09166984970282112,-0.13018891098082386,-0.0916698497028211,-0.13018891098082386,-0.16012815380508713,-0.13018891098082386,-0.22941573387056183,-0.16012815380508713,-0.3176750402418492,-0.09166984970282112,-0.0916698497028211,-0.0916698497028211,-0.13018891098082386,-0.30151134457776363,-0.09166984970282112,-0.09166984970282112,-0.09166984970282112,-0.09166984970282112,-0.13018891098082386,-0.9198662110077998,-0.24889134708717225,1.3881027585494827,-0.0916698497028211,-0.24889134708717228,-0.13018891098082386,-0.09166984970282112,-0.09166984970282112,-0.09166984970282112,-0.2294157338705618,-0.18569533817705186,-0.22941573387056183,-0.0916698497028211,5.385164807134505,-0.16012815380508713,-0.09166984970282112,-0.09166984970282112,-0.0916698497028211,-0.24889134708717228,-0.0916698497028211,-0.30151134457776363,-0.4062616689884986,-0.0916698497028211,-0.09166984970282112,-0.16012815380508716,-0.09166984970282112,-0.3333333333333333,-0.16012815380508716,-0.4062616689884986,-0.0916698497028211,-0.09166984970282112,-0.16012815380508716
-0.4472135954999579,0.43871804318627,-0.5047845700791254,-1.1243446728633644,0.20037223812451754,-0.4605661864718382,-0.30151134457776363,-0.0916698497028211,-0.4605661864718383,-0.5388159060803247,-1.1263019201520994,-0.22941573387056183,-0.18569533817705192,-0.13018891098082386,-0.18569533817705192,-0.2847473987257497,-0.0007674438878157014,-0.16012815380508713,-0.09166984970282112,-0.09166984970282112,-0.13018891098082386,-0.18569533817705192,0.833922023230382,-0.0916698497028211,6.244997998398398,-0.0916698497028211,-0.0916698497028211,-0.21962401559657188,1.2099286619058145,0.679146827235841,-0.09166984970282112,-0.09166984970282112,-0.09166984970282112,-0.09166984970282112,-0.13018891098082386,-0.09166984970282112,-0.13018891098082386,-0.13018891098082386,-0.0916698497028211,-0.0916698497028211,-0.13018891098082386,-0.0916698497028211,-0.09166984970282112,-0.09166984970282112,-0.0916698497028211,-0.13018891098082386,-0.09166984970282112,-0.0916698497028211,-0.09166984970282112,-0.13018891098082386,-0.1856953381770519,-0.0916698497028211,-0.09166984970282112,-0.09166984970282112,-0.13018891098082386,-0.09166984970282112,-0.09166984970282112,-0.09166984970282112,5.3851648071345055,-0.09166984970282112,-0.0916698497028211,-0.0916698497028211,-0.09166984970282112,-0.09166984970282112,-0.16012815380508713,-0.0916698497028211,-0.13018891098082386,-0.13018891098082386,-0.13018891098082386,-0.09166984970282112,-0.1856953381770519,-0.13018891098082389,-0.16012815380508713,-0.0916698497028211,-0.0916698497028211,-0.13018891098082386,-0.13018891098082386,-0.09166984970282112,-0.09166984970282112,-0.0916698497028211,-0.16012815380508713,-0.09166984970282112,-0.09166984970282112,-0.09166984970282112,-0.09166984970282112,-0.09166984970282112,-0.13018891098082386,-0.0916698497028211,-0.09166984970282112,-0.09166984970282112,-0.0916698497028211,-0.16012815380508713,-0.13018891098082386,-0.13018891098082386,-0.0916698497028211,-0.09166984970282112,-0.09166984970282112,-0.0916698497028211,-0.0916698497028211,-0.0916698497028211,-0.09166984970282112,-0.0916698497028211,-0.0916698497028211,-0.09166984970282112,-0.1856953381770519,-0.13018891098082386,-0.13018891098082386,-0.09166984970282112,-0.0916698497028211,-0.09166984970282112,-0.0916698497028211,-0.26726124191242434,-0.16012815380508716,-0.24889134708717228,-0.09166984970282112,-0.0916698497028211,-0.16012815380508713,-0.16012815380508713,2.5495097567963922,-0.36342189215581555,-0.13018891098082386,-0.2847473987257497,-0.09166984970282112,-0.13018891098082386,-0.0916698497028211,-0.13018891098082386,-0.16012815380508713,-0.13018891098082386,-0.22941573387056183,-0.16012815380508713,-0.3176750402418492,-0.09166984970282112,-0.0916698497028211,-0.0916698497028211,-0.13018891098082386,-0.30151134457776363,-0.09166984970282112,-0.09166984970282112,-0.09166984970282112,-0.09166984970282112,-0.13018891098082386,1.0871146130092182,-0.24889134708717225,-0.7204077607661872,-0.0916698497028211,-0.24889134708717228,-0.13018891098082386,-0.09166984970282112,-0.09166984970282112,-0.09166984970282112,-0.2294157338705618,-0.18569533817705186,-0.22941573387056183,-0.0916698497028211,-0.1856953381770519,-0.16012815380508713,-0.09166984970282112,-0.09166984970282112,-0.0916698497028211,-0.24889134708717228,-0.0916698497028211,-0.30151134457776363,-0.4062616689884986,-0.0916698497028211,-0.09166984970282112,-0.16012815380508716,-0.09166984970282112,-0.3333333333333333,-0.16012815380508716,-0.4062616689884986,-0.0916698497028211,-0.09166984970282112,6.244997998398399
-0.4472135954999579,0.5572904872906673,-0.5047845700791254,-1.1243446728633644,-0.5272041884947727,-0.4605661864718382,-0.30151134457776363,-0.0916698497028211,-0.4605661864718383,-0.5388159060803247,-1.0937341537862562,-0.22941573387056183,-0.18569533817705192,-0.13018891098082386,-0.18569533817705192,-0.2847473987257497,-0.0007674438878157014,-0.16012815380508713,-0.09166984970282112,-0.09166984970282112,-0.13018891098082386,5.3851648071345055,-3.8342527341557293,-0.0916698497028211,-0.16012815380508713,-0.0916698497028211,-0.0916698497028211,-0.42998225174380605,-0.8901727537016827,-0.33117281587598846,-0.09166984970282112,-0.09166984970282112,-0.09166984970282112,-0.09166984970282112,-0.13018891098082386,-0.09166984970282112,-0.13018891098082386,-0.13018891098082386,-0.0916698497028211,-0.0916698497028211,-0.13018891098082386,-0.0916698497028211,-0.09166984970282112,-0.09166984970282112,-0.0916698497028211,-0.13018891098082386,-0.09166984970282112,-0.0916698497028211,-0.09166984970282112,-0.13018891098082386,-0.1856953381770519,-0.0916698497028211,-0.09166984970282112,-0.09166984970282112,-0.13018891098082386,-0.09166984970282112,-0.09166984970282112,-0.09166984970282112,-0.18569533817705192,-0.09166984970282112,-0.0916698497028211,-0.0916698497028211,-0.09166984970282112,-0.09166984970282112,-0.16012815380508713,-0.0916698497028211,-0.13018891098082386,-0.13018891098082386,-0.13018891098082386,-0.09166984970282112,-0.1856953381770519,-0.13018891098082389,6.244997998398398,-0.0916698497028211,-0.0916698497028211,-0.13018891098082386,-0.13018891098082386,-0.09166984970282112,-0.09166984970282112,-0.0916698497028211,-0.16012815380508713,-0.09166984970282112,-0.09166984970282112,-0.09166984970282112,-0.09166984970282112,-0.09166984970282112,-0.13018891098082386,-0.0916698497028211,-0.09166984970282112,-0.09166984970282112,-0.0916698497028211,-0.16012815380508713,-0.13018891098082386,-0.13018891098082386,-0.0916698497028211,-0.09166984970282112,-0.09166984970282112,-0.0916698497028211,-0.0916698497028211,-0.0916698497028211,-0.09166984970282112,-0.0916698497028211,-0.0916698497028211,-0.09166984970282112,-0.1856953381770519,-0.13018891098082386,-0.13018891098082386,-0.09166984970282112,-0.0916698497028211,-0.09166984970282112,-0.0916698497028211,3.741657386773941,-0.16012815380508716,-0.24889134708717228,-0.09166984970282112,-0.0916698497028211,-0.16012815380508713,-0.16012815380508713,-0.39223227027636803,-0.36342189215581555,-0.13018891098082386,-0.2847473987257497,-0.09166984970282112,-0.13018891098082386,-0.0916698497028211,-0.13018891098082386,-0.16012815380508713,-0.13018891098082386,-0.22941573387056183,-0.16012815380508713,-0.3176750402418492,-0.09166984970282112,-0.0916698497028211,-0.0916698497028211,-0.13018891098082386,-0.30151134457776363,-0.09166984970282112,-0.09166984970282112,-0.09166984970282112,-0.09166984970282112,-0.13018891098082386,1.0871146130092182,-0.24889134708717225,-0.7204077607661872,-0.0916698497028211,-0.24889134708717228,-0.13018891098082386,-0.09166984970282112,-0.09166984970282112,-0.09166984970282112,-0.2294157338705618,-0.18569533817705186,-0.22941573387056183,-0.0916698497028211,-0.1856953381770519,-0.16012815380508713,-0.09166984970282112,-0.09166984970282112,-0.0916698497028211,4.0178174601214955,-0.0916698497028211,-0.30151134457776363,-0.4062616689884986,-0.0916698497028211,-0.09166984970282112,-0.16012815380508716,-0.09166984970282112,-0.3333333333333333,-0.16012815380508716,-0.4062616689884986,-0.0916698497028211,-0.09166984970282112,-0.16012815380508716
-0.4472135954999579,0.6758629313950646,-0.5047845700791254,-1.1243446728633644,1.2397671332949316,-0.4605661864718382,3.3166247903554,-0.0916698497028211,-0.4605661864718383,-0.5388159060803247,-0.3446755273718443,-0.22941573387056183,-0.18569533817705192,-0.13018891098082386,-0.18569533817705192,-0.2847473987257497,-0.0007674438878157014,-0.16012815380508713,-0.09166984970282112,-0.09166984970282112,-0.13018891098082386,-0.18569533817705192,3.4094667169606523,-0.0916698497028211,6.244997998398398,-0.0916698497028211,-0.0916698497028211,0.3212971630677415,0.29294623465024666,-0.004348985927033201,-0.09166984970282112,-0.09166984970282112,-0.09166984970282112,10.908712114635714,-0.13018891098082386,-0.09166984970282112,-0.13018891098082386,-0.13018891098082386,-0.0916698497028211,-0.0916698497028211,-0.13018891098082386,-0.0916698497028211,-0.09166984970282112,-0.09166984970282112,-0.0916698497028211,-0.13018891098082386,-0.09166984970282112,-0.0916698497028211,-0.09166984970282112,-0.13018891098082386,-0.1856953381770519,-0.0916698497028211,-0.09166984970282112,-0.09166984970282112,-0.13018891098082386,-0.09166984970282112,-0.09166984970282112,-0.09166984970282112,-0.18569533817705192,-0.09166984970282112,-0.0916698497028211,-0.0916698497028211,-0.09166984970282112,-0.09166984970282112,-0.16012815380508713,-0.0916698497028211,-0.13018891098082386,-0.13018891098082386,-0.13018891098082386,-0.09166984970282112,-0.1856953381770519,-0.13018891098082389,-0.16012815380508713,-0.0916698497028211,-0.0916698497028211,-0.13018891098082386,-0.13018891098082386,-0.09166984970282112,-0.09166984970282112,-0.0916698497028211,-0.16012815380508713,-0.09166984970282112,-0.09166984970282112,-0.09166984970282112,-0.09166984970282112,-0.09166984970282112,-0.13018891098082386,-0.0916698497028211,-0.09166984970282112,-0.09166984970282112,-0.0916698497028211,-0.16012815380508713,-0.13018891098082386,-0.13018891098082386,-0.0916698497028211,-0.09166984970282112,-0.09166984970282112,-0.0916698497028211,-0.0916698497028211,-0.0916698497028211,-0.09166984970282112,-0.0916698497028211,-0.0916698497028211,-0.09166984970282112,-0.1856953381770519,-0.13018891098082386,-0.13018891098082386,-0.09166984970282112,-0.0916698497028211,-0.09166984970282112,-0.0916698497028211,-0.26726124191242434,-0.16012815380508716,-0.24889134708717228,-0.09166984970282112,-0.0916698497028211,-0.16012815380508713,-0.16012815380508713,-0.39223227027636803,2.751622897751175,-0.13018891098082386,-0.2847473987257497,-0.09166984970282112,-0.13018891098082386,-0.0916698497028211,-0.13018891098082386,-0.16012815380508713,-0.13018891098082386,-0.22941573387056183,-0.16012815380508713,-0.3176750402418492,-0.09166984970282112,-0.0916698497028211,-0.0916698497028211,-0.13018891098082386,-0.30151134457776363,-0.09166984970282112,-0.09166984970282112,-0.09166984970282112,-0.09166984970282112,-0.13018891098082386,1.0871146130092182,-0.24889134708717225,-0.7204077607661872,-0.0916698497028211,-0.24889134708717228,-0.13018891098082386,-0.09166984970282112,-0.09166984970282112,10.908712114635714,-0.2294157338705618,-0.18569533817705186,-0.22941573387056183,-0.0916698497028211,-0.1856953381770519,-0.16012815380508713,-0.09166984970282112,-0.09166984970282112,-0.0916698497028211,-0.24889134708717228,-0.0916698497028211,-0.30151134457776363,-0.4062616689884986,-0.0916698497028211,-0.09166984970282112,-0.16012815380508716,-0.09166984970282112,-0.3333333333333333,-0.16012815380508716,-0.4062616689884986,-0.0916698497028211,-0.09166984970282112,-0.16012815380508716
-0.4472135954999579,0.794435375499462,-0.5086152251356925,0.8894069800262434,-0.5618506850004555,-0.4605661864718382,-0.30151134457776363,-0.0916698497028211,-0.4605661864718383,-0.5388159060803247,-0.4098110601035337,-0.22941573387056183,-0.18569533817705192,-0.13018891098082386,-0.18569533817705192,-0.2847473987257497,-0.0007674438878157014,-0.16012815380508713,-0.09166984970282112,-0.09166984970282112,-0.13018891098082386,-0.18569533817705192,-1.258708040425459,-0.0916698497028211,-0.16012815380508713,-0.0916698497028211,-0.0916698497028211,-1.5118246090724354,-0.4104412936688406,-0.6780242521016068,-0.09166984970282112,-0.09166984970282112,-0.09166984970282112,-0.09166984970282112,-0.13018891098082386,-0.09166984970282112,-0.13018891098082386,-0.13018891098082386,-0.0916698497028211,-0.0916698497028211,-0.13018891098082386,-0.0916698497028211,-0.09166984970282112,-0.09166984970282112,-0.0916698497028211,-0.13018891098082386,-0.09166984970282112,-0.0916698497028211,-0.09166984970282112,-0.13018891098082386,-0.1856953381770519,-0.0916698497028211,-0.09166984970282112,-0.09166984970282112,-0.13018891098082386,-0.09166984970282112,-0.09166984970282112,-0.09166984970282112,-0.18569533817705192,-0.09166984970282112,-0.0916698497028211,-0.0916698497028211,-0.09166984970282112,-0.09166984970282112,-0.16012815380508713,-0.0916698497028211,-0.13018891098082386,-0.13018891098082386,-0.13018891098082386,10.908712114635714,-0.1856953381770519,-0.13018891098082389,-0.16012815380508713,-0.0916698497028211,-0.0916698497028211,-0.13018891098082386,-0.13018891098082386,-0.09166984970282112,-0.09166984970282112,-0.0916698497028211,-0.16012815380508713,-0.09166984970282112,-0.09166984970282112,-0.09166984970282112,-0.09166984970282112,-0.09166984970282112,-0.13018891098082386,-0.0916698497028211,-0.09166984970282112,-0.09166984970282112,-0.0916698497028211,-0.16012815380508713,-0.13018891098082386,-0.13018891098082386,-0.0916698497028211,-0.09166984970282112,-0.09166984970282112,-0.0916698497028211,-0.0916698497028211,-0.0916698497028211,-0.09166984970282112,-0.0916698497028211,-0.0916698497028211,-0.09166984970282112,-0.1856953381770519,-0.13018891098082386,-0.13018891098082386,-0.09166984970282112,-0.0916698497028211,-0.09166984970282112,-0.0916698497028211,-0.26726124191242434,-0.16012815380508716,-0.24889134708717228,-0.09166984970282112,-0.0916698497028211,-0.16012815380508713,-0.16012815380508713,-0.39223227027636803,-0.36342189215581555,-0.13018891098082386,-0.2847473987257497,-0.09166984970282112,-0.13018891098082386,-0.0916698497028211,-0.13018891098082386,-0.16012815380508713,-0.13018891098082386,-0.22941573387056183,-0.16012815380508713,-0.3176750402418492,-0.09166984970282112,-0.0916698497028211,-0.0916698497028211,7.681145747868607,-0.30151134457776363,-0.09166984970282112,-0.09166984970282112,-0.09166984970282112,-0.09166984970282112,-0.13018891098082386,-0.9198662110077998,-0.24889134708717225,-0.7204077607661872,-0.0916698497028211,-0.24889134708717228,-0.13018891098082386,-0.09166984970282112,-0.09166984970282112,-0.09166984970282112,-0.2294157338705618,-0.18569533817705186,-0.22941573387056183,-0.0916698497028211,-0.1856953381770519,-0.16012815380508713,-0.09166984970282112,-0.09166984970282112,-0.0916698497028211,-0.24889134708717228,-0.0916698497028211,-0.30151134457776363,-0.4062616689884986,-0.0916698497028211,-0.09166984970282112,6.244997998398399,-0.09166984970282112,-0.3333333333333333,-0.16012815380508716,-0.4062616689884986,-0.0916698497028211,-0.09166984970282112,-0.16012815380508716
-0.4472135954999579,0.9130078196038592,-0.5124458801922595,-1.1243446728633644,-1.3587201046311053,-0.4605661864718382,-0.30151134457776363,-0.0916698497028211,-0.4605661864718383,-0.5388159060803247,0.24154426721334554,-0.22941573387056183,-0.18569533817705192,-0.13018891098082386,-0.18569533817705192,-0.2847473987257497,-0.0007674438878157014,-0.16012815380508713,-0.09166984970282112,-0.09166984970282112,-0.13018891098082386,-0.18569533817705192,-1.9562513949774059,-0.0916698497028211,-0.16012815380508713,-0.0916698497028211,-0.0916698497028211,-0.5201357815211924,-0.7575143726455295,-0.26282965536573216,-0.09166984970282112,-0.09166984970282112,10.908712114635714,-0.09166984970282112,-0.13018891098082386,-0.09166984970282112,-0.13018891098082386,-0.13018891098082386,-0.0916698497028211,-0.0916698497028211,-0.13018891098082386,-0.0916698497028211,-0.09166984970282112,-0.09166984970282112,-0.0916698497028211,-0.13018891098082386,-0.09166984970282112,-0.0916698497028211,-0.09166984970282112,-0.13018891098082386,-0.1856953381770519,-0.0916698497028211,-0.09166984970282112,-0.09166984970282112,-0.13018891098082386,-0.09166984970282112,-0.09166984970282112,-0.09166984970282112,-0.18569533817705192,-0.09166984970282112,-0.0916698497028211,-0.0916698497028211,-0.09166984970282112,-0.09166984970282112,-0.16012815380508713,-0.0916698497028211,-0.13018891098082386,-0.13018891098082386,-0.13018891098082386,-0.09166984970282112,-0.1856953381770519,-0.13018891098082389,-0.16012815380508713,-0.0916698497028211,-0.0916698497028211,-0.13018891098082386,-0.13018891098082386,-0.09166984970282112,-0.09166984970282112,-0.0916698497028211,-0.16012815380508713,-0.09166984970282112,-0.09166984970282112,-0.09166984970282112,-0.09166984970282112,-0.09166984970282112,-0.13018891098082386,-0.0916698497028211,-0.09166984970282112,-0.09166984970282112,-0.0916698497028211,-0.16012815380508713,-0.13018891098082386,-0.13018891098082386,-0.0916698497028211,-0.09166984970282112,-0.09166984970282112,-0.0916698497028211,-0.0916698497028211,-0.0916698497028211,-0.09166984970282112,-0.0916698497028211,-0.0916698497028211,-0.09166984970282112,-0.1856953381770519,-0.13018891098082386,-0.13018891098082386,-0.09166984970282112,-0.0916698497028211,-0.09166984970282112,-0.0916698497028211,-0.26726124191242434,-0.16012815380508716,-0.24889134708717228,10.908712114635714,-0.0916698497028211,-0.16012815380508713,-0.16012815380508713,-0.39223227027636803,-0.36342189215581555,-0.13018891098082386,-0.2847473987257497,-0.09166984970282112,-0.13018891098082386,-0.0916698497028211,-0.13018891098082386,-0.16012815380508713,-0.13018891098082386,-0.22941573387056183,-0.16012815380508713,-0.3176750402418492,-0.09166984970282112,-0.0916698497028211,-0.0916698497028211,-0.13018891098082386,-0.30151134457776363,-0.09166984970282112,-0.09166984970282112,-0.09166984970282112,-0.09166984970282112,-0.13018891098082386,-0.9198662110077998,4.017817460121495,-0.7204077607661872,-0.0916698497028211,-0.24889134708717228,-0.13018891098082386,-0.09166984970282112,-0.09166984970282112,-0.09166984970282112,-0.2294157338705618,-0.18569533817705186,-0.22941573387056183,-0.0916698497028211,-0.1856953381770519,-0.16012815380508713,-0.09166984970282112,-0.09166984970282112,-0.0916698497028211,4.0178174601214955,-0.0916698497028211,-0.30151134457776363,-0.4062616689884986,-0.0916698497028211,-0.09166984970282112,-0.16012815380508716,-0.09166984970282112,-0.3333333333333333,-0.16012815380508716,-0.4062616689884986,-0.0916698497028211,-0.09166984970282112,-0.16012815380508716
-0.4472135954999579,1.0315802637082565,-0.5162765352488266,-1.1243446728633644,-0.25003221644933155,-0.4605661864718382,-0.30151134457776363,-0.0916698497028211,-0.4605661864718383,-0.5388159060803247,0.04613766901828033,-0.22941573387056183,-0.18569533817705192,-0.13018891098082386,-0.18569533817705192,-0.2847473987257497,-0.0007674438878157014,-0.16012815380508713,-0.09166984970282112,-0.09166984970282112,-0.13018891098082386,-0.18569533817705192,2.872894905766844,-0.0916698497028211,-0.16012815380508713,-0.0916698497028211,-0.0916698497028211,-0.3698798985588808,0.11363383868333371,0.07600714876474685,-0.09166984970282112,-0.09166984970282112,-0.09166984970282112,-0.09166984970282112,-0.13018891098082386,-0.09166984970282112,-0.13018891098082386,7.681145747868607,-0.0916698497028211,-0.0916698497028211,-0.13018891098082386,-0.0916698497028211,-0.09166984970282112,-0.09166984970282112,-0.0916698497028211,-0.13018891098082386,-0.09166984970282112,-0.0916698497028211,-0.09166984970282112,-0.13018891098082386,-0.1856953381770519,-0.0916698497028211,-0.09166984970282112,-0.09166984970282112,-0.13018891098082386,-0.09166984970282112,-0.09166984970282112,-0.09166984970282112,-0.18569533817705192,-0.09166984970282112,-0.0916698497028211,-0.0916698497028211,-0.09166984970282112,-0.09166984970282112,-0.16012815380508713,-0.0916698497028211,-0.13018891098082386,-0.13018891098082386,-0.13018891098082386,-0.09166984970282112,-0.1856953381770519,-0.13018891098082389,-0.16012815380508713,-0.0916698497028211,-0.0916698497028211,-0.13018891098082386,-0.13018891098082386,-0.09166984970282112,-0.09166984970282112,-0.0916698497028211,-0.16012815380508713,-0.09166984970282112,-0.09166984970282112,-0.09166984970282112,-0.09166984970282112,-0.09166984970282112,-0.13018891098082386,-0.0916698497028211,-0.09166984970282112,-0.09166984970282112,-0.0916698497028211,-0.16012815380508713,-0.13018891098082386,-0.13018891098082386,-0.0916698497028211,-0.09166984970282112,-0.09166984970282112,-0.0916698497028211,-0.0916698497028211,-0.0916698497028211,-0.09166984970282112,-0.0916698497028211,-0.0916698497028211,-0.09166984970282112,-0.1856953381770519,-0.13018891098082386,-0.13018891098082386,-0.09166984970282112,-0.0916698497028211,-0.09166984970282112,-0.0916698497028211,-0.26726124191242434,-0.16012815380508716,-0.24889134708717228,-0.09166984970282112,-0.0916698497028211,-0.16012815380508713,-0.16012815380508713,2.5495097567963922,-0.36342189215581555,-0.13018891098082386,-0.2847473987257497,-0.09166984970282112,-0.13018891098082386,-0.0916698497028211,-0.13018891098082386,-0.16012815380508713,-0.13018891098082386,-0.22941573387056183,-0.16012815380508713,-0.3176750402418492,-0.09166984970282112,-0.0916698497028211,-0.0916698497028211,-0.13018891098082386,-0.30151134457776363,-0.09166984970282112,-0.09166984970282112,-0.09166984970282112,-0.09166984970282112,-0.13018891098082386,1.0871146130092182,-0.24889134708717225,-0.7204077607661872,-0.0916698497028211,4.0178174601214955,-0.13018891098082386,-0.09166984970282112,-0.09166984970282112,-0.09166984970282112,-0.2294157338705618,-0.18569533817705186,-0.22941573387056183,-0.0916698497028211,-0.1856953381770519,-0.16012815380508713,-0.09166984970282112,-0.09166984970282112,-0.0916698497028211,-0.24889134708717228,-0.0916698497028211,-0.30151134457776363,-0.4062616689884986,-0.0916698497028211,-0.09166984970282112,-0.16012815380508716,-0.09166984970282112,-0.3333333333333333,-0.16012815380508716,-0.4062616689884986,-0.0916698497028211,-0.09166984970282112,-0.16012815380508716
-0.4472135954999579,1.1501527078126539,-0.5162765352488266,-1.1243446728633644,-1.531952587159507,-0.4605661864718382,-0.30151134457776363,-0.0916698497028211,-0.4605661864718383,-0.5388159060803247,-1.1914374528837888,-0.22941573387056183,-0.18569533817705192,-0.13018891098082386,-0.18569533817705192,-0.2847473987257497,-0.0007674438878157014,-0.16012815380508713,-0.09166984970282112,-0.09166984970282112,-0.13018891098082386,-0.18569533817705192,0.5119789365141006,-0.0916698497028211,-0.16012815380508713,-0.0916698497028211,-0.0916698497028211,-1.4216710792950489,-0.6880550405419705,-0.3896992212125296,-0.09166984970282112,-0.09166984970282112,-0.09166984970282112,-0.09166984970282112,-0.13018891098082386,-0.09166984970282112,-0.13018891098082386,-0.13018891098082386,-0.0916698497028211,-0.0916698497028211,-0.13018891098082386,-0.0916698497028211,-0.09166984970282112,-0.09166984970282112,-0.0916698497028211,-0.13018891098082386,-0.09166984970282112,-0.0916698497028211,-0.09166984970282112,-0.13018891098082386,-0.1856953381770519,-0.0916698497028211,-0.09166984970282112,-0.09166984970282112,-0.13018891098082386,-0.09166984970282112,-0.09166984970282112,-0.09166984970282112,-0.18569533817705192,-0.09166984970282112,-0.0916698497028211,-0.0916698497028211,-0.09166984970282112,10.908712114635714,-0.16012815380508713,-0.0916698497028211,-0.13018891098082386,-0.13018891098082386,-0.13018891098082386,-0.09166984970282112,-0.1856953381770519,-0.13018891098082389,-0.16012815380508713,-0.0916698497028211,-0.0916698497028211,-0.13018891098082386,-0.13018891098082386,-0.09166984970282112,-0.09166984970282112,-0.0916698497028211,-0.16012815380508713,-0.09166984970282112,-0.09166984970282112,-0.09166984970282112,-0.09166984970282112,-0.09166984970282112,-0.13018891098082386,-0.0916698497028211,-0.09166984970282112,-0.09166984970282112,-0.0916698497028211,-0.16012815380508713,-0.13018891098082386,-0.13018891098082386,-0.0916698497028211,-0.09166984970282112,-0.09166984970282112,-0.0916698497028211,-0.0916698497028211,-0.0916698497028211,-0.09166984970282112,-0.0916698497028211,-0.0916698497028211,-0.09166984970282112,-0.1856953381770519,-0.13018891098082386,-0.13018891098082386,-0.09166984970282112,-0.0916698497028211,-0.09166984970282112,-0.0916698497028211,-0.26726124191242434,-0.16012815380508716,-0.24889134708717228,-0.09166984970282112,-0.0916698497028211,6.244997998398398,-0.16012815380508713,-0.39223227027636803,-0.36342189215581555,-0.13018891098082386,-0.2847473987257497,-0.09166984970282112,-0.13018891098082386,-0.0916698497028211,-0.13018891098082386,-0.16012815380508713,-0.13018891098082386,-0.22941573387056183,-0.16012815380508713,-0.3176750402418492,-0.09166984970282112,-0.0916698497028211,-0.0916698497028211,-0.13018891098082386,-0.30151134457776363,-0.09166984970282112,-0.09166984970282112,-0.09166984970282112,-0.09166984970282112,-0.13018891098082386,-0.9198662110077998,-0.24889134708717225,-0.7204077607661872,-0.0916698497028211,-0.24889134708717228,-0.13018891098082386,-0.09166984970282112,-0.09166984970282112,-0.09166984970282112,-0.2294157338705618,-0.18569533817705186,-0.22941573387056183,-0.0916698497028211,-0.1856953381770519,-0.16012815380508713,-0.09166984970282112,-0.09166984970282112,-0.0916698497028211,-0.24889134708717228,-0.0916698497028211,-0.30151134457776363,-0.4062616689884986,-0.0916698497028211,-0.09166984970282112,-0.16012815380508716,-0.09166984970282112,-0.3333333333333333,6.244997998398399,-0.4062616689884986,-0.0916698497028211,-0.09166984970282112,-0.16012815380508716
-0.4472135954999579,1.2687251519170513,-0.5201071903053937,0.8894069800262434,-1.1508411255970237,-0.4605661864718382,-0.30151134457776363,-0.0916698497028211,-0.4605661864718383,-0.5388159060803247,-1.842792780200668,-0.22941573387056183,-0.18569533817705192,-0.13018891098082386,-0.18569533817705192,-0.2847473987257497,-0.0007674438878157014,-0.16012815380508713,-0.09166984970282112,-0.09166984970282112,-0.13018891098082386,-0.18569533817705192,-1.5806511271417452,-0.0916698497028211,-0.16012815380508713,-0.0916698497028211,-0.0916698497028211,-0.3999310751513448,-0.007100193513839448,-0.0973586586776145,-0.09166984970282112,-0.09166984970282112,-0.09166984970282112,-0.09166984970282112,-0.13018891098082386,-0.09166984970282112,-0.13018891098082386,-0.13018891098082386,-0.0916698497028211,-0.0916698497028211,-0.13018891098082386,-0.0916698497028211,-0.09166984970282112,-0.09166984970282112,-0.0916698497028211,-0.13018891098082386,-0.09166984970282112,-0.0916698497028211,-0.09166984970282112,-0.13018891098082386,-0.1856953381770519,-0.0916698497028211,-0.09166984970282112,-0.09166984970282112,-0.13018891098082386,-0.09166984970282112,-0.09166984970282112,-0.09166984970282112,-0.18569533817705192,10.908712114635714,-0.0916698497028211,-0.0916698497028211,-0.09166984970282112,-0.09166984970282112,-0.16012815380508713,-0.0916698497028211,-0.13018891098082386,-0.13018891098082386,-0.13018891098082386,-0.09166984970282112,-0.1856953381770519,-0.13018891098082389,-0.16012815380508713,-0.0916698497028211,-0.0916698497028211,-0.13018891098082386,-0.13018891098082386,-0.09166984970282112,-0.09166984970282112,-0.0916698497028211,-0.16012815380508713,-0.09166984970282112,-0.09166984970282112,-0.09166984970282112,-0.09166984970282112,-0.09166984970282112,-0.13018891098082386,-0.0916698497028211,-0.09166984970282112,-0.09166984970282112,-0.0916698497028211,-0.16012815380508713,-0.13018891098082386,-0.13018891098082386,-0.0916698497028211,-0.09166984970282112,-0.09166984970282112,-0.0916698497028211,-0.0916698497028211,-0.0916698497028211,-0.09166984970282112,-0.0916698497028211,-0.0916698497028211,-0.09166984970282112,-0.1856953381770519,-0.13018891098082386,-0.13018891098082386,-0.09166984970282112,-0.0916698497028211,-0.09166984970282112,-0.0916698497028211,-0.26726124191242434,-0.16012815380508716,-0.24889134708717228,-0.09166984970282112,-0.0916698497028211,-0.16012815380508713,-0.16012815380508713,-0.39223227027636803,-0.36342189215581555,-0.13018891098082386,3.5118845842842465,-0.09166984970282112,-0.13018891098082386,-0.0916698497028211,-0.13018891098082386,-0.16012815380508713,-0.13018891098082386,-0.22941573387056183,-0.16012815380508713,-0.3176750402418492,-0.09166984970282112,-0.0916698497028211,-0.0916698497028211,-0.13018891098082386,-0.30151134457776363,-0.09166984970282112,-0.09166984970282112,-0.09166984970282112,-0.09166984970282112,-0.13018891098082386,-0.9198662110077998,-0.24889134708717225,1.3881027585494827,-0.0916698497028211,-0.24889134708717228,-0.13018891098082386,-0.09166984970282112,-0.09166984970282112,-0.09166984970282112,-0.2294157338705618,-0.18569533817705186,4.358898943540674,-0.0916698497028211,-0.1856953381770519,-0.16012815380508713,-0.09166984970282112,-0.09166984970282112,-0.0916698497028211,-0.24889134708717228,-0.0916698497028211,-0.30151134457776363,-0.4062616689884986,-0.0916698497028211,-0.09166984970282112,-0.16012815380508716,-0.09166984970282112,-0.3333333333333333,-0.16012815380508716,-0.4062616689884986,-0.0916698497028211,-0.09166984970282112,-0.16012815380508716
-0.4472135954999579,1.3872975960214486,-0.5201071903053937,-1.1243446728633644,-1.0469016360799812,-0.4605661864718382,-0.30151134457776363,-0.0916698497028211,-0.4605661864718383,-0.5388159060803247,-1.1588696865179426,-0.22941573387056183,-0.18569533817705192,-0.13018891098082386,-0.18569533817705192,-0.2847473987257497,-0.0007674438878157014,-0.16012815380508713,-0.09166984970282112,-0.09166984970282112,-0.13018891098082386,-0.18569533817705192,-0.07825005579908746,-0.0916698497028211,-0.16012815380508713,-0.0916698497028211,-0.0916698497028211,-1.1812616665553535,-0.9379446763179716,-0.5688065942999595,-0.09166984970282112,-0.09166984970282112,-0.09166984970282112,-0.09166984970282112,-0.13018891098082386,-0.09166984970282112,-0.13018891098082386,-0.13018891098082386,-0.0916698497028211,-0.0916698497028211,-0.13018891098082386,-0.0916698497028211,-0.09166984970282112,-0.09166984970282112,-0.0916698497028211,-0.13018891098082386,-0.09166984970282112,-0.0916698497028211,-0.09166984970282112,-0.13018891098082386,-0.1856953381770519,-0.0916698497028211,-0.09166984970282112,-0.09166984970282112,-0.13018891098082386,-0.09166984970282112,-0.09166984970282112,-0.09166984970282112,-0.18569533817705192,-0.09166984970282112,-0.0916698497028211,-0.0916698497028211,-0.09166984970282112,-0.09166984970282112,-0.16012815380508713,-0.0916698497028211,-0.13018891098082386,-0.13018891098082386,-0.13018891098082386,-0.09166984970282112,-0.1856953381770519,-0.13018891098082389,-0.16012815380508713,-0.0916698497028211,-0.0916698497028211,-0.13018891098082386,-0.13018891098082386,-0.09166984970282112,-0.09166984970282112,-0.0916698497028211,-0.16012815380508713,-0.09166984970282112,10.908712114635714,-0.09166984970282112,-0.09166984970282112,-0.09166984970282112,-0.13018891098082386,-0.0916698497028211,-0.09166984970282112,-0.09166984970282112,-0.0916698497028211,-0.16012815380508713,-0.13018891098082386,-0.13018891098082386,-0.0916698497028211,-0.09166984970282112,-0.09166984970282112,-0.0916698497028211,-0.0916698497028211,-0.0916698497028211,-0.09166984970282112,-0.0916698497028211,-0.0916698497028211,-0.09166984970282112,-0.1856953381770519,-0.13018891098082386,-0.13018891098082386,-0.09166984970282112,-0.0916698497028211,-0.09166984970282112,-0.0916698497028211,-0.26726124191242434,-0.16012815380508716,-0.24889134708717228,-0.09166984970282112,-0.0916698497028211,-0.16012815380508713,-0.16012815380508713,-0.39223227027636803,-0.36342189215581555,-0.13018891098082386,-0.2847473987257497,-0.09166984970282112,7.681145747868607,-0.0916698497028211,-0.13018891098082386,-0.16012815380508713,-0.13018891098082386,-0.22941573387056183,-0.16012815380508713,-0.3176750402418492,-0.09166984970282112,-0.0916698497028211,-0.0916698497028211,-0.13018891098082386,-0.30151134457776363,-0.09166984970282112,-0.09166984970282112,-0.09166984970282112,-0.09166984970282112,-0.13018891098082386,-0.9198662110077998,-0.24889134708717225,1.3881027585494827,-0.0916698497028211,-0.24889134708717228,-0.13018891098082386,-0.09166984970282112,-0.09166984970282112,-0.09166984970282112,-0.2294157338705618,-0.18569533817705186,-0.22941573387056183,-0.0916698497028211,-0.1856953381770519,-0.16012815380508713,-0.09166984970282112,-0.09166984970282112,-0.0916698497028211,4.0178174601214955,-0.0916698497028211,-0.30151134457776363,-0.4062616689884986,-0.0916698497028211,-0.09166984970282112,-0.16012815380508716,-0.09166984970282112,-0.3333333333333333,-0.16012815380508716,-0.4062616689884986,-0.0916698497028211,-0.09166984970282112,-0.16012815380508716
-0.4472135954999579,1.5058700401258458,-0.5201071903053937,-1.1243446728633644,-1.0469016360799812,-0.4605661864718382,-0.30151134457776363,-0.0916698497028211,-0.4605661864718383,-0.5388159060803247,-2.4290125747858577,-0.22941573387056183,-0.18569533817705192,-0.13018891098082386,-0.18569533817705192,-0.2847473987257497,-0.0007674438878157014,-0.16012815380508713,-0.09166984970282112,-0.09166984970282112,-0.13018891098082386,-0.18569533817705192,-0.18556441803784635,-0.0916698497028211,-0.16012815380508713,-0.0916698497028211,-0.0916698497028211,-1.0009546070005833,-0.5887848362909613,-0.3605687320547447,-0.09166984970282112,-0.09166984970282112,-0.09166984970282112,-0.09166984970282112,-0.13018891098082386,-0.09166984970282112,-0.13018891098082386,-0.13018891098082386,-0.0916698497028211,-0.0916698497028211,-0.13018891098082386,-0.0916698497028211,-0.09166984970282112,-0.09166984970282112,-0.0916698497028211,-0.13018891098082386,-0.09166984970282112,-0.0916698497028211,-0.09166984970282112,-0.13018891098082386,-0.1856953381770519,-0.0916698497028211,-0.09166984970282112,-0.09166984970282112,-0.13018891098082386,-0.09166984970282112,-0.09166984970282112,-0.09166984970282112,-0.18569533817705192,-0.09166984970282112,-0.0916698497028211,-0.0916698497028211,-0.09166984970282112,-0.09166984970282112,-0.16012815380508713,-0.0916698497028211,-0.13018891098082386,-0.13018891098082386,-0.13018891098082386,-0.09166984970282112,-0.1856953381770519,-0.13018891098082389,-0.16012815380508713,-0.0916698497028211,-0.0916698497028211,-0.13018891098082386,-0.13018891098082386,-0.09166984970282112,-0.09166984970282112,-0.0916698497028211,-0.16012815380508713,-0.09166984970282112,-0.09166984970282112,-0.09166984970282112,-0.09166984970282112,-0.09166984970282112,-0.13018891098082386,-0.0916698497028211,10.908712114635714,-0.09166984970282112,-0.0916698497028211,-0.16012815380508713,-0.13018891098082386,-0.13018891098082386,-0.0916698497028211,-0.09166984970282112,-0.09166984970282112,-0.0916698497028211,-0.0916698497028211,-0.0916698497028211,-0.09166984970282112,-0.0916698497028211,-0.0916698497028211,-0.09166984970282112,-0.1856953381770519,-0.13018891098082386,-0.13018891098082386,-0.09166984970282112,-0.0916698497028211,-0.09166984970282112,-0.0916698497028211,-0.26726124191242434,-0.16012815380508716,-0.24889134708717228,-0.09166984970282112,-0.0916698497028211,-0.16012815380508713,-0.16012815380508713,-0.39223227027636803,2.751622897751175,-0.13018891098082386,-0.2847473987257497,-0.09166984970282112,-0.13018891098082386,-0.0916698497028211,-0.13018891098082386,-0.16012815380508713,-0.13018891098082386,-0.22941573387056183,-0.16012815380508713,-0.3176750402418492,-0.09166984970282112,-0.0916698497028211,-0.0916698497028211,-0.13018891098082386,-0.30151134457776363,-0.09166984970282112,-0.09166984970282112,-0.09166984970282112,-0.09166984970282112,-0.13018891098082386,1.0871146130092182,-0.24889134708717225,-0.7204077607661872,-0.0916698497028211,-0.24889134708717228,-0.13018891098082386,-0.09166984970282112,-0.09166984970282112,-0.09166984970282112,-0.2294157338705618,-0.18569533817705186,-0.22941573387056183,-0.0916698497028211,-0.1856953381770519,-0.16012815380508713,10.908712114635714,-0.09166984970282112,-0.0916698497028211,-0.24889134708717228,-0.0916698497028211,-0.30151134457776363,-0.4062616689884986,-0.0916698497028211,-0.09166984970282112,-0.16012815380508716,-0.09166984970282112,-0.3333333333333333,-0.16012815380508716,-0.4062616689884986,-0.0916698497028211,-0.09166984970282112,-0.16012815380508716
-0.4472135954999579,1.5058700401258458,-0.5201071903053937,-1.1243446728633644,-0.11144623042660946,-0.4605661864718382,-0.30151134457776363,-0.0916698497028211,-0.4605661864718383,-0.5388159060803247,0.04613766901828033,-0.22941573387056183,-0.18569533817705192,-0.13018891098082386,-0.18569533817705192,-0.2847473987257497,-0.0007674438878157014,-0.16012815380508713,-0.09166984970282112,-0.09166984970282112,-0.13018891098082386,-0.18569533817705192,-0.07825005579908746,-0.0916698497028211,-0.16012815380508713,-0.0916698497028211,-0.0916698497028211,-0.9709034304081193,-0.6941662693321977,-0.21050109736269135,-0.09166984970282112,-0.09166984970282112,-0.09166984970282112,-0.09166984970282112,-0.13018891098082386,-0.09166984970282112,-0.13018891098082386,-0.13018891098082386,-0.0916698497028211,-0.0916698497028211,-0.13018891098082386,-0.0916698497028211,-0.09166984970282112,-0.09166984970282112,-0.0916698497028211,-0.13018891098082386,-0.09166984970282112,-0.0916698497028211,-0.09166984970282112,-0.13018891098082386,-0.1856953381770519,-0.0916698497028211,-0.09166984970282112,-0.09166984970282112,-0.13018891098082386,-0.09166984970282112,-0.09166984970282112,-0.09166984970282112,-0.18569533817705192,-0.09166984970282112,-0.0916698497028211,-0.0916698497028211,-0.09166984970282112,-0.09166984970282112,-0.16012815380508713,-0.0916698497028211,-0.13018891098082386,-0.13018891098082386,-0.13018891098082386,-0.09166984970282112,-0.1856953381770519,-0.13018891098082389,-0.16012815380508713,-0.0916698497028211,-0.0916698497028211,-0.13018891098082386,7.681145747868607,-0.09166984970282112,-0.09166984970282112,-0.0916698497028211,-0.16012815380508713,-0.09166984970282112,-0.09166984970282112,-0.09166984970282112,-0.09166984970282112,-0.09166984970282112,-0.13018891098082386,-0.0916698497028211,-0.09166984970282112,-0.09166984970282112,-0.0916698497028211,-0.16012815380508713,-0.13018891098082386,-0.13018891098082386,-0.0916698497028211,-0.09166984970282112,-0.09166984970282112,-0.0916698497028211,-0.0916698497028211,-0.0916698497028211,-0.09166984970282112,-0.0916698497028211,-0.0916698497028211,-0.09166984970282112,-0.1856953381770519,-0.13018891098082386,-0.13018891098082386,-0.09166984970282112,-0.0916698497028211,-0.09166984970282112,-0.0916698497028211,-0.26726124191242434,-0.16012815380508716,-0.24889134708717228,-0.09166984970282112,-0.0916698497028211,-0.16012815380508713,-0.16012815380508713,-0.39223227027636803,-0.36342189215581555,-0.13018891098082386,-0.2847473987257497,-0.09166984970282112,-0.13018891098082386,-0.0916698497028211,-0.13018891098082386,-0.16012815380508713,-0.13018891098082386,4.358898943540674,-0.16012815380508713,-0.3176750402418492,-0.09166984970282112,-0.0916698497028211,-0.0916698497028211,-0.13018891098082386,-0.30151134457776363,-0.09166984970282112,-0.09166984970282112,-0.09166984970282112,-0.09166984970282112,-0.13018891098082386,-0.9198662110077998,-0.24889134708717225,1.3881027585494827,-0.0916698497028211,4.0178174601214955,-0.13018891098082386,-0.09166984970282112,-0.09166984970282112,-0.09166984970282112,-0.2294157338705618,-0.18569533817705186,-0.22941573387056183,-0.0916698497028211,-0.1856953381770519,-0.16012815380508713,-0.09166984970282112,-0.09166984970282112,-0.0916698497028211,-0.24889134708717228,-0.0916698497028211,-0.30151134457776363,-0.4062616689884986,-0.0916698497028211,-0.09166984970282112,-0.16012815380508716,-0.09166984970282112,-0.3333333333333333,-0.16012815380508716,-0.4062616689884986,-0.0916698497028211,-0.09166984970282112,-0.16012815380508716
-0.4472135954999579,1.7430149283346406,-0.5201071903053937,0.8894069800262434,-1.393366601136785,-0.4605661864718382,-0.30151134457776363,-0.0916698497028211,-0.4605661864718383,1.8559214542766738,0.24154426721334554,-0.22941573387056183,-0.18569533817705192,-0.13018891098082386,-0.18569533817705192,-0.2847473987257497,-0.0007674438878157014,-0.16012815380508713,-0.09166984970282112,-0.09166984970282112,-0.13018891098082386,-0.18569533817705192,-2.224537300574308,-0.0916698497028211,-0.16012815380508713,-0.0916698497028211,-0.0916698497028211,-0.3999310751513448,-0.9711092715820101,-0.5203772856288071,-0.09166984970282112,-0.09166984970282112,-0.09166984970282112,-0.09166984970282112,-0.13018891098082386,-0.09166984970282112,-0.13018891098082386,-0.13018891098082386,-0.0916698497028211,-0.0916698497028211,-0.13018891098082386,-0.0916698497028211,-0.09166984970282112,-0.09166984970282112,-0.0916698497028211,-0.13018891098082386,-0.09166984970282112,-0.0916698497028211,-0.09166984970282112,-0.13018891098082386,-0.1856953381770519,-0.0916698497028211,-0.09166984970282112,-0.09166984970282112,-0.13018891098082386,-0.09166984970282112,-0.09166984970282112,-0.09166984970282112,-0.18569533817705192,-0.09166984970282112,-0.0916698497028211,-0.0916698497028211,-0.09166984970282112,-0.09166984970282112,-0.16012815380508713,-0.0916698497028211,-0.13018891098082386,-0.13018891098082386,-0.13018891098082386,-0.09166984970282112,-0.1856953381770519,-0.13018891098082389,-0.16012815380508713,-0.0916698497028211,-0.0916698497028211,-0.13018891098082386,-0.13018891098082386,-0.09166984970282112,-0.09166984970282112,-0.0916698497028211,-0.16012815380508713,-0.09166984970282112,-0.09166984970282112,-0.09166984970282112,-0.09166984970282112,-0.09166984970282112,-0.13018891098082386,-0.0916698497028211,-0.09166984970282112,-0.09166984970282112,-0.0916698497028211,-0.16012815380508713,-0.13018891098082386,7.681145747868607,-0.0916698497028211,-0.09166984970282112,-0.09166984970282112,-0.0916698497028211,-0.0916698497028211,-0.0916698497028211,-0.09166984970282112,-0.0916698497028211,-0.0916698497028211,-0.09166984970282112,-0.1856953381770519,-0.13018891098082386,-0.13018891098082386,-0.09166984970282112,-0.0916698497028211,-0.09166984970282112,-0.0916698497028211,-0.26726124191242434,-0.16012815380508716,-0.24889134708717228,-0.09166984970282112,-0.0916698497028211,-0.16012815380508713,-0.16012815380508713,-0.39223227027636803,-0.36342189215581555,-0.13018891098082386,-0.2847473987257497,-0.09166984970282112,-0.13018891098082386,-0.0916698497028211,-0.13018891098082386,-0.16012815380508713,-0.13018891098082386,-0.22941573387056183,-0.16012815380508713,3.147870853305597,-0.09166984970282112,-0.0916698497028211,-0.0916698497028211,-0.13018891098082386,-0.30151134457776363,-0.09166984970282112,-0.09166984970282112,-0.09166984970282112,-0.09166984970282112,-0.13018891098082386,-0.9198662110077998,-0.24889134708717225,-0.7204077607661872,-0.0916698497028211,-0.24889134708717228,-0.13018891098082386,-0.09166984970282112,-0.09166984970282112,-0.09166984970282112,-0.2294157338705618,-0.18569533817705186,-0.22941573387056183,-0.0916698497028211,-0.1856953381770519,-0.16012815380508713,-0.09166984970282112,-0.09166984970282112,-0.0916698497028211,-0.24889134708717228,-0.0916698497028211,-0.30151134457776363,2.4614677591656093,-0.0916698497028211,-0.09166984970282112,-0.16012815380508716,-0.09166984970282112,-0.3333333333333333,-0.16012815380508716,-0.4062616689884986,-0.0916698497028211,-0.09166984970282112,-0.16012815380508716
0.4472135954999579,-1.6955859506928816,3.961759225878075,0.8894069800262434,2.1752225389483035,-0.4605661864718382,-0.30151134457776363,-0.0916698497028211,-0.4605661864718383,-0.5388159060803247,1.707093753676323,-0.22941573387056183,-0.18569533817705192,-0.13018891098082386,-0.18569533817705192,3.5118845842842465,-0.18495397696531812,-0.16012815380508713,-0.09166984970282112,-0.09166984970282112,7.681145747868607,-0.18569533817705192,-0.07825005579908746,-0.0916698497028211,-0.16012815380508713,-0.0916698497028211,-0.0916698497028211,1.6134977565436022,-0.06500781266026127,-0.6747632915582447,-0.09166984970282112,-0.09166984970282112,-0.09166984970282112,-0.09166984970282112,-0.13018891098082386,-0.09166984970282112,-0.13018891098082386,-0.13018891098082386,-0.0916698497028211,-0.0916698497028211,-0.13018891098082386,-0.0916698497028211,-0.09166984970282112,-0.09166984970282112,-0.0916698497028211,-0.13018891098082386,-0.09166984970282112,-0.0916698497028211,-0.09166984970282112,-0.13018891098082386,-0.1856953381770519,-0.0916698497028211,-0.09166984970282112,-0.09166984970282112,-0.13018891098082386,-0.09166984970282112,-0.09166984970282112,-0.09166984970282112,-0.18569533817705192,-0.09166984970282112,-0.0916698497028211,-0.0916698497028211,-0.09166984970282112,-0.09166984970282112,-0.16012815380508713,-0.0916698497028211,-0.13018891098082386,-0.13018891098082386,-0.13018891098082386,-0.09166984970282112,-0.1856953381770519,-0.13018891098082389,-0.16012815380508713,-0.0916698497028211,-0.0916698497028211,-0.13018891098082386,-0.13018891098082386,-0.09166984970282112,-0.09166984970282112,-0.0916698497028211,-0.16012815380508713,-0.09166984970282112,-0.09166984970282112,-0.09166984970282112,-0.09166984970282112,-0.09166984970282112,-0.13018891098082386,-0.0916698497028211,-0.09166984970282112,-0.09166984970282112,-0.0916698497028211,-0.16012815380508713,7.681145747868607,-0.13018891098082386,-0.0916698497028211,-0.09166984970282112,-0.09166984970282112,-0.0916698497028211,-0.0916698497028211,-0.0916698497028211,-0.09166984970282112,-0.0916698497028211,-0.0916698497028211,-0.09166984970282112,-0.1856953381770519,-0.13018891098082386,-0.13018891098082386,-0.09166984970282112,-0.0916698497028211,-0.09166984970282112,-0.0916698497028211,-0.26726124191242434,-0.16012815380508716,-0.24889134708717228,-0.09166984970282112,-0.0916698497028211,-0.16012815380508713,-0.16012815380508713,-0.39223227027636803,-0.36342189215581555,-0.13018891098082386,-0.2847473987257497,-0.09166984970282112,-0.13018891098082386,-0.0916698497028211,-0.13018891098082386,-0.16012815380508713,-0.13018891098082386,-0.22941573387056183,-0.16012815380508713,-0.3176750402418492,-0.09166984970282112,-0.0916698497028211,-0.0916698497028211,-0.13018891098082386,3.3166247903554,-0.09166984970282112,-0.09166984970282112,-0.09166984970282112,-0.09166984970282112,-0.13018891098082386,-0.9198662110077998,-0.24889134708717225,1.3881027585494827,-0.0916698497028211,-0.24889134708717228,-0.13018891098082386,-0.09166984970282112,-0.09166984970282112,-0.09166984970282112,-0.2294157338705618,-0.18569533817705186,-0.22941573387056183,-0.0916698497028211,-0.1856953381770519,-0.16012815380508713,-0.09166984970282112,-0.09166984970282112,-0.0916698497028211,-0.24889134708717228,-0.0916698497028211,-0.30151134457776363,2.4614677591656093,-0.0916698497028211,-0.09166984970282112,-0.16012815380508716,-0.09166984970282112,-0.3333333333333333,-0.16012815380508716,-0.4062616689884986,-0.0916698497028211,-0.09166984970282112,-0.16012815380508716
0.4472135954999579,-1.5770135065884845,3.804702368558826,0.8894069800262434,-0.18073922343796897,-0.4605661864718382,-0.30151134457776363,-0.0916698497028211,-0.4605661864718383,1.8559214542766738,1.0557384263594438,-0.22941573387056183,-0.18569533817705192,-0.13018891098082386,5.3851648071345055,-0.2847473987257497,-0.6454203096590824,-0.16012815380508713,-0.09166984970282112,-0.09166984970282112,-0.13018891098082386,-0.18569533817705192,-0.07825005579908746,-0.0916698497028211,-0.16012815380508713,-0.0916698497028211,-0.0916698497028211,-0.4900846049287285,-0.9827355117195157,-0.04030297182489364,-0.09166984970282112,-0.09166984970282112,-0.09166984970282112,-0.09166984970282112,-0.13018891098082386,-0.09166984970282112,-0.13018891098082386,-0.13018891098082386,-0.0916698497028211,-0.0916698497028211,-0.13018891098082386,-0.0916698497028211,-0.09166984970282112,-0.09166984970282112,-0.0916698497028211,-0.13018891098082386,-0.09166984970282112,-0.0916698497028211,-0.09166984970282112,-0.13018891098082386,-0.1856953381770519,-0.0916698497028211,-0.09166984970282112,-0.09166984970282112,-0.13018891098082386,-0.09166984970282112,-0.09166984970282112,-0.09166984970282112,-0.18569533817705192,-0.09166984970282112,-0.0916698497028211,-0.0916698497028211,-0.09166984970282112,-0.09166984970282112,-0.16012815380508713,-0.0916698497028211,-0.13018891098082386,-0.13018891098082386,-0.13018891098082386,-0.09166984970282112,-0.1856953381770519,-0.13018891098082389,-0.16012815380508713,-0.0916698497028211,-0.0916698497028211,-0.13018891098082386,-0.13018891098082386,-0.09166984970282112,-0.09166984970282112,-0.0916698497028211,-0.16012815380508713,-0.09166984970282112,-0.09166984970282112,-0.09166984970282112,-0.09166984970282112,-0.09166984970282112,-0.13018891098082386,-0.0916698497028211,-0.09166984970282112,-0.09166984970282112,-0.0916698497028211,-0.16012815380508713,-0.13018891098082386,-0.13018891098082386,-0.0916698497028211,-0.09166984970282112,-0.09166984970282112,-0.0916698497028211,-0.0916698497028211,-0.0916698497028211,-0.09166984970282112,-0.0916698497028211,-0.0916698497028211,-0.09166984970282112,5.385164807134505,-0.13018891098082386,-0.13018891098082386,-0.09166984970282112,-0.0916698497028211,-0.09166984970282112,-0.0916698497028211,-0.26726124191242434,-0.16012815380508716,4.0178174601214955,-0.09166984970282112,-0.0916698497028211,-0.16012815380508713,-0.16012815380508713,-0.39223227027636803,-0.36342189215581555,-0.13018891098082386,-0.2847473987257497,-0.09166984970282112,-0.13018891098082386,-0.0916698497028211,-0.13018891098082386,-0.16012815380508713,-0.13018891098082386,-0.22941573387056183,-0.16012815380508713,-0.3176750402418492,-0.09166984970282112,-0.0916698497028211,-0.0916698497028211,-0.13018891098082386,-0.30151134457776363,-0.09166984970282112,-0.09166984970282112,-0.09166984970282112,-0.09166984970282112,-0.13018891098082386,1.0871146130092182,-0.24889134708717225,-0.7204077607661872,-0.0916698497028211,-0.24889134708717228,-0.13018891098082386,-0.09166984970282112,-0.09166984970282112,-0.09166984970282112,-0.2294157338705618,-0.18569533817705186,-0.22941573387056183,-0.0916698497028211,-0.1856953381770519,-0.16012815380508713,-0.09166984970282112,-0.09166984970282112,-0.0916698497028211,-0.24889134708717228,-0.0916698497028211,-0.30151134457776363,-0.4062616689884986,-0.0916698497028211,-0.09166984970282112,-0.16012815380508716,-0.09166984970282112,-0.3333333333333333,-0.16012815380508716,2.4614677591656093,-0.0916698497028211,-0.09166984970282112,-0.16012815380508716
0.4472135954999579,-1.4584410624840871,2.9926034965666073,0.8894069800262434,2.3138085249710287,-0.4605661864718382,-0.30151134457776363,-0.0916698497028211,2.1712405933672376,1.8559214542766738,1.3162805572861955,-0.22941573387056183,5.3851648071345055,-0.13018891098082386,-0.18569533817705192,-0.2847473987257497,1.1964450211159827,-0.16012815380508713,-0.09166984970282112,-0.09166984970282112,-0.13018891098082386,-0.18569533817705192,-0.07825005579908746,-0.0916698497028211,-0.16012815380508713,-0.0916698497028211,-0.0916698497028211,1.3430371672114456,1.7539025514164117,1.5018305478949727,-0.09166984970282112,-0.09166984970282112,-0.09166984970282112,-0.09166984970282112,-0.13018891098082386,-0.09166984970282112,-0.13018891098082386,-0.13018891098082386,-0.0916698497028211,-0.0916698497028211,-0.13018891098082386,-0.0916698497028211,-0.09166984970282112,-0.09166984970282112,-0.0916698497028211,-0.13018891098082386,-0.09166984970282112,-0.0916698497028211,-0.09166984970282112,-0.13018891098082386,-0.1856953381770519,-0.0916698497028211,-0.09166984970282112,-0.09166984970282112,-0.13018891098082386,-0.09166984970282112,-0.09166984970282112,-0.09166984970282112,-0.18569533817705192,-0.09166984970282112,-0.0916698497028211,-0.0916698497028211,-0.09166984970282112,-0.09166984970282112,6.244997998398398,-0.0916698497028211,-0.13018891098082386,-0.13018891098082386,-0.13018891098082386,-0.09166984970282112,-0.1856953381770519,-0.13018891098082389,-0.16012815380508713,-0.0916698497028211,-0.0916698497028211,-0.13018891098082386,-0.13018891098082386,-0.09166984970282112,-0.09166984970282112,-0.0916698497028211,-0.16012815380508713,-0.09166984970282112,-0.09166984970282112,-0.09166984970282112,-0.09166984970282112,-0.09166984970282112,-0.13018891098082386,-0.0916698497028211,-0.09166984970282112,-0.09166984970282112,-0.0916698497028211,-0.16012815380508713,-0.13018891098082386,-0.13018891098082386,-0.0916698497028211,-0.09166984970282112,-0.09166984970282112,-0.0916698497028211,-0.0916698497028211,-0.0916698497028211,-0.09166984970282112,-0.0916698497028211,-0.0916698497028211,-0.09166984970282112,-0.1856953381770519,-0.13018891098082386,-0.13018891098082386,-0.09166984970282112,-0.0916698497028211,-0.09166984970282112,-0.0916698497028211,-0.26726124191242434,-0.16012815380508716,-0.24889134708717228,-0.09166984970282112,-0.0916698497028211,-0.16012815380508713,-0.16012815380508713,2.5495097567963922,-0.36342189215581555,-0.13018891098082386,-0.2847473987257497,-0.09166984970282112,-0.13018891098082386,-0.0916698497028211,-0.13018891098082386,-0.16012815380508713,-0.13018891098082386,-0.22941573387056183,-0.16012815380508713,-0.3176750402418492,-0.09166984970282112,-0.0916698497028211,-0.0916698497028211,-0.13018891098082386,-0.30151134457776363,-0.09166984970282112,-0.09166984970282112,-0.09166984970282112,-0.09166984970282112,-0.13018891098082386,-0.9198662110077998,-0.24889134708717225,1.3881027585494827,-0.0916698497028211,-0.24889134708717228,-0.13018891098082386,-0.09166984970282112,-0.09166984970282112,-0.09166984970282112,-0.2294157338705618,-0.18569533817705186,-0.22941573387056183,-0.0916698497028211,-0.1856953381770519,-0.16012815380508713,-0.09166984970282112,-0.09166984970282112,-0.0916698497028211,-0.24889134708717228,-0.0916698497028211,-0.30151134457776363,-0.4062616689884986,-0.0916698497028211,-0.09166984970282112,-0.16012815380508716,-0.09166984970282112,-0.3333333333333333,-0.16012815380508716,2.4614677591656093,-0.0916698497028211,-0.09166984970282112,-0.16012815380508716
0.4472135954999579,-1.3398686183796897,1.5867530908064937,0.8894069800262434,-0.5272041884947727,-0.4605661864718382,-0.30151134457776363,-0.0916698497028211,-0.4605661864718383,1.8559214542766738,-0.7029209573961286,-0.22941573387056183,-0.18569533817705192,-0.13018891098082386,-0.18569533817705192,3.5118845842842465,-0.8296068427365929,-0.16012815380508713,-0.09166984970282112,-0.09166984970282112,-0.13018891098082386,-0.18569533817705192,-0.07825005579908746,-0.0916698497028211,-0.16012815380508713,-0.0916698497028211,-0.0916698497028211,0.5316553992149756,-0.8365131838362725,-0.3569606940830076,-0.09166984970282112,-0.09166984970282112,-0.09166984970282112,-0.09166984970282112,-0.13018891098082386,-0.09166984970282112,-0.13018891098082386,-0.13018891098082386,-0.0916698497028211,-0.0916698497028211,-0.13018891098082386,-0.0916698497028211,10.908712114635714,-0.09166984970282112,-0.0916698497028211,-0.13018891098082386,-0.09166984970282112,-0.0916698497028211,-0.09166984970282112,-0.13018891098082386,-0.1856953381770519,-0.0916698497028211,-0.09166984970282112,-0.09166984970282112,-0.13018891098082386,-0.09166984970282112,-0.09166984970282112,-0.09166984970282112,-0.18569533817705192,-0.09166984970282112,-0.0916698497028211,-0.0916698497028211,-0.09166984970282112,-0.09166984970282112,-0.16012815380508713,-0.0916698497028211,-0.13018891098082386,-0.13018891098082386,-0.13018891098082386,-0.09166984970282112,-0.1856953381770519,-0.13018891098082389,-0.16012815380508713,-0.0916698497028211,-0.0916698497028211,-0.13018891098082386,-0.13018891098082386,-0.09166984970282112,-0.09166984970282112,-0.0916698497028211,-0.16012815380508713,-0.09166984970282112,-0.09166984970282112,-0.09166984970282112,-0.09166984970282112,-0.09166984970282112,-0.13018891098082386,-0.0916698497028211,-0.09166984970282112,-0.09166984970282112,-0.0916698497028211,-0.16012815380508713,-0.13018891098082386,-0.13018891098082386,-0.0916698497028211,-0.09166984970282112,-0.09166984970282112,-0.0916698497028211,-0.0916698497028211,-0.0916698497028211,-0.09166984970282112,-0.0916698497028211,-0.0916698497028211,-0.09166984970282112,-0.1856953381770519,-0.13018891098082386,-0.13018891098082386,-0.09166984970282112,-0.0916698497028211,-0.09166984970282112,-0.0916698497028211,-0.26726124191242434,-0.16012815380508716,-0.24889134708717228,-0.09166984970282112,-0.0916698497028211,-0.16012815380508713,-0.16012815380508713,-0.39223227027636803,-0.36342189215581555,-0.13018891098082386,-0.2847473987257497,-0.09166984970282112,-0.13018891098082386,-0.0916698497028211,-0.13018891098082386,-0.16012815380508713,-0.13018891098082386,-0.22941573387056183,-0.16012815380508713,-0.3176750402418492,-0.09166984970282112,-0.0916698497028211,-0.0916698497028211,-0.13018891098082386,3.3166247903554,-0.09166984970282112,-0.09166984970282112,-0.09166984970282112,-0.09166984970282112,-0.13018891098082386,-0.9198662110077998,-0.24889134708717225,-0.7204077607661872,-0.0916698497028211,-0.24889134708717228,-0.13018891098082386,-0.09166984970282112,-0.09166984970282112,-0.09166984970282112,-0.2294157338705618,-0.18569533817705186,-0.22941573387056183,-0.0916698497028211,-0.1856953381770519,-0.16012815380508713,-0.09166984970282112,-0.09166984970282112,-0.0916698497028211,-0.24889134708717228,-0.0916698497028211,-0.30151134457776363,-0.4062616689884986,-0.0916698497028211,-0.09166984970282112,-0.16012815380508716,-0.09166984970282112,-0.3333333333333333,-0.16012815380508716,2.4614677591656093,-0.0916698497028211,-0.09166984970282112,-0.16012815380508716
0.4472135954999579,-1.2212961742752924,1.1347357941315797,0.8894069800262434,-0.07679973392092664,2.171240593367237,-0.30151134457776363,-0.0916698497028211,-0.4605661864718383,-0.5388159060803247,-0.4098110601035337,-0.22941573387056183,-0.18569533817705192,-0.13018891098082386,-0.18569533817705192,-0.2847473987257497,-0.0007674438878157014,-0.16012815380508713,-0.09166984970282112,-0.09166984970282112,-0.13018891098082386,-0.18569533817705192,-0.07825005579908746,-0.0916698497028211,-0.16012815380508713,-0.0916698497028211,-0.0916698497028211,-0.3698798985588808,-0.26995755867398163,0.8104758198225959,-0.09166984970282112,-0.09166984970282112,-0.09166984970282112,-0.09166984970282112,-0.13018891098082386,-0.09166984970282112,-0.13018891098082386,-0.13018891098082386,-0.0916698497028211,-0.0916698497028211,-0.13018891098082386,-0.0916698497028211,-0.09166984970282112,-0.09166984970282112,-0.0916698497028211,-0.13018891098082386,-0.09166984970282112,-0.0916698497028211,-0.09166984970282112,-0.13018891098082386,5.385164807134505,-0.0916698497028211,-0.09166984970282112,-0.09166984970282112,-0.13018891098082386,-0.09166984970282112,-0.09166984970282112,-0.09166984970282112,-0.18569533817705192,-0.09166984970282112,-0.0916698497028211,-0.0916698497028211,-0.09166984970282112,-0.09166984970282112,-0.16012815380508713,-0.0916698497028211,-0.13018891098082386,-0.13018891098082386,-0.13018891098082386,-0.09166984970282112,-0.1856953381770519,-0.13018891098082389,-0.16012815380508713,-0.0916698497028211,-0.0916698497028211,-0.13018891098082386,-0.13018891098082386,-0.09166984970282112,-0.09166984970282112,-0.0916698497028211,-0.16012815380508713,-0.09166984970282112,-0.09166984970282112,-0.09166984970282112,-0.09166984970282112,-0.09166984970282112,-0.13018891098082386,-0.0916698497028211,-0.09166984970282112,-0.09166984970282112,-0.0916698497028211,-0.16012815380508713,-0.13018891098082386,-0.13018891098082386,-0.0916698497028211,-0.09166984970282112,-0.09166984970282112,-0.0916698497028211,-0.0916698497028211,-0.0916698497028211,-0.09166984970282112,-0.0916698497028211,-0.0916698497028211,-0.09166984970282112,-0.1856953381770519,-0.13018891098082386,-0.13018891098082386,-0.09166984970282112,-0.0916698497028211,-0.09166984970282112,-0.0916698497028211,-0.26726124191242434,-0.16012815380508716,-0.24889134708717228,-0.09166984970282112,-0.0916698497028211,-0.16012815380508713,-0.16012815380508713,-0.39223227027636803,-0.36342189215581555,-0.13018891098082386,-0.2847473987257497,-0.09166984970282112,-0.13018891098082386,-0.0916698497028211,-0.13018891098082386,-0.16012815380508713,-0.13018891098082386,4.358898943540674,-0.16012815380508713,-0.3176750402418492,-0.09166984970282112,-0.0916698497028211,-0.0916698497028211,-0.13018891098082386,-0.30151134457776363,-0.09166984970282112,-0.09166984970282112,-0.09166984970282112,-0.09166984970282112,-0.13018891098082386,1.0871146130092182,-0.24889134708717225,-0.7204077607661872,-0.0916698497028211,-0.24889134708717228,-0.13018891098082386,-0.09166984970282112,-0.09166984970282112,-0.09166984970282112,-0.2294157338705618,-0.18569533817705186,-0.22941573387056183,-0.0916698497028211,-0.1856953381770519,-0.16012815380508713,-0.09166984970282112,-0.09166984970282112,-0.0916698497028211,-0.24889134708717228,-0.0916698497028211,-0.30151134457776363,2.4614677591656093,-0.0916698497028211,-0.09166984970282112,-0.16012815380508716,-0.09166984970282112,-0.3333333333333333,-0.16012815380508716,-0.4062616689884986,-0.0916698497028211,-0.09166984970282112,-0.16012815380508716
0.4472135954999579,-1.1027237301708952,1.088767933452775,0.8894069800262434,1.7594645808801372,2.171240593367237,-0.30151134457776363,-0.0916698497028211,2.1712405933672376,-0.5388159060803247,1.1534417254569764,4.358898943540674,-0.18569533817705192,-0.13018891098082386,-0.18569533817705192,-0.2847473987257497,1.5648180872709956,-0.16012815380508713,-0.09166984970282112,-0.09166984970282112,-0.13018891098082386,-0.18569533817705192,-0.07825005579908746,-0.0916698497028211,-0.16012815380508713,-0.0916698497028211,-0.0916698497028211,2.424879524540075,-0.7218903804293265,1.4039228618507336,-0.09166984970282112,-0.09166984970282112,-0.09166984970282112,-0.09166984970282112,-0.13018891098082386,-0.09166984970282112,-0.13018891098082386,-0.13018891098082386,-0.0916698497028211,-0.0916698497028211,-0.13018891098082386,-0.0916698497028211,-0.09166984970282112,-0.09166984970282112,-0.0916698497028211,-0.13018891098082386,-0.09166984970282112,-0.0916698497028211,-0.09166984970282112,-0.13018891098082386,-0.1856953381770519,-0.0916698497028211,-0.09166984970282112,-0.09166984970282112,-0.13018891098082386,-0.09166984970282112,-0.09166984970282112,-0.09166984970282112,-0.18569533817705192,-0.09166984970282112,-0.0916698497028211,-0.0916698497028211,-0.09166984970282112,-0.09166984970282112,-0.16012815380508713,-0.0916698497028211,-0.13018891098082386,-0.13018891098082386,-0.13018891098082386,-0.09166984970282112,5.385164807134505,-0.13018891098082389,-0.16012815380508713,-0.0916698497028211,-0.0916698497028211,-0.13018891098082386,-0.13018891098082386,-0.09166984970282112,-0.09166984970282112,-0.0916698497028211,-0.16012815380508713,-0.09166984970282112,-0.09166984970282112,-0.09166984970282112,-0.09166984970282112,-0.09166984970282112,-0.13018891098082386,-0.0916698497028211,-0.09166984970282112,-0.09166984970282112,-0.0916698497028211,-0.16012815380508713,-0.13018891098082386,-0.13018891098082386,-0.0916698497028211,-0.09166984970282112,-0.09166984970282112,-0.0916698497028211,-0.0916698497028211,-0.0916698497028211,-0.09166984970282112,-0.0916698497028211,-0.0916698497028211,-0.09166984970282112,-0.1856953381770519,-0.13018891098082386,-0.13018891098082386,-0.09166984970282112,-0.0916698497028211,-0.09166984970282112,-0.0916698497028211,-0.26726124191242434,-0.16012815380508716,-0.24889134708717228,-0.09166984970282112,-0.0916698497028211,-0.16012815380508713,-0.16012815380508713,-0.39223227027636803,2.751622897751175,-0.13018891098082386,-0.2847473987257497,-0.09166984970282112,-0.13018891098082386,-0.0916698497028211,-0.13018891098082386,-0.16012815380508713,-0.13018891098082386,-0.22941573387056183,-0.16012815380508713,-0.3176750402418492,-0.09166984970282112,-0.0916698497028211,-0.0916698497028211,-0.13018891098082386,-0.30151134457776363,-0.09166984970282112,-0.09166984970282112,-0.09166984970282112,-0.09166984970282112,-0.13018891098082386,1.0871146130092182,-0.24889134708717225,-0.7204077607661872,-0.0916698497028211,-0.24889134708717228,-0.13018891098082386,-0.09166984970282112,-0.09166984970282112,-0.09166984970282112,-0.2294157338705618,-0.18569533817705186,-0.22941573387056183,-0.0916698497028211,-0.1856953381770519,-0.16012815380508713,-0.09166984970282112,-0.09166984970282112,-0.0916698497028211,-0.24889134708717228,-0.0916698497028211,-0.30151134457776363,-0.4062616689884986,-0.0916698497028211,-0.09166984970282112,-0.16012815380508716,-0.09166984970282112,2.9999999999999996,-0.16012815380508716,-0.4062616689884986,-0.0916698497028211,-0.09166984970282112,-0.16012815380508716
0.4472135954999579,-0.9841512860664978,1.0198161424345675,0.8894069800262434,0.40825121715859913,2.171240593367237,-0.30151134457776363,-0.0916698497028211,2.1712405933672376,-0.5388159060803247,-1.5822506492739163,-0.22941573387056183,-0.18569533817705192,-0.13018891098082386,-0.18569533817705192,3.5118845842842465,-1.3821664419691084,6.244997998398398,-0.09166984970282112,-0.09166984970282112,-0.13018891098082386,-0.18569533817705192,-0.07825005579908746,-0.0916698497028211,-0.16012815380508713,-0.0916698497028211,-0.0916698497028211,-0.3097775453739583,-1.0574117464488784,-0.3896499276229206,-0.09166984970282112,-0.09166984970282112,-0.09166984970282112,-0.09166984970282112,-0.13018891098082386,-0.09166984970282112,-0.13018891098082386,-0.13018891098082386,-0.0916698497028211,-0.0916698497028211,-0.13018891098082386,-0.0916698497028211,-0.09166984970282112,-0.09166984970282112,-0.0916698497028211,-0.13018891098082386,-0.09166984970282112,-0.0916698497028211,-0.09166984970282112,-0.13018891098082386,-0.1856953381770519,-0.0916698497028211,-0.09166984970282112,-0.09166984970282112,-0.13018891098082386,-0.09166984970282112,-0.09166984970282112,-0.09166984970282112,-0.18569533817705192,-0.09166984970282112,-0.0916698497028211,-0.0916698497028211,-0.09166984970282112,-0.09166984970282112,-0.16012815380508713,-0.0916698497028211,-0.13018891098082386,-0.13018891098082386,-0.13018891098082386,-0.09166984970282112,-0.1856953381770519,-0.13018891098082389,6.244997998398398,-0.0916698497028211,-0.0916698497028211,-0.13018891098082386,-0.13018891098082386,-0.09166984970282112,-0.09166984970282112,-0.0916698497028211,-0.16012815380508713,-0.09166984970282112,-0.09166984970282112,-0.09166984970282112,-0.09166984970282112,-0.09166984970282112,-0.13018891098082386,-0.0916698497028211,-0.09166984970282112,-0.09166984970282112,-0.0916698497028211,-0.16012815380508713,-0.13018891098082386,-0.13018891098082386,-0.0916698497028211,-0.09166984970282112,-0.09166984970282112,-0.0916698497028211,-0.0916698497028211,-0.0916698497028211,-0.09166984970282112,-0.0916698497028211,-0.0916698497028211,-0.09166984970282112,-0.1856953381770519,-0.13018891098082386,-0.13018891098082386,-0.09166984970282112,-0.0916698497028211,-0.09166984970282112,-0.0916698497028211,3.741657386773941,-0.16012815380508716,-0.24889134708717228,-0.09166984970282112,-0.0916698497028211,-0.16012815380508713,-0.16012815380508713,-0.39223227027636803,-0.36342189215581555,-0.13018891098082386,-0.2847473987257497,-0.09166984970282112,-0.13018891098082386,-0.0916698497028211,-0.13018891098082386,-0.16012815380508713,-0.13018891098082386,-0.22941573387056183,-0.16012815380508713,-0.3176750402418492,-0.09166984970282112,-0.0916698497028211,-0.0916698497028211,-0.13018891098082386,-0.30151134457776363,-0.09166984970282112,-0.09166984970282112,-0.09166984970282112,-0.09166984970282112,-0.13018891098082386,1.0871146130092182,-0.24889134708717225,-0.7204077607661872,-0.0916698497028211,-0.24889134708717228,-0.13018891098082386,-0.09166984970282112,-0.09166984970282112,-0.09166984970282112,-0.2294157338705618,-0.18569533817705186,-0.22941573387056183,-0.0916698497028211,-0.1856953381770519,-0.16012815380508713,-0.09166984970282112,-0.09166984970282112,-0.0916698497028211,4.0178174601214955,-0.0916698497028211,-0.30151134457776363,-0.4062616689884986,-0.0916698497028211,-0.09166984970282112,-0.16012815380508716,-0.09166984970282112,-0.3333333333333333,-0.16012815380508716,-0.4062616689884986,-0.0916698497028211,-0.09166984970282112,-0.16012815380508716
0.4472135954999579,-0.8655788419621006,0.9470336963597933,-1.1243446728633644,-0.14609272693228922,-0.4605661864718382,-0.30151134457776363,-0.0916698497028211,-0.4605661864718383,-0.5388159060803247,-0.31210776100600107,-0.22941573387056183,-0.18569533817705192,-0.13018891098082386,-0.18569533817705192,3.5118845842842465,0.8280719549609696,-0.16012815380508713,10.908712114635714,-0.09166984970282112,-0.13018891098082386,-0.18569533817705192,-0.07825005579908746,-0.0916698497028211,-0.16012815380508713,-0.0916698497028211,-0.0916698497028211,0.20109245669789375,0.1660264464824772,1.2545900808253123,-0.09166984970282112,-0.09166984970282112,-0.09166984970282112,-0.09166984970282112,-0.13018891098082386,-0.09166984970282112,-0.13018891098082386,-0.13018891098082386,-0.0916698497028211,-0.0916698497028211,-0.13018891098082386,-0.0916698497028211,-0.09166984970282112,-0.09166984970282112,-0.0916698497028211,-0.13018891098082386,-0.09166984970282112,-0.0916698497028211,-0.09166984970282112,-0.13018891098082386,-0.1856953381770519,-0.0916698497028211,-0.09166984970282112,-0.09166984970282112,-0.13018891098082386,-0.09166984970282112,-0.09166984970282112,-0.09166984970282112,-0.18569533817705192,-0.09166984970282112,-0.0916698497028211,-0.0916698497028211,-0.09166984970282112,-0.09166984970282112,-0.16012815380508713,-0.0916698497028211,-0.13018891098082386,-0.13018891098082386,-0.13018891098082386,-0.09166984970282112,-0.1856953381770519,7.681145747868609,-0.16012815380508713,-0.0916698497028211,-0.0916698497028211,-0.13018891098082386,-0.13018891098082386,-0.09166984970282112,-0.09166984970282112,-0.0916698497028211,-0.16012815380508713,-0.09166984970282112,-0.09166984970282112,-0.09166984970282112,-0.09166984970282112,-0.09166984970282112,-0.13018891098082386,-0.0916698497028211,-0.09166984970282112,-0.09166984970282112,-0.0916698497028211,-0.16012815380508713,-0.13018891098082386,-0.13018891098082386,-0.0916698497028211,-0.09166984970282112,-0.09166984970282112,-0.0916698497028211,-0.0916698497028211,-0.0916698497028211,-0.09166984970282112,-0.0916698497028211,-0.0916698497028211,-0.09166984970282112,-0.1856953381770519,-0.13018891098082386,-0.13018891098082386,-0.09166984970282112,-0.0916698497028211,-0.09166984970282112,-0.0916698497028211,-0.26726124191242434,-0.16012815380508716,-0.24889134708717228,-0.09166984970282112,-0.0916698497028211,-0.16012815380508713,-0.16012815380508713,-0.39223227027636803,-0.36342189215581555,-0.13018891098082386,-0.2847473987257497,-0.09166984970282112,-0.13018891098082386,-0.0916698497028211,-0.13018891098082386,-0.16012815380508713,-0.13018891098082386,-0.22941573387056183,-0.16012815380508713,-0.3176750402418492,-0.09166984970282112,-0.0916698497028211,-0.0916698497028211,-0.13018891098082386,3.3166247903554,-0.09166984970282112,-0.09166984970282112,-0.09166984970282112,-0.09166984970282112,-0.13018891098082386,1.0871146130092182,-0.24889134708717225,-0.7204077607661872,-0.0916698497028211,-0.24889134708717228,-0.13018891098082386,-0.09166984970282112,-0.09166984970282112,-0.09166984970282112,4.358898943540674,-0.18569533817705186,-0.22941573387056183,-0.0916698497028211,-0.1856953381770519,-0.16012815380508713,-0.09166984970282112,-0.09166984970282112,-0.0916698497028211,-0.24889134708717228,-0.0916698497028211,-0.30151134457776363,-0.4062616689884986,-0.0916698497028211,-0.09166984970282112,-0.16012815380508716,-0.09166984970282112,-0.3333333333333333,-0.16012815380508716,-0.4062616689884986,-0.0916698497028211,-0.09166984970282112,-0.16012815380508716
0.4472135954999579,-0.7470063978577032,0.594613431155623,0.8894069800262434,0.8586556717324452,-0.4605661864718382,-0.30151134457776363,-0.0916698497028211,-0.4605661864718383,1.8559214542766738,0.33924756631087816,-0.22941573387056183,-0.18569533817705192,-0.13018891098082386,-0.18569533817705192,-0.2847473987257497,4.511802616511091,-0.16012815380508713,-0.09166984970282112,-0.09166984970282112,-0.13018891098082386,-0.18569533817705192,-0.07825005579908746,-0.0916698497028211,-0.16012815380508713,-0.0916698497028211,-0.0916698497028211,1.1927812842491365,-0.5521174635495977,0.05738529454867579,-0.09166984970282112,-0.09166984970282112,-0.09166984970282112,-0.09166984970282112,-0.13018891098082386,-0.09166984970282112,-0.13018891098082386,-0.13018891098082386,-0.0916698497028211,-0.0916698497028211,-0.13018891098082386,-0.0916698497028211,-0.09166984970282112,-0.09166984970282112,-0.0916698497028211,-0.13018891098082386,-0.09166984970282112,-0.0916698497028211,-0.09166984970282112,-0.13018891098082386,-0.1856953381770519,-0.0916698497028211,-0.09166984970282112,-0.09166984970282112,-0.13018891098082386,-0.09166984970282112,-0.09166984970282112,-0.09166984970282112,-0.18569533817705192,-0.09166984970282112,-0.0916698497028211,-0.0916698497028211,-0.09166984970282112,-0.09166984970282112,-0.16012815380508713,-0.0916698497028211,-0.13018891098082386,-0.13018891098082386,-0.13018891098082386,-0.09166984970282112,-0.1856953381770519,-0.13018891098082389,-0.16012815380508713,-0.0916698497028211,-0.0916698497028211,-0.13018891098082386,-0.13018891098082386,-0.09166984970282112,-0.09166984970282112,-0.0916698497028211,-0.16012815380508713,-0.09166984970282112,-0.09166984970282112,-0.09166984970282112,-0.09166984970282112,-0.09166984970282112,-0.13018891098082386,-0.0916698497028211,-0.09166984970282112,-0.09166984970282112,-0.0916698497028211,-0.16012815380508713,-0.13018891098082386,-0.13018891098082386,-0.0916698497028211,-0.09166984970282112,-0.09166984970282112,-0.0916698497028211,-0.0916698497028211,-0.0916698497028211,10.908712114635714,-0.0916698497028211,-0.0916698497028211,-0.09166984970282112,-0.1856953381770519,-0.13018891098082386,-0.13018891098082386,-0.09166984970282112,-0.0916698497028211,-0.09166984970282112,-0.0916698497028211,-0.26726124191242434,-0.16012815380508716,-0.24889134708717228,-0.09166984970282112,-0.0916698497028211,-0.16012815380508713,-0.16012815380508713,-0.39223227027636803,-0.36342189215581555,-0.13018891098082386,3.5118845842842465,-0.09166984970282112,-0.13018891098082386,-0.0916698497028211,-0.13018891098082386,-0.16012815380508713,-0.13018891098082386,-0.22941573387056183,-0.16012815380508713,-0.3176750402418492,-0.09166984970282112,-0.0916698497028211,-0.0916698497028211,-0.13018891098082386,-0.30151134457776363,-0.09166984970282112,-0.09166984970282112,-0.09166984970282112,-0.09166984970282112,-0.13018891098082386,-0.9198662110077998,-0.24889134708717225,1.3881027585494827,-0.0916698497028211,-0.24889134708717228,-0.13018891098082386,-0.09166984970282112,-0.09166984970282112,-0.09166984970282112,-0.2294157338705618,-0.18569533817705186,-0.22941573387056183,-0.0916698497028211,-0.1856953381770519,-0.16012815380508713,-0.09166984970282112,-0.09166984970282112,-0.0916698497028211,-0.24889134708717228,-0.0916698497028211,-0.30151134457776363,-0.4062616689884986,-0.0916698497028211,-0.09166984970282112,-0.16012815380508716,-0.09166984970282112,-0.3333333333333333,-0.16012815380508716,2.4614677591656093,-0.0916698497028211,-0.09166984970282112,-0.16012815380508716
0.4472135954999579,-0.6284339537533059,0.24985447606458697,-1.1243446728633644,1.309060126306291,2.171240593367237,-0.30151134457776363,-0.0916698497028211,-0.4605661864718383,-0.5388159060803247,0.925467360896068,4.358898943540674,-0.18569533817705192,-0.13018891098082386,-0.18569533817705192,-0.2847473987257497,-2.5793789069728987,6.244997998398398,-0.09166984970282112,-0.09166984970282112,-0.13018891098082386,-0.18569533817705192,-0.07825005579908746,-0.0916698497028211,-0.16012815380508713,-0.0916698497028211,-0.0916698497028211,-0.33982872196641956,-0.6452764390103795,0.9406103908149797,-0.09166984970282112,-0.09166984970282112,-0.09166984970282112,-0.09166984970282112,-0.13018891098082386,-0.09166984970282112,-0.13018891098082386,-0.13018891098082386,-0.0916698497028211,-0.0916698497028211,-0.13018891098082386,-0.0916698497028211,-0.09166984970282112,-0.09166984970282112,-0.0916698497028211,-0.13018891098082386,-0.09166984970282112,-0.0916698497028211,-0.09166984970282112,-0.13018891098082386,-0.1856953381770519,-0.0916698497028211,-0.09166984970282112,-0.09166984970282112,-0.13018891098082386,-0.09166984970282112,-0.09166984970282112,-0.09166984970282112,5.3851648071345055,-0.09166984970282112,-0.0916698497028211,-0.0916698497028211,-0.09166984970282112,-0.09166984970282112,-0.16012815380508713,-0.0916698497028211,-0.13018891098082386,-0.13018891098082386,-0.13018891098082386,-0.09166984970282112,-0.1856953381770519,-0.13018891098082389,-0.16012815380508713,-0.0916698497028211,-0.0916698497028211,-0.13018891098082386,-0.13018891098082386,-0.09166984970282112,-0.09166984970282112,-0.0916698497028211,-0.16012815380508713,-0.09166984970282112,-0.09166984970282112,-0.09166984970282112,-0.09166984970282112,-0.09166984970282112,-0.13018891098082386,-0.0916698497028211,-0.09166984970282112,-0.09166984970282112,-0.0916698497028211,-0.16012815380508713,-0.13018891098082386,-0.13018891098082386,-0.0916698497028211,-0.09166984970282112,-0.09166984970282112,-0.0916698497028211,-0.0916698497028211,-0.0916698497028211,-0.09166984970282112,-0.0916698497028211,-0.0916698497028211,-0.09166984970282112,-0.1856953381770519,-0.13018891098082386,-0.13018891098082386,-0.09166984970282112,-0.0916698497028211,-0.09166984970282112,-0.0916698497028211,-0.26726124191242434,-0.16012815380508716,-0.24889134708717228,-0.09166984970282112,-0.0916698497028211,-0.16012815380508713,-0.16012815380508713,2.5495097567963922,-0.36342189215581555,-0.13018891098082386,-0.2847473987257497,-0.09166984970282112,-0.13018891098082386,-0.0916698497028211,-0.13018891098082386,-0.16012815380508713,-0.13018891098082386,-0.22941573387056183,-0.16012815380508713,-0.3176750402418492,-0.09166984970282112,-0.0916698497028211,-0.0916698497028211,-0.13018891098082386,-0.30151134457776363,-0.09166984970282112,-0.09166984970282112,-0.09166984970282112,-0.09166984970282112,-0.13018891098082386,1.0871146130092182,-0.24889134708717225,-0.7204077607661872,-0.0916698497028211,-0.24889134708717228,-0.13018891098082386,-0.09166984970282112,-0.09166984970282112,-0.09166984970282112,-0.2294157338705618,-0.18569533817705186,4.358898943540674,-0.0916698497028211,-0.1856953381770519,-0.16012815380508713,-0.09166984970282112,-0.09166984970282112,-0.0916698497028211,-0.24889134708717228,-0.0916698497028211,-0.30151134457776363,-0.4062616689884986,-0.0916698497028211,-0.09166984970282112,-0.16012815380508716,-0.09166984970282112,-0.3333333333333333,-0.16012815380508716,-0.4062616689884986,-0.0916698497028211,-0.09166984970282112,-0.16012815380508716
0.4472135954999579,-0.5098615096489085,0.08130565357563599,0.8894069800262434,1.4129996158233336,-0.4605661864718382,-0.30151134457776363,-0.0916698497028211,2.1712405933672376,-0.5388159060803247,2.29331354826151,-0.22941573387056183,-0.18569533817705192,-0.13018891098082386,-0.18569533817705192,-0.2847473987257497,-1.566352975046619,-0.16012815380508713,-0.09166984970282112,-0.09166984970282112,-0.13018891098082386,-0.18569533817705192,-0.07825005579908746,-0.0916698497028211,-0.16012815380508713,-0.0916698497028211,-0.0916698497028211,0.05083657373558479,-0.489961795122164,0.08307028818661367,-0.09166984970282112,-0.09166984970282112,-0.09166984970282112,-0.09166984970282112,-0.13018891098082386,-0.09166984970282112,-0.13018891098082386,-0.13018891098082386,-0.0916698497028211,-0.0916698497028211,-0.13018891098082386,-0.0916698497028211,-0.09166984970282112,-0.09166984970282112,-0.0916698497028211,-0.13018891098082386,-0.09166984970282112,-0.0916698497028211,-0.09166984970282112,-0.13018891098082386,-0.1856953381770519,-0.0916698497028211,-0.09166984970282112,-0.09166984970282112,-0.13018891098082386,-0.09166984970282112,-0.09166984970282112,-0.09166984970282112,-0.18569533817705192,-0.09166984970282112,-0.0916698497028211,-0.0916698497028211,-0.09166984970282112,-0.09166984970282112,-0.16012815380508713,-0.0916698497028211,-0.13018891098082386,-0.13018891098082386,-0.13018891098082386,-0.09166984970282112,-0.1856953381770519,-0.13018891098082389,-0.16012815380508713,-0.0916698497028211,-0.0916698497028211,-0.13018891098082386,-0.13018891098082386,-0.09166984970282112,-0.09166984970282112,-0.0916698497028211,-0.16012815380508713,-0.09166984970282112,-0.09166984970282112,-0.09166984970282112,-0.09166984970282112,-0.09166984970282112,7.681145747868607,-0.0916698497028211,-0.09166984970282112,-0.09166984970282112,-0.0916698497028211,-0.16012815380508713,-0.13018891098082386,-0.13018891098082386,-0.0916698497028211,-0.09166984970282112,-0.09166984970282112,-0.0916698497028211,-0.0916698497028211,-0.0916698497028211,-0.09166984970282112,-0.0916698497028211,-0.0916698497028211,-0.09166984970282112,-0.1856953381770519,-0.13018891098082386,-0.13018891098082386,-0.09166984970282112,-0.0916698497028211,-0.09166984970282112,-0.0916698497028211,-0.26726124191242434,-0.16012815380508716,-0.24889134708717228,-0.09166984970282112,-0.0916698497028211,-0.16012815380508713,-0.16012815380508713,2.5495097567963922,-0.36342189215581555,-0.13018891098082386,-0.2847473987257497,-0.09166984970282112,-0.13018891098082386,-0.0916698497028211,-0.13018891098082386,-0.16012815380508713,-0.13018891098082386,-0.22941573387056183,-0.16012815380508713,-0.3176750402418492,-0.09166984970282112,-0.0916698497028211,-0.0916698497028211,-0.13018891098082386,-0.30151134457776363,-0.09166984970282112,-0.09166984970282112,-0.09166984970282112,-0.09166984970282112,-0.13018891098082386,-0.9198662110077998,-0.24889134708717225,1.3881027585494827,-0.0916698497028211,-0.24889134708717228,-0.13018891098082386,-0.09166984970282112,-0.09166984970282112,-0.09166984970282112,-0.2294157338705618,-0.18569533817705186,-0.22941573387056183,-0.0916698497028211,-0.1856953381770519,-0.16012815380508713,-0.09166984970282112,-0.09166984970282112,-0.0916698497028211,-0.24889134708717228,-0.0916698497028211,-0.30151134457776363,2.4614677591656093,-0.0916698497028211,-0.09166984970282112,-0.16012815380508716,-0.09166984970282112,-0.3333333333333333,-0.16012815380508716,-0.4062616689884986,-0.0916698497028211,-0.09166984970282112,-0.16012815380508716
0.4472135954999579,-0.39128906554451126,-0.1332110295921198,0.8894069800262434,0.8586556717324452,-0.4605661864718382,-0.30151134457776363,-0.0916698497028211,2.1712405933672376,-0.5388159060803247,0.04613766901828033,-0.22941573387056183,-0.18569533817705192,-0.13018891098082386,-0.18569533817705192,-0.2847473987257497,1.380631554193485,-0.16012815380508713,-0.09166984970282112,-0.09166984970282112,-0.13018891098082386,-0.18569533817705192,-0.07825005579908746,-0.0916698497028211,-0.16012815380508713,-0.0916698497028211,-0.0916698497028211,0.2912459864752802,-0.7376156154871065,-0.39400368912976763,-0.09166984970282112,-0.09166984970282112,-0.09166984970282112,-0.09166984970282112,-0.13018891098082386,-0.09166984970282112,-0.13018891098082386,-0.13018891098082386,-0.0916698497028211,-0.0916698497028211,-0.13018891098082386,-0.0916698497028211,-0.09166984970282112,-0.09166984970282112,-0.0916698497028211,-0.13018891098082386,-0.09166984970282112,-0.0916698497028211,-0.09166984970282112,-0.13018891098082386,-0.1856953381770519,-0.0916698497028211,-0.09166984970282112,-0.09166984970282112,7.681145747868607,-0.09166984970282112,-0.09166984970282112,-0.09166984970282112,-0.18569533817705192,-0.09166984970282112,-0.0916698497028211,-0.0916698497028211,-0.09166984970282112,-0.09166984970282112,-0.16012815380508713,-0.0916698497028211,-0.13018891098082386,-0.13018891098082386,-0.13018891098082386,-0.09166984970282112,-0.1856953381770519,-0.13018891098082389,-0.16012815380508713,-0.0916698497028211,-0.0916698497028211,-0.13018891098082386,-0.13018891098082386,-0.09166984970282112,-0.09166984970282112,-0.0916698497028211,-0.16012815380508713,-0.09166984970282112,-0.09166984970282112,-0.09166984970282112,-0.09166984970282112,-0.09166984970282112,-0.13018891098082386,-0.0916698497028211,-0.09166984970282112,-0.09166984970282112,-0.0916698497028211,-0.16012815380508713,-0.13018891098082386,-0.13018891098082386,-0.0916698497028211,-0.09166984970282112,-0.09166984970282112,-0.0916698497028211,-0.0916698497028211,-0.0916698497028211,-0.09166984970282112,-0.0916698497028211,-0.0916698497028211,-0.09166984970282112,-0.1856953381770519,-0.13018891098082386,-0.13018891098082386,-0.09166984970282112,-0.0916698497028211,-0.09166984970282112,-0.0916698497028211,-0.26726124191242434,-0.16012815380508716,-0.24889134708717228,-0.09166984970282112,-0.0916698497028211,-0.16012815380508713,-0.16012815380508713,-0.39223227027636803,-0.36342189215581555,-0.13018891098082386,3.5118845842842465,-0.09166984970282112,-0.13018891098082386,-0.0916698497028211,-0.13018891098082386,-0.16012815380508713,-0.13018891098082386,-0.22941573387056183,-0.16012815380508713,-0.3176750402418492,-0.09166984970282112,-0.0916698497028211,-0.0916698497028211,-0.13018891098082386,-0.30151134457776363,-0.09166984970282112,-0.09166984970282112,-0.09166984970282112,-0.09166984970282112,-0.13018891098082386,-0.9198662110077998,-0.24889134708717225,1.3881027585494827,-0.0916698497028211,-0.24889134708717228,-0.13018891098082386,-0.09166984970282112,-0.09166984970282112,-0.09166984970282112,-0.2294157338705618,5.385164807134504,-0.22941573387056183,-0.0916698497028211,-0.1856953381770519,-0.16012815380508713,-0.09166984970282112,-0.09166984970282112,-0.0916698497028211,-0.24889134708717228,-0.0916698497028211,-0.30151134457776363,-0.4062616689884986,-0.0916698497028211,-0.09166984970282112,-0.16012815380508716,-0.09166984970282112,-0.3333333333333333,-0.16012815380508716,-0.4062616689884986,-0.0916698497028211,-0.09166984970282112,-0.16012815380508716
0.4472135954999579,-0.27271662144011394,-0.1906708554406258,-1.1243446728633644,-0.5964971815061353,-0.4605661864718382,-0.30151134457776363,-0.0916698497028211,-0.4605661864718383,-0.5388159060803247,-0.11670116281093874,-0.22941573387056183,-0.18569533817705192,-0.13018891098082386,-0.18569533817705192,3.5118845842842465,4.603895883049843,6.244997998398398,-0.09166984970282112,-0.09166984970282112,-0.13018891098082386,-0.18569533817705192,-0.07825005579908746,-0.0916698497028211,-0.16012815380508713,-0.0916698497028211,-0.0916698497028211,3.7471312946083972,-0.6079383216456982,-0.3456029454618246,-0.09166984970282112,-0.09166984970282112,-0.09166984970282112,-0.09166984970282112,-0.13018891098082386,-0.09166984970282112,-0.13018891098082386,-0.13018891098082386,-0.0916698497028211,-0.0916698497028211,-0.13018891098082386,-0.0916698497028211,-0.09166984970282112,10.908712114635714,-0.0916698497028211,-0.13018891098082386,-0.09166984970282112,-0.0916698497028211,-0.09166984970282112,-0.13018891098082386,-0.1856953381770519,-0.0916698497028211,-0.09166984970282112,-0.09166984970282112,-0.13018891098082386,-0.09166984970282112,-0.09166984970282112,-0.09166984970282112,-0.18569533817705192,-0.09166984970282112,-0.0916698497028211,-0.0916698497028211,-0.09166984970282112,-0.09166984970282112,-0.16012815380508713,-0.0916698497028211,-0.13018891098082386,-0.13018891098082386,-0.13018891098082386,-0.09166984970282112,-0.1856953381770519,-0.13018891098082389,-0.16012815380508713,-0.0916698497028211,-0.0916698497028211,-0.13018891098082386,-0.13018891098082386,-0.09166984970282112,-0.09166984970282112,-0.0916698497028211,-0.16012815380508713,-0.09166984970282112,-0.09166984970282112,-0.09166984970282112,-0.09166984970282112,-0.09166984970282112,-0.13018891098082386,-0.0916698497028211,-0.09166984970282112,-0.09166984970282112,-0.0916698497028211,-0.16012815380508713,-0.13018891098082386,-0.13018891098082386,-0.0916698497028211,-0.09166984970282112,-0.09166984970282112,-0.0916698497028211,-0.0916698497028211,-0.0916698497028211,-0.09166984970282112,-0.0916698497028211,-0.0916698497028211,-0.09166984970282112,-0.1856953381770519,-0.13018891098082386,-0.13018891098082386,-0.09166984970282112,-0.0916698497028211,-0.09166984970282112,-0.0916698497028211,-0.26726124191242434,-0.16012815380508716,-0.24889134708717228,-0.09166984970282112,-0.0916698497028211,-0.16012815380508713,-0.16012815380508713,-0.39223227027636803,-0.36342189215581555,-0.13018891098082386,-0.2847473987257497,-0.09166984970282112,-0.13018891098082386,-0.0916698497028211,-0.13018891098082386,-0.16012815380508713,-0.13018891098082386,-0.22941573387056183,-0.16012815380508713,-0.3176750402418492,-0.09166984970282112,-0.0916698497028211,-0.0916698497028211,-0.13018891098082386,3.3166247903554,-0.09166984970282112,-0.09166984970282112,-0.09166984970282112,-0.09166984970282112,-0.13018891098082386,-0.9198662110077998,-0.24889134708717225,1.3881027585494827,-0.0916698497028211,-0.24889134708717228,-0.13018891098082386,-0.09166984970282112,-0.09166984970282112,-0.09166984970282112,-0.2294157338705618,-0.18569533817705186,-0.22941573387056183,-0.0916698497028211,-0.1856953381770519,-0.16012815380508713,-0.09166984970282112,-0.09166984970282112,-0.0916698497028211,-0.24889134708717228,-0.0916698497028211,-0.30151134457776363,-0.4062616689884986,-0.0916698497028211,-0.09166984970282112,-0.16012815380508716,-0.09166984970282112,-0.3333333333333333,6.244997998398399,-0.4062616689884986,-0.0916698497028211,-0.09166984970282112,-0.16012815380508716
0.4472135954999579,-0.1541441773357166,-0.20599347566689408,-1.1243446728633644,-0.45791119548341314,-0.4605661864718382,-0.30151134457776363,-0.0916698497028211,-0.4605661864718383,-0.5388159060803247,0.04613766901828033,-0.22941573387056183,-0.18569533817705192,-0.13018891098082386,-0.18569533817705192,-0.2847473987257497,-0.3691405100428205,-0.16012815380508713,-0.09166984970282112,-0.09166984970282112,-0.13018891098082386,-0.18569533817705192,-0.07825005579908746,-0.0916698497028211,-0.16012815380508713,-0.0916698497028211,-0.0916698497028211,0.20109245669789375,-1.005764410453421,-0.2753610969948866,10.908712114635714,-0.09166984970282112,-0.09166984970282112,-0.09166984970282112,-0.13018891098082386,-0.09166984970282112,-0.13018891098082386,-0.13018891098082386,-0.0916698497028211,-0.0916698497028211,-0.13018891098082386,-0.0916698497028211,-0.09166984970282112,-0.09166984970282112,-0.0916698497028211,-0.13018891098082386,-0.09166984970282112,-0.0916698497028211,-0.09166984970282112,-0.13018891098082386,-0.1856953381770519,-0.0916698497028211,-0.09166984970282112,-0.09166984970282112,-0.13018891098082386,-0.09166984970282112,-0.09166984970282112,-0.09166984970282112,-0.18569533817705192,-0.09166984970282112,-0.0916698497028211,-0.0916698497028211,-0.09166984970282112,-0.09166984970282112,-0.16012815380508713,-0.0916698497028211,-0.13018891098082386,-0.13018891098082386,-0.13018891098082386,-0.09166984970282112,-0.1856953381770519,-0.13018891098082389,-0.16012815380508713,-0.0916698497028211,-0.0916698497028211,-0.13018891098082386,-0.13018891098082386,-0.09166984970282112,-0.09166984970282112,-0.0916698497028211,-0.16012815380508713,-0.09166984970282112,-0.09166984970282112,-0.09166984970282112,-0.09166984970282112,-0.09166984970282112,-0.13018891098082386,-0.0916698497028211,-0.09166984970282112,-0.09166984970282112,-0.0916698497028211,-0.16012815380508713,-0.13018891098082386,-0.13018891098082386,-0.0916698497028211,-0.09166984970282112,-0.09166984970282112,-0.0916698497028211,-0.0916698497028211,-0.0916698497028211,-0.09166984970282112,-0.0916698497028211,-0.0916698497028211,-0.09166984970282112,-0.1856953381770519,-0.13018891098082386,-0.13018891098082386,-0.09166984970282112,-0.0916698497028211,-0.09166984970282112,-0.0916698497028211,-0.26726124191242434,-0.16012815380508716,-0.24889134708717228,-0.09166984970282112,-0.0916698497028211,-0.16012815380508713,-0.16012815380508713,-0.39223227027636803,-0.36342189215581555,-0.13018891098082386,-0.2847473987257497,-0.09166984970282112,-0.13018891098082386,-0.0916698497028211,-0.13018891098082386,-0.16012815380508713,7.681145747868607,-0.22941573387056183,-0.16012815380508713,-0.3176750402418492,-0.09166984970282112,-0.0916698497028211,-0.0916698497028211,-0.13018891098082386,-0.30151134457776363,-0.09166984970282112,-0.09166984970282112,-0.09166984970282112,-0.09166984970282112,-0.13018891098082386,1.0871146130092182,-0.24889134708717225,-0.7204077607661872,-0.0916698497028211,-0.24889134708717228,-0.13018891098082386,10.908712114635714,-0.09166984970282112,-0.09166984970282112,-0.2294157338705618,-0.18569533817705186,-0.22941573387056183,-0.0916698497028211,-0.1856953381770519,-0.16012815380508713,-0.09166984970282112,-0.09166984970282112,-0.0916698497028211,-0.24889134708717228,-0.0916698497028211,-0.30151134457776363,-0.4062616689884986,-0.0916698497028211,-0.09166984970282112,-0.16012815380508716,-0.09166984970282112,-0.3333333333333333,-0.16012815380508716,-0.4062616689884986,-0.0916698497028211,-0.09166984970282112,-0.16012815380508716
0.4472135954999579,-0.03557173323131928,-0.24046937117599768,-1.1243446728633644,-0.9776086430686217,-0.4605661864718382,-0.30151134457776363,-0.0916698497028211,-0.4605661864718383,-0.5388159060803247,0.04613766901828033,-0.22941573387056183,-0.18569533817705192,-0.13018891098082386,-0.18569533817705192,3.5118845842842465,-0.0007674438878157014,-0.16012815380508713,-0.09166984970282112,-0.09166984970282112,-0.13018891098082386,-0.18569533817705192,-0.07825005579908746,-0.0916698497028211,-0.16012815380508713,-0.0916698497028211,-0.0916698497028211,0.92232069491698,0.2324301641909228,0.07206517832186395,-0.09166984970282112,-0.09166984970282112,-0.09166984970282112,-0.09166984970282112,-0.13018891098082386,-0.09166984970282112,-0.13018891098082386,-0.13018891098082386,-0.0916698497028211,-0.0916698497028211,-0.13018891098082386,-0.0916698497028211,-0.09166984970282112,-0.09166984970282112,-0.0916698497028211,-0.13018891098082386,-0.09166984970282112,-0.0916698497028211,-0.09166984970282112,-0.13018891098082386,-0.1856953381770519,-0.0916698497028211,-0.09166984970282112,-0.09166984970282112,-0.13018891098082386,-0.09166984970282112,-0.09166984970282112,-0.09166984970282112,-0.18569533817705192,-0.09166984970282112,-0.0916698497028211,-0.0916698497028211,-0.09166984970282112,-0.09166984970282112,-0.16012815380508713,-0.0916698497028211,-0.13018891098082386,-0.13018891098082386,-0.13018891098082386,-0.09166984970282112,-0.1856953381770519,-0.13018891098082389,-0.16012815380508713,-0.0916698497028211,-0.0916698497028211,-0.13018891098082386,-0.13018891098082386,-0.09166984970282112,-0.09166984970282112,-0.0916698497028211,-0.16012815380508713,10.908712114635714,-0.09166984970282112,-0.09166984970282112,-0.09166984970282112,-0.09166984970282112,-0.13018891098082386,-0.0916698497028211,-0.09166984970282112,-0.09166984970282112,-0.0916698497028211,-0.16012815380508713,-0.13018891098082386,-0.13018891098082386,-0.0916698497028211,-0.09166984970282112,-0.09166984970282112,-0.0916698497028211,-0.0916698497028211,-0.0916698497028211,-0.09166984970282112,-0.0916698497028211,-0.0916698497028211,-0.09166984970282112,-0.1856953381770519,-0.13018891098082386,-0.13018891098082386,-0.09166984970282112,-0.0916698497028211,-0.09166984970282112,-0.0916698497028211,-0.26726124191242434,-0.16012815380508716,-0.24889134708717228,-0.09166984970282112,-0.0916698497028211,-0.16012815380508713,-0.16012815380508713,-0.39223227027636803,-0.36342189215581555,-0.13018891098082386,-0.2847473987257497,-0.09166984970282112,-0.13018891098082386,-0.0916698497028211,-0.13018891098082386,-0.16012815380508713,-0.13018891098082386,-0.22941573387056183,-0.16012815380508713,-0.3176750402418492,-0.09166984970282112,-0.0916698497028211,-0.0916698497028211,-0.13018891098082386,3.3166247903554,-0.09166984970282112,-0.09166984970282112,-0.09166984970282112,-0.09166984970282112,-0.13018891098082386,1.0871146130092182,-0.24889134708717225,-0.7204077607661872,-0.0916698497028211,-0.24889134708717228,-0.13018891098082386,-0.09166984970282112,10.908712114635714,-0.09166984970282112,-0.2294157338705618,-0.18569533817705186,-0.22941573387056183,-0.0916698497028211,-0.1856953381770519,-0.16012815380508713,-0.09166984970282112,-0.09166984970282112,-0.0916698497028211,-0.24889134708717228,-0.0916698497028211,-0.30151134457776363,-0.4062616689884986,-0.0916698497028211,-0.09166984970282112,-0.16012815380508716,-0.09166984970282112,-0.3333333333333333,-0.16012815380508716,-0.4062616689884986,-0.0916698497028211,-0.09166984970282112,-0.16012815380508716
0.4472135954999579,0.08300071087307803,-0.29026788691136957,0.8894069800262434,0.3736047206529194,-0.4605661864718382,-0.30151134457776363,-0.0916698497028211,-0.4605661864718383,-0.5388159060803247,0.04613766901828033,-0.22941573387056183,-0.18569533817705192,-0.13018891098082386,-0.18569533817705192,-0.2847473987257497,1.1964450211159827,-0.16012815380508713,-0.09166984970282112,-0.09166984970282112,-0.13018891098082386,-0.18569533817705192,-0.07825005579908746,-0.0916698497028211,-0.16012815380508713,-0.0916698497028211,-0.0916698497028211,0.05083657373558479,0.5640015896509377,-0.39626310504733125,-0.09166984970282112,-0.09166984970282112,-0.09166984970282112,-0.09166984970282112,-0.13018891098082386,-0.09166984970282112,-0.13018891098082386,-0.13018891098082386,-0.0916698497028211,-0.0916698497028211,-0.13018891098082386,-0.0916698497028211,-0.09166984970282112,-0.09166984970282112,-0.0916698497028211,-0.13018891098082386,-0.09166984970282112,-0.0916698497028211,-0.09166984970282112,-0.13018891098082386,-0.1856953381770519,-0.0916698497028211,-0.09166984970282112,-0.09166984970282112,-0.13018891098082386,-0.09166984970282112,10.908712114635714,-0.09166984970282112,-0.18569533817705192,-0.09166984970282112,-0.0916698497028211,-0.0916698497028211,-0.09166984970282112,-0.09166984970282112,-0.16012815380508713,-0.0916698497028211,-0.13018891098082386,-0.13018891098082386,-0.13018891098082386,-0.09166984970282112,-0.1856953381770519,-0.13018891098082389,-0.16012815380508713,-0.0916698497028211,-0.0916698497028211,-0.13018891098082386,-0.13018891098082386,-0.09166984970282112,-0.09166984970282112,-0.0916698497028211,-0.16012815380508713,-0.09166984970282112,-0.09166984970282112,-0.09166984970282112,-0.09166984970282112,-0.09166984970282112,-0.13018891098082386,-0.0916698497028211,-0.09166984970282112,-0.09166984970282112,-0.0916698497028211,-0.16012815380508713,-0.13018891098082386,-0.13018891098082386,-0.0916698497028211,-0.09166984970282112,-0.09166984970282112,-0.0916698497028211,-0.0916698497028211,-0.0916698497028211,-0.09166984970282112,-0.0916698497028211,-0.0916698497028211,-0.09166984970282112,-0.1856953381770519,-0.13018891098082386,-0.13018891098082386,-0.09166984970282112,-0.0916698497028211,-0.09166984970282112,-0.0916698497028211,-0.26726124191242434,-0.16012815380508716,-0.24889134708717228,-0.09166984970282112,-0.0916698497028211,-0.16012815380508713,-0.16012815380508713,-0.39223227027636803,-0.36342189215581555,-0.13018891098082386,-0.2847473987257497,-0.09166984970282112,-0.13018891098082386,-0.0916698497028211,-0.13018891098082386,-0.16012815380508713,-0.13018891098082386,-0.22941573387056183,-0.16012815380508713,-0.3176750402418492,-0.09166984970282112,-0.0916698497028211,-0.0916698497028211,-0.13018891098082386,-0.30151134457776363,-0.09166984970282112,10.908712114635714,-0.09166984970282112,-0.09166984970282112,-0.13018891098082386,-0.9198662110077998,-0.24889134708717225,1.3881027585494827,-0.0916698497028211,-0.24889134708717228,-0.13018891098082386,-0.09166984970282112,-0.09166984970282112,-0.09166984970282112,-0.2294157338705618,5.385164807134504,-0.22941573387056183,-0.0916698497028211,-0.1856953381770519,-0.16012815380508713,-0.09166984970282112,-0.09166984970282112,-0.0916698497028211,-0.24889134708717228,-0.0916698497028211,-0.30151134457776363,-0.4062616689884986,-0.0916698497028211,-0.09166984970282112,-0.16012815380508716,-0.09166984970282112,-0.3333333333333333,-0.16012815380508716,-0.4062616689884986,-0.0916698497028211,-0.09166984970282112,-0.16012815380508716
0.4472135954999579,0.20157315497747536,-0.2979291970245037,0.8894069800262434,-0.007506740909567126,-0.4605661864718382,-0.30151134457776363,-0.0916698497028211,-0.4605661864718383,1.8559214542766738,-0.768056490127818,-0.22941573387056183,-0.18569533817705192,-0.13018891098082386,-0.18569533817705192,-0.2847473987257497,3.498776684584812,-0.16012815380508713,-0.09166984970282112,-0.09166984970282112,-0.13018891098082386,-0.18569533817705192,-0.07825005579908746,-0.0916698497028211,-0.16012815380508713,-0.0916698497028211,-0.0916698497028211,-0.4900846049287285,-0.036389375398709546,-0.47379737132472743,-0.09166984970282112,-0.09166984970282112,-0.09166984970282112,-0.09166984970282112,-0.13018891098082386,-0.09166984970282112,-0.13018891098082386,-0.13018891098082386,-0.0916698497028211,-0.0916698497028211,-0.13018891098082386,-0.0916698497028211,-0.09166984970282112,-0.09166984970282112,-0.0916698497028211,-0.13018891098082386,-0.09166984970282112,-0.0916698497028211,-0.09166984970282112,-0.13018891098082386,-0.1856953381770519,-0.0916698497028211,-0.09166984970282112,10.908712114635714,-0.13018891098082386,-0.09166984970282112,-0.09166984970282112,-0.09166984970282112,-0.18569533817705192,-0.09166984970282112,-0.0916698497028211,-0.0916698497028211,-0.09166984970282112,-0.09166984970282112,-0.16012815380508713,-0.0916698497028211,-0.13018891098082386,-0.13018891098082386,-0.13018891098082386,-0.09166984970282112,-0.1856953381770519,-0.13018891098082389,-0.16012815380508713,-0.0916698497028211,-0.0916698497028211,-0.13018891098082386,-0.13018891098082386,-0.09166984970282112,-0.09166984970282112,-0.0916698497028211,-0.16012815380508713,-0.09166984970282112,-0.09166984970282112,-0.09166984970282112,-0.09166984970282112,-0.09166984970282112,-0.13018891098082386,-0.0916698497028211,-0.09166984970282112,-0.09166984970282112,-0.0916698497028211,-0.16012815380508713,-0.13018891098082386,-0.13018891098082386,-0.0916698497028211,-0.09166984970282112,-0.09166984970282112,-0.0916698497028211,-0.0916698497028211,-0.0916698497028211,-0.09166984970282112,-0.0916698497028211,-0.0916698497028211,-0.09166984970282112,-0.1856953381770519,-0.13018891098082386,-0.13018891098082386,-0.09166984970282112,-0.0916698497028211,-0.09166984970282112,-0.0916698497028211,-0.26726124191242434,-0.16012815380508716,-0.24889134708717228,-0.09166984970282112,-0.0916698497028211,-0.16012815380508713,-0.16012815380508713,-0.39223227027636803,-0.36342189215581555,-0.13018891098082386,-0.2847473987257497,-0.09166984970282112,-0.13018891098082386,-0.0916698497028211,-0.13018891098082386,-0.16012815380508713,-0.13018891098082386,-0.22941573387056183,-0.16012815380508713,-0.3176750402418492,-0.09166984970282112,-0.0916698497028211,-0.0916698497028211,-0.13018891098082386,-0.30151134457776363,-0.09166984970282112,-0.09166984970282112,-0.09166984970282112,-0.09166984970282112,7.681145747868607,-0.9198662110077998,-0.24889134708717225,1.3881027585494827,-0.0916698497028211,-0.24889134708717228,-0.13018891098082386,-0.09166984970282112,-0.09166984970282112,-0.09166984970282112,-0.2294157338705618,-0.18569533817705186,-0.22941573387056183,-0.0916698497028211,-0.1856953381770519,-0.16012815380508713,-0.09166984970282112,-0.09166984970282112,-0.0916698497028211,-0.24889134708717228,-0.0916698497028211,-0.30151134457776363,-0.4062616689884986,-0.0916698497028211,-0.09166984970282112,-0.16012815380508716,-0.09166984970282112,-0.3333333333333333,-0.16012815380508716,2.4614677591656093,-0.0916698497028211,-0.09166984970282112,-0.16012815380508716
0.4472135954999579,0.3201455990818727,-0.4128488487215157,-1.1243446728633644,-0.9776086430686217,-0.4605661864718382,-0.30151134457776363,-0.0916698497028211,-0.4605661864718383,-0.5388159060803247,0.04613766901828033,-0.22941573387056183,-0.18569533817705192,-0.13018891098082386,-0.18569533817705192,3.5118845842842465,1.4727248207322363,-0.16012815380508713,-0.09166984970282112,10.908712114635714,-0.13018891098082386,-0.18569533817705192,-0.07825005579908746,-0.0916698497028211,-0.16012815380508713,-0.0916698497028211,-0.0916698497028211,-0.8807499006307355,0.47986040301475935,-0.32419941606597386,-0.09166984970282112,-0.09166984970282112,-0.09166984970282112,-0.09166984970282112,-0.13018891098082386,-0.09166984970282112,-0.13018891098082386,-0.13018891098082386,-0.0916698497028211,-0.0916698497028211,-0.13018891098082386,-0.0916698497028211,-0.09166984970282112,-0.09166984970282112,-0.0916698497028211,-0.13018891098082386,-0.09166984970282112,-0.0916698497028211,-0.09166984970282112,7.681145747868607,-0.1856953381770519,-0.0916698497028211,-0.09166984970282112,-0.09166984970282112,-0.13018891098082386,-0.09166984970282112,-0.09166984970282112,-0.09166984970282112,-0.18569533817705192,-0.09166984970282112,-0.0916698497028211,-0.0916698497028211,-0.09166984970282112,-0.09166984970282112,-0.16012815380508713,-0.0916698497028211,-0.13018891098082386,-0.13018891098082386,-0.13018891098082386,-0.09166984970282112,-0.1856953381770519,-0.13018891098082389,-0.16012815380508713,-0.0916698497028211,-0.0916698497028211,-0.13018891098082386,-0.13018891098082386,-0.09166984970282112,-0.09166984970282112,-0.0916698497028211,-0.16012815380508713,-0.09166984970282112,-0.09166984970282112,-0.09166984970282112,-0.09166984970282112,-0.09166984970282112,-0.13018891098082386,-0.0916698497028211,-0.09166984970282112,-0.09166984970282112,-0.0916698497028211,-0.16012815380508713,-0.13018891098082386,-0.13018891098082386,-0.0916698497028211,-0.09166984970282112,-0.09166984970282112,-0.0916698497028211,-0.0916698497028211,-0.0916698497028211,-0.09166984970282112,-0.0916698497028211,-0.0916698497028211,-0.09166984970282112,-0.1856953381770519,-0.13018891098082386,-0.13018891098082386,-0.09166984970282112,-0.0916698497028211,-0.09166984970282112,-0.0916698497028211,3.741657386773941,-0.16012815380508716,-0.24889134708717228,-0.09166984970282112,-0.0916698497028211,-0.16012815380508713,-0.16012815380508713,-0.39223227027636803,-0.36342189215581555,-0.13018891098082386,-0.2847473987257497,-0.09166984970282112,-0.13018891098082386,-0.0916698497028211,-0.13018891098082386,-0.16012815380508713,-0.13018891098082386,-0.22941573387056183,-0.16012815380508713,-0.3176750402418492,-0.09166984970282112,-0.0916698497028211,-0.0916698497028211,-0.13018891098082386,-0.30151134457776363,-0.09166984970282112,-0.09166984970282112,-0.09166984970282112,-0.09166984970282112,-0.13018891098082386,-0.9198662110077998,4.017817460121495,-0.7204077607661872,-0.0916698497028211,-0.24889134708717228,7.681145747868607,-0.09166984970282112,-0.09166984970282112,-0.09166984970282112,-0.2294157338705618,-0.18569533817705186,-0.22941573387056183,-0.0916698497028211,-0.1856953381770519,-0.16012815380508713,-0.09166984970282112,-0.09166984970282112,-0.0916698497028211,-0.24889134708717228,-0.0916698497028211,-0.30151134457776363,-0.4062616689884986,-0.0916698497028211,-0.09166984970282112,-0.16012815380508716,-0.09166984970282112,-0.3333333333333333,-0.16012815380508716,-0.4062616689884986,-0.0916698497028211,-0.09166984970282112,-0.16012815380508716
0.4472135954999579,0.43871804318627,-0.45881670940032054,-1.1243446728633644,0.9972416577551673,-0.4605661864718382,-0.30151134457776363,-0.0916698497028211,-0.4605661864718383,-0.5388159060803247,-0.018997863713406143,-0.22941573387056183,-0.18569533817705192,-0.13018891098082386,-0.18569533817705192,-0.2847473987257497,-0.0007674438878157014,-0.16012815380508713,-0.09166984970282112,-0.09166984970282112,-0.13018891098082386,-0.18569533817705192,-0.07825005579908746,-0.0916698497028211,-0.16012815380508713,-0.0916698497028211,-0.0916698497028211,0.231143633290355,-0.1694949195370744,-0.3340101043363526,-0.09166984970282112,-0.09166984970282112,-0.09166984970282112,-0.09166984970282112,-0.13018891098082386,-0.09166984970282112,-0.13018891098082386,-0.13018891098082386,-0.0916698497028211,-0.0916698497028211,-0.13018891098082386,-0.0916698497028211,-0.09166984970282112,-0.09166984970282112,-0.0916698497028211,-0.13018891098082386,-0.09166984970282112,-0.0916698497028211,-0.09166984970282112,-0.13018891098082386,-0.1856953381770519,-0.0916698497028211,-0.09166984970282112,-0.09166984970282112,-0.13018891098082386,-0.09166984970282112,-0.09166984970282112,-0.09166984970282112,-0.18569533817705192,-0.09166984970282112,-0.0916698497028211,-0.0916698497028211,-0.09166984970282112,-0.09166984970282112,-0.16012815380508713,-0.0916698497028211,-0.13018891098082386,-0.13018891098082386,-0.13018891098082386,-0.09166984970282112,-0.1856953381770519,-0.13018891098082389,-0.16012815380508713,-0.0916698497028211,-0.0916698497028211,-0.13018891098082386,7.681145747868607,-0.09166984970282112,-0.09166984970282112,-0.0916698497028211,-0.16012815380508713,-0.09166984970282112,-0.09166984970282112,-0.09166984970282112,-0.09166984970282112,-0.09166984970282112,-0.13018891098082386,-0.0916698497028211,-0.09166984970282112,-0.09166984970282112,-0.0916698497028211,-0.16012815380508713,-0.13018891098082386,-0.13018891098082386,-0.0916698497028211,-0.09166984970282112,-0.09166984970282112,-0.0916698497028211,-0.0916698497028211,-0.0916698497028211,-0.09166984970282112,-0.0916698497028211,-0.0916698497028211,-0.09166984970282112,-0.1856953381770519,-0.13018891098082386,-0.13018891098082386,-0.09166984970282112,-0.0916698497028211,-0.09166984970282112,-0.0916698497028211,-0.26726124191242434,-0.16012815380508716,-0.24889134708717228,-0.09166984970282112,-0.0916698497028211,-0.16012815380508713,-0.16012815380508713,-0.39223227027636803,-0.36342189215581555,-0.13018891098082386,-0.2847473987257497,-0.09166984970282112,-0.13018891098082386,-0.0916698497028211,-0.13018891098082386,-0.16012815380508713,-0.13018891098082386,4.358898943540674,-0.16012815380508713,-0.3176750402418492,-0.09166984970282112,-0.0916698497028211,-0.0916698497028211,-0.13018891098082386,-0.30151134457776363,-0.09166984970282112,-0.09166984970282112,-0.09166984970282112,-0.09166984970282112,-0.13018891098082386,-0.9198662110077998,-0.24889134708717225,1.3881027585494827,-0.0916698497028211,4.0178174601214955,-0.13018891098082386,-0.09166984970282112,-0.09166984970282112,-0.09166984970282112,-0.2294157338705618,-0.18569533817705186,-0.22941573387056183,-0.0916698497028211,-0.1856953381770519,-0.16012815380508713,-0.09166984970282112,-0.09166984970282112,-0.0916698497028211,-0.24889134708717228,-0.0916698497028211,-0.30151134457776363,-0.4062616689884986,-0.0916698497028211,-0.09166984970282112,-0.16012815380508716,-0.09166984970282112,-0.3333333333333333,-0.16012815380508716,-0.4062616689884986,-0.0916698497028211,-0.09166984970282112,-0.16012815380508716
0.4472135954999579,0.5572904872906673,-0.4626473644568876,0.8894069800262434,1.0318881542608471,-0.4605661864718382,-0.30151134457776363,-0.0916698497028211,-0.4605661864718383,-0.5388159060803247,0.14384096811581293,-0.22941573387056183,-0.18569533817705192,-0.13018891098082386,-0.18569533817705192,-0.2847473987257497,-1.1058866423528466,-0.16012815380508713,-0.09166984970282112,-0.09166984970282112,-0.13018891098082386,-0.18569533817705192,-0.07825005579908746,-0.0916698497028211,-0.16012815380508713,-0.0916698497028211,-0.0916698497028211,0.5016042226225117,1.1188564474953542,-0.5421150002834427,-0.09166984970282112,-0.09166984970282112,-0.09166984970282112,-0.09166984970282112,-0.13018891098082386,-0.09166984970282112,-0.13018891098082386,-0.13018891098082386,-0.0916698497028211,-0.0916698497028211,-0.13018891098082386,-0.0916698497028211,-0.09166984970282112,-0.09166984970282112,-0.0916698497028211,-0.13018891098082386,-0.09166984970282112,-0.0916698497028211,-0.09166984970282112,-0.13018891098082386,-0.1856953381770519,-0.0916698497028211,-0.09166984970282112,-0.09166984970282112,-0.13018891098082386,-0.09166984970282112,-0.09166984970282112,10.908712114635714,-0.18569533817705192,-0.09166984970282112,-0.0916698497028211,-0.0916698497028211,-0.09166984970282112,-0.09166984970282112,-0.16012815380508713,-0.0916698497028211,-0.13018891098082386,-0.13018891098082386,-0.13018891098082386,-0.09166984970282112,-0.1856953381770519,-0.13018891098082389,-0.16012815380508713,-0.0916698497028211,-0.0916698497028211,-0.13018891098082386,-0.13018891098082386,-0.09166984970282112,-0.09166984970282112,-0.0916698497028211,-0.16012815380508713,-0.09166984970282112,-0.09166984970282112,-0.09166984970282112,-0.09166984970282112,-0.09166984970282112,-0.13018891098082386,-0.0916698497028211,-0.09166984970282112,-0.09166984970282112,-0.0916698497028211,-0.16012815380508713,-0.13018891098082386,-0.13018891098082386,-0.0916698497028211,-0.09166984970282112,-0.09166984970282112,-0.0916698497028211,-0.0916698497028211,-0.0916698497028211,-0.09166984970282112,-0.0916698497028211,-0.0916698497028211,-0.09166984970282112,-0.1856953381770519,-0.13018891098082386,-0.13018891098082386,-0.09166984970282112,-0.0916698497028211,-0.09166984970282112,-0.0916698497028211,-0.26726124191242434,-0.16012815380508716,-0.24889134708717228,-0.09166984970282112,-0.0916698497028211,-0.16012815380508713,-0.16012815380508713,-0.39223227027636803,-0.36342189215581555,-0.13018891098082386,-0.2847473987257497,-0.09166984970282112,-0.13018891098082386,-0.0916698497028211,-0.13018891098082386,-0.16012815380508713,-0.13018891098082386,-0.22941573387056183,-0.16012815380508713,-0.3176750402418492,-0.09166984970282112,-0.0916698497028211,-0.0916698497028211,-0.13018891098082386,-0.30151134457776363,-0.09166984970282112,-0.09166984970282112,10.908712114635714,-0.09166984970282112,-0.13018891098082386,-0.9198662110077998,-0.24889134708717225,1.3881027585494827,-0.0916698497028211,-0.24889134708717228,-0.13018891098082386,-0.09166984970282112,-0.09166984970282112,-0.09166984970282112,-0.2294157338705618,-0.18569533817705186,-0.22941573387056183,-0.0916698497028211,-0.1856953381770519,-0.16012815380508713,-0.09166984970282112,-0.09166984970282112,-0.0916698497028211,4.0178174601214955,-0.0916698497028211,-0.30151134457776363,-0.4062616689884986,-0.0916698497028211,-0.09166984970282112,-0.16012815380508716,-0.09166984970282112,-0.3333333333333333,-0.16012815380508716,-0.4062616689884986,-0.0916698497028211,-0.09166984970282112,-0.16012815380508716
0.4472135954999579,0.6758629313950646,-0.4664780195134547,-1.1243446728633644,1.170474140283569,-0.4605661864718382,-0.30151134457776363,-0.0916698497028211,-0.4605661864718383,-0.5388159060803247,1.218577258188663,-0.22941573387056183,-0.18569533817705192,-0.13018891098082386,-0.18569533817705192,-0.2847473987257497,-1.566352975046619,-0.16012815380508713,-0.09166984970282112,-0.09166984970282112,-0.13018891098082386,-0.18569533817705192,-0.07825005579908746,-0.0916698497028211,-0.16012815380508713,-0.0916698497028211,-0.0916698497028211,-1.4817734324799714,-0.4914523387295365,-0.0476775456180335,-0.09166984970282112,-0.09166984970282112,-0.09166984970282112,-0.09166984970282112,-0.13018891098082386,-0.09166984970282112,-0.13018891098082386,7.681145747868607,-0.0916698497028211,-0.0916698497028211,-0.13018891098082386,-0.0916698497028211,-0.09166984970282112,-0.09166984970282112,-0.0916698497028211,-0.13018891098082386,-0.09166984970282112,-0.0916698497028211,-0.09166984970282112,-0.13018891098082386,-0.1856953381770519,-0.0916698497028211,-0.09166984970282112,-0.09166984970282112,-0.13018891098082386,-0.09166984970282112,-0.09166984970282112,-0.09166984970282112,-0.18569533817705192,-0.09166984970282112,-0.0916698497028211,-0.0916698497028211,-0.09166984970282112,-0.09166984970282112,-0.16012815380508713,-0.0916698497028211,-0.13018891098082386,-0.13018891098082386,-0.13018891098082386,-0.09166984970282112,-0.1856953381770519,-0.13018891098082389,-0.16012815380508713,-0.0916698497028211,-0.0916698497028211,-0.13018891098082386,-0.13018891098082386,-0.09166984970282112,-0.09166984970282112,-0.0916698497028211,-0.16012815380508713,-0.09166984970282112,-0.09166984970282112,-0.09166984970282112,-0.09166984970282112,-0.09166984970282112,-0.13018891098082386,-0.0916698497028211,-0.09166984970282112,-0.09166984970282112,-0.0916698497028211,-0.16012815380508713,-0.13018891098082386,-0.13018891098082386,-0.0916698497028211,-0.09166984970282112,-0.09166984970282112,-0.0916698497028211,-0.0916698497028211,-0.0916698497028211,-0.09166984970282112,-0.0916698497028211,-0.0916698497028211,-0.09166984970282112,-0.1856953381770519,-0.13018891098082386,-0.13018891098082386,-0.09166984970282112,-0.0916698497028211,-0.09166984970282112,-0.0916698497028211,-0.26726124191242434,-0.16012815380508716,-0.24889134708717228,-0.09166984970282112,-0.0916698497028211,-0.16012815380508713,-0.16012815380508713,2.5495097567963922,-0.36342189215581555,-0.13018891098082386,-0.2847473987257497,-0.09166984970282112,-0.13018891098082386,-0.0916698497028211,-0.13018891098082386,-0.16012815380508713,-0.13018891098082386,-0.22941573387056183,-0.16012815380508713,-0.3176750402418492,-0.09166984970282112,-0.0916698497028211,-0.0916698497028211,-0.13018891098082386,-0.30151134457776363,-0.09166984970282112,-0.09166984970282112,-0.09166984970282112,-0.09166984970282112,-0.13018891098082386,1.0871146130092182,-0.24889134708717225,-0.7204077607661872,-0.0916698497028211,4.0178174601214955,-0.13018891098082386,-0.09166984970282112,-0.09166984970282112,-0.09166984970282112,-0.2294157338705618,-0.18569533817705186,-0.22941573387056183,-0.0916698497028211,-0.1856953381770519,-0.16012815380508713,-0.09166984970282112,-0.09166984970282112,-0.0916698497028211,-0.24889134708717228,-0.0916698497028211,-0.30151134457776363,-0.4062616689884986,-0.0916698497028211,-0.09166984970282112,-0.16012815380508716,-0.09166984970282112,-0.3333333333333333,-0.16012815380508716,-0.4062616689884986,-0.0916698497028211,-0.09166984970282112,-0.16012815380508716
0.4472135954999579,0.794435375499462,-0.47030867457002173,0.8894069800262434,-1.56659908366519,-0.4605661864718382,-0.30151134457776363,-0.0916698497028211,-0.4605661864718383,1.8559214542766738,-0.8331920228595044,-0.22941573387056183,-0.18569533817705192,-0.13018891098082386,-0.18569533817705192,-0.2847473987257497,0.27551235572844607,-0.16012815380508713,-0.09166984970282112,-0.09166984970282112,-0.13018891098082386,-0.18569533817705192,-0.07825005579908746,-0.0916698497028211,-0.16012815380508713,-0.0916698497028211,-0.0916698497028211,-1.571926962257358,-0.6386435199575718,-0.3212450869287434,-0.09166984970282112,-0.09166984970282112,-0.09166984970282112,-0.09166984970282112,7.681145747868607,-0.09166984970282112,-0.13018891098082386,-0.13018891098082386,-0.0916698497028211,-0.0916698497028211,-0.13018891098082386,-0.0916698497028211,-0.09166984970282112,-0.09166984970282112,-0.0916698497028211,-0.13018891098082386,-0.09166984970282112,-0.0916698497028211,-0.09166984970282112,-0.13018891098082386,-0.1856953381770519,-0.0916698497028211,-0.09166984970282112,-0.09166984970282112,-0.13018891098082386,-0.09166984970282112,-0.09166984970282112,-0.09166984970282112,-0.18569533817705192,-0.09166984970282112,-0.0916698497028211,-0.0916698497028211,-0.09166984970282112,-0.09166984970282112,-0.16012815380508713,-0.0916698497028211,-0.13018891098082386,-0.13018891098082386,-0.13018891098082386,-0.09166984970282112,-0.1856953381770519,-0.13018891098082389,-0.16012815380508713,-0.0916698497028211,-0.0916698497028211,-0.13018891098082386,-0.13018891098082386,-0.09166984970282112,-0.09166984970282112,-0.0916698497028211,-0.16012815380508713,-0.09166984970282112,-0.09166984970282112,-0.09166984970282112,-0.09166984970282112,-0.09166984970282112,-0.13018891098082386,-0.0916698497028211,-0.09166984970282112,-0.09166984970282112,-0.0916698497028211,-0.16012815380508713,-0.13018891098082386,-0.13018891098082386,-0.0916698497028211,-0.09166984970282112,-0.09166984970282112,-0.0916698497028211,-0.0916698497028211,-0.0916698497028211,-0.09166984970282112,-0.0916698497028211,-0.0916698497028211,-0.09166984970282112,-0.1856953381770519,-0.13018891098082386,-0.13018891098082386,-0.09166984970282112,-0.0916698497028211,-0.09166984970282112,-0.0916698497028211,-0.26726124191242434,-0.16012815380508716,-0.24889134708717228,-0.09166984970282112,-0.0916698497028211,-0.16012815380508713,-0.16012815380508713,-0.39223227027636803,-0.36342189215581555,-0.13018891098082386,3.5118845842842465,-0.09166984970282112,-0.13018891098082386,-0.0916698497028211,-0.13018891098082386,-0.16012815380508713,-0.13018891098082386,-0.22941573387056183,-0.16012815380508713,-0.3176750402418492,-0.09166984970282112,-0.0916698497028211,-0.0916698497028211,-0.13018891098082386,-0.30151134457776363,-0.09166984970282112,-0.09166984970282112,-0.09166984970282112,-0.09166984970282112,-0.13018891098082386,-0.9198662110077998,-0.24889134708717225,-0.7204077607661872,-0.0916698497028211,-0.24889134708717228,-0.13018891098082386,-0.09166984970282112,-0.09166984970282112,-0.09166984970282112,-0.2294157338705618,-0.18569533817705186,-0.22941573387056183,-0.0916698497028211,-0.1856953381770519,-0.16012815380508713,-0.09166984970282112,-0.09166984970282112,-0.0916698497028211,-0.24889134708717228,-0.0916698497028211,-0.30151134457776363,-0.4062616689884986,-0.0916698497028211,-0.09166984970282112,-0.16012815380508716,-0.09166984970282112,-0.3333333333333333,-0.16012815380508716,2.4614677591656093,-0.0916698497028211,-0.09166984970282112,-0.16012815380508716
0.4472135954999579,0.9130078196038592,-0.48946194985285707,0.8894069800262434,-0.5964971815061353,-0.4605661864718382,-0.30151134457776363,-0.0916698497028211,-0.4605661864718383,-0.5388159060803247,-0.5075143592010662,-0.22941573387056183,-0.18569533817705192,-0.13018891098082386,-0.18569533817705192,-0.2847473987257497,0.27551235572844607,-0.16012815380508713,-0.09166984970282112,-0.09166984970282112,-0.13018891098082386,-0.18569533817705192,-0.07825005579908746,-0.0916698497028211,-0.16012815380508713,-0.0916698497028211,-0.0916698497028211,-0.3999310751513448,-1.0550268766770823,-0.540886957933082,-0.09166984970282112,-0.09166984970282112,-0.09166984970282112,-0.09166984970282112,-0.13018891098082386,-0.09166984970282112,-0.13018891098082386,-0.13018891098082386,-0.0916698497028211,-0.0916698497028211,-0.13018891098082386,-0.0916698497028211,-0.09166984970282112,-0.09166984970282112,-0.0916698497028211,-0.13018891098082386,-0.09166984970282112,-0.0916698497028211,-0.09166984970282112,-0.13018891098082386,-0.1856953381770519,-0.0916698497028211,-0.09166984970282112,-0.09166984970282112,-0.13018891098082386,-0.09166984970282112,-0.09166984970282112,-0.09166984970282112,-0.18569533817705192,-0.09166984970282112,-0.0916698497028211,-0.0916698497028211,-0.09166984970282112,-0.09166984970282112,-0.16012815380508713,-0.0916698497028211,-0.13018891098082386,-0.13018891098082386,-0.13018891098082386,-0.09166984970282112,-0.1856953381770519,-0.13018891098082389,-0.16012815380508713,-0.0916698497028211,-0.0916698497028211,-0.13018891098082386,-0.13018891098082386,-0.09166984970282112,-0.09166984970282112,-0.0916698497028211,-0.16012815380508713,-0.09166984970282112,-0.09166984970282112,-0.09166984970282112,-0.09166984970282112,-0.09166984970282112,-0.13018891098082386,-0.0916698497028211,-0.09166984970282112,-0.09166984970282112,-0.0916698497028211,-0.16012815380508713,-0.13018891098082386,7.681145747868607,-0.0916698497028211,-0.09166984970282112,-0.09166984970282112,-0.0916698497028211,-0.0916698497028211,-0.0916698497028211,-0.09166984970282112,-0.0916698497028211,-0.0916698497028211,-0.09166984970282112,-0.1856953381770519,-0.13018891098082386,-0.13018891098082386,-0.09166984970282112,-0.0916698497028211,-0.09166984970282112,-0.0916698497028211,-0.26726124191242434,-0.16012815380508716,-0.24889134708717228,-0.09166984970282112,-0.0916698497028211,-0.16012815380508713,-0.16012815380508713,-0.39223227027636803,-0.36342189215581555,-0.13018891098082386,-0.2847473987257497,-0.09166984970282112,-0.13018891098082386,-0.0916698497028211,-0.13018891098082386,-0.16012815380508713,-0.13018891098082386,-0.22941573387056183,-0.16012815380508713,3.147870853305597,-0.09166984970282112,-0.0916698497028211,-0.0916698497028211,-0.13018891098082386,-0.30151134457776363,-0.09166984970282112,-0.09166984970282112,-0.09166984970282112,-0.09166984970282112,-0.13018891098082386,-0.9198662110077998,-0.24889134708717225,-0.7204077607661872,-0.0916698497028211,-0.24889134708717228,-0.13018891098082386,-0.09166984970282112,-0.09166984970282112,-0.09166984970282112,-0.2294157338705618,-0.18569533817705186,-0.22941573387056183,-0.0916698497028211,-0.1856953381770519,-0.16012815380508713,-0.09166984970282112,-0.09166984970282112,-0.0916698497028211,-0.24889134708717228,-0.0916698497028211,-0.30151134457776363,2.4614677591656093,-0.0916698497028211,-0.09166984970282112,-0.16012815380508716,-0.09166984970282112,-0.3333333333333333,-0.16012815380508716,-0.4062616689884986,-0.0916698497028211,-0.09166984970282112,-0.16012815380508716
0.4472135954999579,1.0315802637082565,-0.48946194985285707,-1.1243446728633644,-1.1854876221027033,-0.4605661864718382,-0.30151134457776363,-0.0916698497028211,-0.4605661864718383,-0.5388159060803247,-1.810225013834822,-0.22941573387056183,-0.18569533817705192,-0.13018891098082386,-0.18569533817705192,-0.2847473987257497,-1.7505395081241213,-0.16012815380508713,-0.09166984970282112,-0.09166984970282112,-0.13018891098082386,-0.18569533817705192,-0.07825005579908746,-0.0916698497028211,-0.16012815380508713,-0.0916698497028211,-0.0916698497028211,-1.4216710792950489,-0.8684108170340441,-0.4347563427791508,-0.09166984970282112,-0.09166984970282112,-0.09166984970282112,-0.09166984970282112,-0.13018891098082386,-0.09166984970282112,-0.13018891098082386,-0.13018891098082386,-0.0916698497028211,-0.0916698497028211,-0.13018891098082386,-0.0916698497028211,-0.09166984970282112,-0.09166984970282112,-0.0916698497028211,-0.13018891098082386,-0.09166984970282112,-0.0916698497028211,-0.09166984970282112,-0.13018891098082386,-0.1856953381770519,-0.0916698497028211,-0.09166984970282112,-0.09166984970282112,-0.13018891098082386,-0.09166984970282112,-0.09166984970282112,-0.09166984970282112,-0.18569533817705192,-0.09166984970282112,-0.0916698497028211,-0.0916698497028211,-0.09166984970282112,-0.09166984970282112,-0.16012815380508713,-0.0916698497028211,-0.13018891098082386,-0.13018891098082386,-0.13018891098082386,-0.09166984970282112,-0.1856953381770519,-0.13018891098082389,-0.16012815380508713,-0.0916698497028211,-0.0916698497028211,-0.13018891098082386,-0.13018891098082386,-0.09166984970282112,-0.09166984970282112,-0.0916698497028211,-0.16012815380508713,-0.09166984970282112,-0.09166984970282112,-0.09166984970282112,-0.09166984970282112,-0.09166984970282112,-0.13018891098082386,-0.0916698497028211,-0.09166984970282112,-0.09166984970282112,-0.0916698497028211,-0.16012815380508713,-0.13018891098082386,-0.13018891098082386,-0.0916698497028211,-0.09166984970282112,-0.09166984970282112,-0.0916698497028211,-0.0916698497028211,-0.0916698497028211,-0.09166984970282112,-0.0916698497028211,-0.0916698497028211,-0.09166984970282112,-0.1856953381770519,-0.13018891098082386,-0.13018891098082386,10.908712114635714,-0.0916698497028211,-0.09166984970282112,-0.0916698497028211,-0.26726124191242434,-0.16012815380508716,-0.24889134708717228,-0.09166984970282112,-0.0916698497028211,-0.16012815380508713,-0.16012815380508713,-0.39223227027636803,2.751622897751175,-0.13018891098082386,-0.2847473987257497,-0.09166984970282112,-0.13018891098082386,-0.0916698497028211,-0.13018891098082386,-0.16012815380508713,-0.13018891098082386,-0.22941573387056183,-0.16012815380508713,-0.3176750402418492,-0.09166984970282112,-0.0916698497028211,-0.0916698497028211,-0.13018891098082386,-0.30151134457776363,-0.09166984970282112,-0.09166984970282112,-0.09166984970282112,-0.09166984970282112,-0.13018891098082386,-0.9198662110077998,-0.24889134708717225,-0.7204077607661872,-0.0916698497028211,4.0178174601214955,-0.13018891098082386,-0.09166984970282112,-0.09166984970282112,-0.09166984970282112,-0.2294157338705618,-0.18569533817705186,-0.22941573387056183,-0.0916698497028211,-0.1856953381770519,-0.16012815380508713,-0.09166984970282112,-0.09166984970282112,-0.0916698497028211,-0.24889134708717228,-0.0916698497028211,-0.30151134457776363,-0.4062616689884986,-0.0916698497028211,-0.09166984970282112,-0.16012815380508716,-0.09166984970282112,-0.3333333333333333,-0.16012815380508716,-0.4062616689884986,-0.0916698497028211,-0.09166984970282112,-0.16012815380508716
0.4472135954999579,1.1501527078126539,-0.4932926049094241,-1.1243446728633644,1.1011811472722095,-0.4605661864718382,-0.30151134457776363,-0.0916698497028211,-0.4605661864718383,-0.5388159060803247,0.04613766901828033,-0.22941573387056183,-0.18569533817705192,-0.13018891098082386,-0.18569533817705192,-0.2847473987257497,-3.4082183058216757,-0.16012815380508713,-0.09166984970282112,-0.09166984970282112,-0.13018891098082386,-0.18569533817705192,-0.07825005579908746,-0.0916698497028211,-0.16012815380508713,-0.0916698497028211,-0.0916698497028211,0.231143633290355,1.3279797156097173,0.40411615107048143,-0.09166984970282112,-0.09166984970282112,-0.09166984970282112,-0.09166984970282112,-0.13018891098082386,-0.09166984970282112,-0.13018891098082386,-0.13018891098082386,-0.0916698497028211,-0.0916698497028211,7.681145747868607,-0.0916698497028211,-0.09166984970282112,-0.09166984970282112,-0.0916698497028211,-0.13018891098082386,-0.09166984970282112,-0.0916698497028211,-0.09166984970282112,-0.13018891098082386,-0.1856953381770519,-0.0916698497028211,-0.09166984970282112,-0.09166984970282112,-0.13018891098082386,-0.09166984970282112,-0.09166984970282112,-0.09166984970282112,-0.18569533817705192,-0.09166984970282112,-0.0916698497028211,-0.0916698497028211,-0.09166984970282112,-0.09166984970282112,-0.16012815380508713,-0.0916698497028211,-0.13018891098082386,-0.13018891098082386,-0.13018891098082386,-0.09166984970282112,-0.1856953381770519,-0.13018891098082389,-0.16012815380508713,-0.0916698497028211,-0.0916698497028211,-0.13018891098082386,-0.13018891098082386,-0.09166984970282112,-0.09166984970282112,-0.0916698497028211,-0.16012815380508713,-0.09166984970282112,-0.09166984970282112,-0.09166984970282112,-0.09166984970282112,-0.09166984970282112,-0.13018891098082386,-0.0916698497028211,-0.09166984970282112,-0.09166984970282112,-0.0916698497028211,-0.16012815380508713,-0.13018891098082386,-0.13018891098082386,-0.0916698497028211,-0.09166984970282112,-0.09166984970282112,-0.0916698497028211,-0.0916698497028211,-0.0916698497028211,-0.09166984970282112,-0.0916698497028211,-0.0916698497028211,-0.09166984970282112,-0.1856953381770519,-0.13018891098082386,-0.13018891098082386,-0.09166984970282112,-0.0916698497028211,-0.09166984970282112,-0.0916698497028211,-0.26726124191242434,-0.16012815380508716,-0.24889134708717228,-0.09166984970282112,-0.0916698497028211,-0.16012815380508713,-0.16012815380508713,2.5495097567963922,-0.36342189215581555,-0.13018891098082386,-0.2847473987257497,-0.09166984970282112,-0.13018891098082386,-0.0916698497028211,-0.13018891098082386,-0.16012815380508713,-0.13018891098082386,-0.22941573387056183,-0.16012815380508713,-0.3176750402418492,-0.09166984970282112,-0.0916698497028211,-0.0916698497028211,-0.13018891098082386,-0.30151134457776363,-0.09166984970282112,-0.09166984970282112,-0.09166984970282112,-0.09166984970282112,-0.13018891098082386,1.0871146130092182,-0.24889134708717225,-0.7204077607661872,-0.0916698497028211,-0.24889134708717228,-0.13018891098082386,-0.09166984970282112,-0.09166984970282112,-0.09166984970282112,-0.2294157338705618,-0.18569533817705186,-0.22941573387056183,-0.0916698497028211,-0.1856953381770519,6.244997998398398,-0.09166984970282112,-0.09166984970282112,-0.0916698497028211,-0.24889134708717228,-0.0916698497028211,-0.30151134457776363,-0.4062616689884986,-0.0916698497028211,-0.09166984970282112,-0.16012815380508716,-0.09166984970282112,-0.3333333333333333,-0.16012815380508716,-0.4062616689884986,-0.0916698497028211,-0.09166984970282112,-0.16012815380508716
0.4472135954999579,1.2687251519170513,-0.5009539150225583,-1.1243446728633644,0.16572574161883472,-0.4605661864718382,-0.30151134457776363,-0.0916698497028211,-0.4605661864718383,-0.5388159060803247,-0.37724329373769044,-0.22941573387056183,-0.18569533817705192,-0.13018891098082386,-0.18569533817705192,-0.2847473987257497,1.1043517545772232,-0.16012815380508713,-0.09166984970282112,-0.09166984970282112,-0.13018891098082386,-0.18569533817705192,-0.07825005579908746,-0.0916698497028211,-0.16012815380508713,-0.0916698497028211,-0.0916698497028211,-1.0310057835930446,0.6351750469029749,-0.18215804170045477,-0.09166984970282112,-0.09166984970282112,-0.09166984970282112,-0.09166984970282112,-0.13018891098082386,-0.09166984970282112,-0.13018891098082386,-0.13018891098082386,-0.0916698497028211,-0.0916698497028211,-0.13018891098082386,-0.0916698497028211,-0.09166984970282112,-0.09166984970282112,-0.0916698497028211,7.681145747868607,-0.09166984970282112,-0.0916698497028211,-0.09166984970282112,-0.13018891098082386,-0.1856953381770519,-0.0916698497028211,-0.09166984970282112,-0.09166984970282112,-0.13018891098082386,-0.09166984970282112,-0.09166984970282112,-0.09166984970282112,-0.18569533817705192,-0.09166984970282112,-0.0916698497028211,-0.0916698497028211,-0.09166984970282112,-0.09166984970282112,-0.16012815380508713,-0.0916698497028211,-0.13018891098082386,-0.13018891098082386,-0.13018891098082386,-0.09166984970282112,-0.1856953381770519,-0.13018891098082389,-0.16012815380508713,-0.0916698497028211,-0.0916698497028211,-0.13018891098082386,-0.13018891098082386,-0.09166984970282112,-0.09166984970282112,-0.0916698497028211,-0.16012815380508713,-0.09166984970282112,-0.09166984970282112,-0.09166984970282112,-0.09166984970282112,-0.09166984970282112,-0.13018891098082386,-0.0916698497028211,-0.09166984970282112,-0.09166984970282112,-0.0916698497028211,-0.16012815380508713,-0.13018891098082386,-0.13018891098082386,-0.0916698497028211,-0.09166984970282112,-0.09166984970282112,-0.0916698497028211,-0.0916698497028211,-0.0916698497028211,-0.09166984970282112,-0.0916698497028211,-0.0916698497028211,-0.09166984970282112,-0.1856953381770519,-0.13018891098082386,-0.13018891098082386,-0.09166984970282112,-0.0916698497028211,-0.09166984970282112,-0.0916698497028211,-0.26726124191242434,-0.16012815380508716,-0.24889134708717228,-0.09166984970282112,-0.0916698497028211,-0.16012815380508713,-0.16012815380508713,2.5495097567963922,-0.36342189215581555,-0.13018891098082386,-0.2847473987257497,-0.09166984970282112,-0.13018891098082386,-0.0916698497028211,-0.13018891098082386,-0.16012815380508713,-0.13018891098082386,-0.22941573387056183,-0.16012815380508713,-0.3176750402418492,-0.09166984970282112,-0.0916698497028211,-0.0916698497028211,-0.13018891098082386,-0.30151134457776363,-0.09166984970282112,-0.09166984970282112,-0.09166984970282112,-0.09166984970282112,-0.13018891098082386,-0.9198662110077998,-0.24889134708717225,1.3881027585494827,-0.0916698497028211,4.0178174601214955,-0.13018891098082386,-0.09166984970282112,-0.09166984970282112,-0.09166984970282112,-0.2294157338705618,-0.18569533817705186,-0.22941573387056183,-0.0916698497028211,-0.1856953381770519,-0.16012815380508713,-0.09166984970282112,-0.09166984970282112,-0.0916698497028211,-0.24889134708717228,-0.0916698497028211,-0.30151134457776363,-0.4062616689884986,-0.0916698497028211,-0.09166984970282112,-0.16012815380508716,-0.09166984970282112,-0.3333333333333333,-0.16012815380508716,-0.4062616689884986,-0.0916698497028211,-0.09166984970282112,-0.16012815380508716
0.4472135954999579,1.3872975960214486,-0.5009539150225583,0.8894069800262434,0.3736047206529194,-0.4605661864718382,-0.30151134457776363,-0.0916698497028211,-0.4605661864718383,-0.5388159060803247,0.469518631774254,-0.22941573387056183,-0.18569533817705192,-0.13018891098082386,-0.18569533817705192,-0.2847473987257497,0.7359786884222103,-0.16012815380508713,-0.09166984970282112,-0.09166984970282112,-0.13018891098082386,-0.18569533817705192,-0.07825005579908746,-0.0916698497028211,-0.16012815380508713,-0.0916698497028211,-0.0916698497028211,-0.3097775453739583,-0.24752487738302534,-0.6761376979515982,-0.09166984970282112,-0.09166984970282112,-0.09166984970282112,-0.09166984970282112,-0.13018891098082386,-0.09166984970282112,-0.13018891098082386,-0.13018891098082386,-0.0916698497028211,-0.0916698497028211,-0.13018891098082386,-0.0916698497028211,-0.09166984970282112,-0.09166984970282112,-0.0916698497028211,-0.13018891098082386,-0.09166984970282112,-0.0916698497028211,-0.09166984970282112,-0.13018891098082386,-0.1856953381770519,-0.0916698497028211,-0.09166984970282112,-0.09166984970282112,-0.13018891098082386,-0.09166984970282112,-0.09166984970282112,-0.09166984970282112,-0.18569533817705192,-0.09166984970282112,-0.0916698497028211,-0.0916698497028211,-0.09166984970282112,-0.09166984970282112,-0.16012815380508713,-0.0916698497028211,-0.13018891098082386,-0.13018891098082386,-0.13018891098082386,-0.09166984970282112,-0.1856953381770519,-0.13018891098082389,-0.16012815380508713,-0.0916698497028211,-0.0916698497028211,-0.13018891098082386,-0.13018891098082386,-0.09166984970282112,-0.09166984970282112,-0.0916698497028211,-0.16012815380508713,-0.09166984970282112,-0.09166984970282112,-0.09166984970282112,-0.09166984970282112,-0.09166984970282112,-0.13018891098082386,-0.0916698497028211,-0.09166984970282112,-0.09166984970282112,-0.0916698497028211,-0.16012815380508713,-0.13018891098082386,-0.13018891098082386,-0.0916698497028211,-0.09166984970282112,-0.09166984970282112,-0.0916698497028211,-0.0916698497028211,-0.0916698497028211,-0.09166984970282112,-0.0916698497028211,-0.0916698497028211,-0.09166984970282112,-0.1856953381770519,-0.13018891098082386,7.681145747868607,-0.09166984970282112,-0.0916698497028211,-0.09166984970282112,-0.0916698497028211,-0.26726124191242434,-0.16012815380508716,-0.24889134708717228,-0.09166984970282112,-0.0916698497028211,-0.16012815380508713,-0.16012815380508713,-0.39223227027636803,-0.36342189215581555,-0.13018891098082386,-0.2847473987257497,-0.09166984970282112,-0.13018891098082386,-0.0916698497028211,-0.13018891098082386,-0.16012815380508713,-0.13018891098082386,-0.22941573387056183,-0.16012815380508713,3.147870853305597,-0.09166984970282112,-0.0916698497028211,-0.0916698497028211,-0.13018891098082386,-0.30151134457776363,-0.09166984970282112,-0.09166984970282112,-0.09166984970282112,-0.09166984970282112,-0.13018891098082386,-0.9198662110077998,-0.24889134708717225,1.3881027585494827,-0.0916698497028211,-0.24889134708717228,-0.13018891098082386,-0.09166984970282112,-0.09166984970282112,-0.09166984970282112,-0.2294157338705618,-0.18569533817705186,-0.22941573387056183,-0.0916698497028211,-0.1856953381770519,-0.16012815380508713,-0.09166984970282112,-0.09166984970282112,-0.0916698497028211,-0.24889134708717228,-0.0916698497028211,-0.30151134457776363,-0.4062616689884986,-0.0916698497028211,-0.09166984970282112,-0.16012815380508716,-0.09166984970282112,2.9999999999999996,-0.16012815380508716,-0.4062616689884986,-0.0916698497028211,-0.09166984970282112,-0.16012815380508716
0.4472135954999579,1.5058700401258458,-0.5124458801922595,0.8894069800262434,1.2744136298006115,-0.4605661864718382,3.3166247903554,-0.0916698497028211,-0.4605661864718383,-0.5388159060803247,0.04613766901828033,-0.22941573387056183,-0.18569533817705192,-0.13018891098082386,-0.18569533817705192,3.5118845842842465,0.27551235572844607,-0.16012815380508713,-0.09166984970282112,-0.09166984970282112,-0.13018891098082386,-0.18569533817705192,-0.07825005579908746,-0.0916698497028211,-0.16012815380508713,-0.0916698497028211,-0.0916698497028211,0.17104128010543249,-1.048692066345749,-0.5212726594462171,-0.09166984970282112,-0.09166984970282112,-0.09166984970282112,-0.09166984970282112,-0.13018891098082386,-0.09166984970282112,-0.13018891098082386,-0.13018891098082386,-0.0916698497028211,-0.0916698497028211,-0.13018891098082386,-0.0916698497028211,-0.09166984970282112,-0.09166984970282112,-0.0916698497028211,-0.13018891098082386,-0.09166984970282112,-0.0916698497028211,-0.09166984970282112,-0.13018891098082386,-0.1856953381770519,-0.0916698497028211,-0.09166984970282112,-0.09166984970282112,-0.13018891098082386,-0.09166984970282112,-0.09166984970282112,-0.09166984970282112,-0.18569533817705192,-0.09166984970282112,-0.0916698497028211,-0.0916698497028211,-0.09166984970282112,-0.09166984970282112,-0.16012815380508713,-0.0916698497028211,-0.13018891098082386,-0.13018891098082386,-0.13018891098082386,-0.09166984970282112,-0.1856953381770519,-0.13018891098082389,-0.16012815380508713,-0.0916698497028211,-0.0916698497028211,-0.13018891098082386,-0.13018891098082386,-0.09166984970282112,-0.09166984970282112,-0.0916698497028211,-0.16012815380508713,-0.09166984970282112,-0.09166984970282112,-0.09166984970282112,-0.09166984970282112,-0.09166984970282112,-0.13018891098082386,-0.0916698497028211,-0.09166984970282112,-0.09166984970282112,-0.0916698497028211,-0.16012815380508713,-0.13018891098082386,-0.13018891098082386,-0.0916698497028211,-0.09166984970282112,-0.09166984970282112,-0.0916698497028211,-0.0916698497028211,-0.0916698497028211,-0.09166984970282112,-0.0916698497028211,-0.0916698497028211,-0.09166984970282112,-0.1856953381770519,-0.13018891098082386,-0.13018891098082386,-0.09166984970282112,-0.0916698497028211,10.908712114635714,-0.0916698497028211,-0.26726124191242434,-0.16012815380508716,-0.24889134708717228,-0.09166984970282112,-0.0916698497028211,-0.16012815380508713,-0.16012815380508713,-0.39223227027636803,-0.36342189215581555,-0.13018891098082386,-0.2847473987257497,-0.09166984970282112,-0.13018891098082386,-0.0916698497028211,-0.13018891098082386,-0.16012815380508713,-0.13018891098082386,-0.22941573387056183,-0.16012815380508713,-0.3176750402418492,-0.09166984970282112,-0.0916698497028211,-0.0916698497028211,-0.13018891098082386,3.3166247903554,-0.09166984970282112,-0.09166984970282112,-0.09166984970282112,-0.09166984970282112,-0.13018891098082386,-0.9198662110077998,-0.24889134708717225,-0.7204077607661872,-0.0916698497028211,-0.24889134708717228,-0.13018891098082386,-0.09166984970282112,-0.09166984970282112,-0.09166984970282112,-0.2294157338705618,5.385164807134504,-0.22941573387056183,-0.0916698497028211,-0.1856953381770519,-0.16012815380508713,-0.09166984970282112,-0.09166984970282112,-0.0916698497028211,-0.24889134708717228,-0.0916698497028211,-0.30151134457776363,-0.4062616689884986,-0.0916698497028211,-0.09166984970282112,-0.16012815380508716,-0.09166984970282112,-0.3333333333333333,-0.16012815380508716,-0.4062616689884986,-0.0916698497028211,-0.09166984970282112,-0.16012815380508716
0.4472135954999579,1.6244424842302432,-0.5201071903053937,-1.1243446728633644,-0.631143678011815,2.171240593367237,-0.30151134457776363,-0.0916698497028211,-0.4605661864718383,-0.5388159060803247,0.04613766901828033,-0.22941573387056183,-0.18569533817705192,-0.13018891098082386,-0.18569533817705192,-0.2847473987257497,-2.7635654400504093,-0.16012815380508713,-0.09166984970282112,-0.09166984970282112,-0.13018891098082386,-0.18569533817705192,-0.07825005579908746,-0.0916698497028211,-0.16012815380508713,-0.0916698497028211,-0.0916698497028211,-1.5418757856648966,-0.7055689279285975,-0.5102832224150866,-0.09166984970282112,-0.09166984970282112,-0.09166984970282112,-0.09166984970282112,-0.13018891098082386,10.908712114635714,-0.13018891098082386,-0.13018891098082386,-0.0916698497028211,-0.0916698497028211,-0.13018891098082386,-0.0916698497028211,-0.09166984970282112,-0.09166984970282112,-0.0916698497028211,-0.13018891098082386,-0.09166984970282112,-0.0916698497028211,-0.09166984970282112,-0.13018891098082386,-0.1856953381770519,-0.0916698497028211,-0.09166984970282112,-0.09166984970282112,-0.13018891098082386,-0.09166984970282112,-0.09166984970282112,-0.09166984970282112,-0.18569533817705192,-0.09166984970282112,-0.0916698497028211,-0.0916698497028211,-0.09166984970282112,-0.09166984970282112,-0.16012815380508713,-0.0916698497028211,-0.13018891098082386,-0.13018891098082386,-0.13018891098082386,-0.09166984970282112,-0.1856953381770519,-0.13018891098082389,-0.16012815380508713,-0.0916698497028211,-0.0916698497028211,-0.13018891098082386,-0.13018891098082386,-0.09166984970282112,-0.09166984970282112,-0.0916698497028211,-0.16012815380508713,-0.09166984970282112,-0.09166984970282112,-0.09166984970282112,-0.09166984970282112,-0.09166984970282112,-0.13018891098082386,-0.0916698497028211,-0.09166984970282112,-0.09166984970282112,-0.0916698497028211,-0.16012815380508713,-0.13018891098082386,-0.13018891098082386,-0.0916698497028211,-0.09166984970282112,-0.09166984970282112,-0.0916698497028211,-0.0916698497028211,-0.0916698497028211,-0.09166984970282112,-0.0916698497028211,-0.0916698497028211,-0.09166984970282112,-0.1856953381770519,-0.13018891098082386,-0.13018891098082386,-0.09166984970282112,-0.0916698497028211,-0.09166984970282112,-0.0916698497028211,-0.26726124191242434,-0.16012815380508716,-0.24889134708717228,-0.09166984970282112,-0.0916698497028211,-0.16012815380508713,-0.16012815380508713,-0.39223227027636803,-0.36342189215581555,-0.13018891098082386,-0.2847473987257497,-0.09166984970282112,-0.13018891098082386,-0.0916698497028211,-0.13018891098082386,-0.16012815380508713,-0.13018891098082386,-0.22941573387056183,-0.16012815380508713,-0.3176750402418492,-0.09166984970282112,-0.0916698497028211,-0.0916698497028211,-0.13018891098082386,-0.30151134457776363,-0.09166984970282112,-0.09166984970282112,-0.09166984970282112,10.908712114635714,-0.13018891098082386,1.0871146130092182,-0.24889134708717225,-0.7204077607661872,-0.0916698497028211,-0.24889134708717228,-0.13018891098082386,-0.09166984970282112,-0.09166984970282112,-0.09166984970282112,-0.2294157338705618,-0.18569533817705186,-0.22941573387056183,-0.0916698497028211,-0.1856953381770519,-0.16012815380508713,-0.09166984970282112,10.908712114635714,-0.0916698497028211,-0.24889134708717228,-0.0916698497028211,-0.30151134457776363,-0.4062616689884986,-0.0916698497028211,-0.09166984970282112,-0.16012815380508716,-0.09166984970282112,-0.3333333333333333,-0.16012815380508716,-0.4062616689884986,-0.0916698497028211,-0.09166984970282112,-0.16012815380508716
0.4472135954999579,1.6244424842302432,-0.5201071903053937,-1.1243446728633644,-1.1508411255970237,-0.4605661864718382,-0.30151134457776363,-0.0916698497028211,-0.4605661864718383,-0.5388159060803247,0.04613766901828033,-0.22941573387056183,-0.18569533817705192,-0.13018891098082386,-0.18569533817705192,-0.2847473987257497,-0.0007674438878157014,-0.16012815380508713,-0.09166984970282112,-0.09166984970282112,-0.13018891098082386,-0.18569533817705192,-0.07825005579908746,-0.0916698497028211,-0.16012815380508713,-0.0916698497028211,-0.0916698497028211,-0.06936813263426292,-0.49979938293082254,-0.47357087360016525,-0.09166984970282112,-0.09166984970282112,-0.09166984970282112,-0.09166984970282112,-0.13018891098082386,-0.09166984970282112,-0.13018891098082386,-0.13018891098082386,-0.0916698497028211,-0.0916698497028211,-0.13018891098082386,-0.0916698497028211,-0.09166984970282112,-0.09166984970282112,-0.0916698497028211,-0.13018891098082386,-0.09166984970282112,-0.0916698497028211,-0.09166984970282112,-0.13018891098082386,-0.1856953381770519,-0.0916698497028211,-0.09166984970282112,-0.09166984970282112,-0.13018891098082386,-0.09166984970282112,-0.09166984970282112,-0.09166984970282112,-0.18569533817705192,-0.09166984970282112,-0.0916698497028211,-0.0916698497028211,-0.09166984970282112,-0.09166984970282112,-0.16012815380508713,-0.0916698497028211,-0.13018891098082386,-0.13018891098082386,-0.13018891098082386,-0.09166984970282112,-0.1856953381770519,-0.13018891098082389,-0.16012815380508713,-0.0916698497028211,-0.0916698497028211,-0.13018891098082386,-0.13018891098082386,10.908712114635714,-0.09166984970282112,-0.0916698497028211,-0.16012815380508713,-0.09166984970282112,-0.09166984970282112,-0.09166984970282112,-0.09166984970282112,-0.09166984970282112,-0.13018891098082386,-0.0916698497028211,-0.09166984970282112,-0.09166984970282112,-0.0916698497028211,-0.16012815380508713,-0.13018891098082386,-0.13018891098082386,-0.0916698497028211,-0.09166984970282112,-0.09166984970282112,-0.0916698497028211,-0.0916698497028211,-0.0916698497028211,-0.09166984970282112,-0.0916698497028211,-0.0916698497028211,-0.09166984970282112,-0.1856953381770519,-0.13018891098082386,-0.13018891098082386,-0.09166984970282112,-0.0916698497028211,-0.09166984970282112,-0.0916698497028211,-0.26726124191242434,-0.16012815380508716,-0.24889134708717228,-0.09166984970282112,-0.0916698497028211,-0.16012815380508713,-0.16012815380508713,-0.39223227027636803,-0.36342189215581555,-0.13018891098082386,3.5118845842842465,-0.09166984970282112,-0.13018891098082386,-0.0916698497028211,-0.13018891098082386,-0.16012815380508713,-0.13018891098082386,-0.22941573387056183,-0.16012815380508713,-0.3176750402418492,-0.09166984970282112,-0.0916698497028211,-0.0916698497028211,-0.13018891098082386,-0.30151134457776363,-0.09166984970282112,-0.09166984970282112,-0.09166984970282112,-0.09166984970282112,-0.13018891098082386,-0.9198662110077998,-0.24889134708717225,-0.7204077607661872,-0.0916698497028211,-0.24889134708717228,-0.13018891098082386,-0.09166984970282112,-0.09166984970282112,-0.09166984970282112,-0.2294157338705618,-0.18569533817705186,-0.22941573387056183,-0.0916698497028211,5.385164807134505,-0.16012815380508713,-0.09166984970282112,-0.09166984970282112,-0.0916698497028211,-0.24889134708717228,-0.0916698497028211,-0.30151134457776363,-0.4062616689884986,-0.0916698497028211,-0.09166984970282112,-0.16012815380508716,-0.09166984970282112,-0.3333333333333333,-0.16012815380508716,-0.4062616689884986,-0.0916698497028211,-0.09166984970282112,-0.16012815380508716
1.3416407864998738,-1.6955859506928816,4.766196787757159,0.8894069800262434,1.2744136298006115,2.171240593367237,-0.30151134457776363,-0.0916698497028211,2.1712405933672376,1.8559214542766738,0.9580351272619112,-0.22941573387056183,-0.18569533817705192,-0.13018891098082386,5.3851648071345055,-0.2847473987257497,-0.0007674438878157014,-0.16012815380508713,-0.09166984970282112,-0.09166984970282112,-0.13018891098082386,-0.18569533817705192,-0.07825005579908746,-0.0916698497028211,-0.16012815380508713,-0.0916698497028211,-0.0916698497028211,1.0124742246943663,-0.902075857255852,-0.29949700798090795,-0.09166984970282112,-0.09166984970282112,-0.09166984970282112,-0.09166984970282112,-0.13018891098082386,-0.09166984970282112,-0.13018891098082386,-0.13018891098082386,-0.0916698497028211,-0.0916698497028211,-0.13018891098082386,-0.0916698497028211,-0.09166984970282112,-0.09166984970282112,-0.0916698497028211,-0.13018891098082386,-0.09166984970282112,-0.0916698497028211,-0.09166984970282112,-0.13018891098082386,-0.1856953381770519,-0.0916698497028211,-0.09166984970282112,-0.09166984970282112,-0.13018891098082386,-0.09166984970282112,-0.09166984970282112,-0.09166984970282112,-0.18569533817705192,-0.09166984970282112,-0.0916698497028211,-0.0916698497028211,-0.09166984970282112,-0.09166984970282112,-0.16012815380508713,-0.0916698497028211,-0.13018891098082386,-0.13018891098082386,-0.13018891098082386,-0.09166984970282112,-0.1856953381770519,-0.13018891098082389,-0.16012815380508713,-0.0916698497028211,-0.0916698497028211,-0.13018891098082386,-0.13018891098082386,-0.09166984970282112,-0.09166984970282112,-0.0916698497028211,-0.16012815380508713,-0.09166984970282112,-0.09166984970282112,-0.09166984970282112,10.908712114635714,-0.09166984970282112,-0.13018891098082386,-0.0916698497028211,-0.09166984970282112,-0.09166984970282112,-0.0916698497028211,-0.16012815380508713,-0.13018891098082386,-0.13018891098082386,-0.0916698497028211,-0.09166984970282112,-0.09166984970282112,-0.0916698497028211,-0.0916698497028211,-0.0916698497028211,-0.09166984970282112,-0.0916698497028211,-0.0916698497028211,-0.09166984970282112,-0.1856953381770519,-0.13018891098082386,-0.13018891098082386,-0.09166984970282112,-0.0916698497028211,-0.09166984970282112,-0.0916698497028211,-0.26726124191242434,-0.16012815380508716,-0.24889134708717228,-0.09166984970282112,-0.0916698497028211,-0.16012815380508713,-0.16012815380508713,-0.39223227027636803,2.751622897751175,-0.13018891098082386,-0.2847473987257497,-0.09166984970282112,-0.13018891098082386,-0.0916698497028211,-0.13018891098082386,-0.16012815380508713,-0.13018891098082386,-0.22941573387056183,-0.16012815380508713,-0.3176750402418492,-0.09166984970282112,-0.0916698497028211,-0.0916698497028211,-0.13018891098082386,-0.30151134457776363,-0.09166984970282112,-0.09166984970282112,-0.09166984970282112,-0.09166984970282112,-0.13018891098082386,1.0871146130092182,-0.24889134708717225,-0.7204077607661872,-0.0916698497028211,-0.24889134708717228,-0.13018891098082386,-0.09166984970282112,-0.09166984970282112,-0.09166984970282112,-0.2294157338705618,-0.18569533817705186,-0.22941573387056183,-0.0916698497028211,-0.1856953381770519,-0.16012815380508713,-0.09166984970282112,-0.09166984970282112,-0.0916698497028211,-0.24889134708717228,-0.0916698497028211,-0.30151134457776363,-0.4062616689884986,-0.0916698497028211,-0.09166984970282112,-0.16012815380508716,-0.09166984970282112,2.9999999999999996,-0.16012815380508716,-0.4062616689884986,-0.0916698497028211,-0.09166984970282112,-0.16012815380508716
1.3416407864998738,-1.5770135065884845,3.536556514599131,0.8894069800262434,1.4129996158233336,-0.4605661864718382,3.3166247903554,-0.0916698497028211,-0.4605661864718383,-0.5388159060803247,1.1534417254569764,-0.22941573387056183,-0.18569533817705192,-0.13018891098082386,-0.18569533817705192,-0.2847473987257497,-0.0007674438878157014,-0.16012815380508713,-0.09166984970282112,-0.09166984970282112,-0.13018891098082386,-0.18569533817705192,-0.07825005579908746,-0.0916698497028211,-0.16012815380508713,-0.0916698497028211,-0.0916698497028211,1.7337024629134499,3.294289161397219,1.1288004237724099,-0.09166984970282112,-0.09166984970282112,-0.09166984970282112,-0.09166984970282112,-0.13018891098082386,-0.09166984970282112,-0.13018891098082386,-0.13018891098082386,-0.0916698497028211,-0.0916698497028211,-0.13018891098082386,-0.0916698497028211,-0.09166984970282112,-0.09166984970282112,-0.0916698497028211,-0.13018891098082386,-0.09166984970282112,-0.0916698497028211,-0.09166984970282112,-0.13018891098082386,-0.1856953381770519,-0.0916698497028211,-0.09166984970282112,-0.09166984970282112,-0.13018891098082386,-0.09166984970282112,-0.09166984970282112,-0.09166984970282112,-0.18569533817705192,-0.09166984970282112,-0.0916698497028211,-0.0916698497028211,-0.09166984970282112,-0.09166984970282112,-0.16012815380508713,-0.0916698497028211,-0.13018891098082386,-0.13018891098082386,-0.13018891098082386,-0.09166984970282112,-0.1856953381770519,7.681145747868609,-0.16012815380508713,-0.0916698497028211,-0.0916698497028211,-0.13018891098082386,-0.13018891098082386,-0.09166984970282112,-0.09166984970282112,-0.0916698497028211,-0.16012815380508713,-0.09166984970282112,-0.09166984970282112,-0.09166984970282112,-0.09166984970282112,-0.09166984970282112,-0.13018891098082386,-0.0916698497028211,-0.09166984970282112,-0.09166984970282112,-0.0916698497028211,-0.16012815380508713,-0.13018891098082386,-0.13018891098082386,-0.0916698497028211,-0.09166984970282112,-0.09166984970282112,-0.0916698497028211,-0.0916698497028211,-0.0916698497028211,-0.09166984970282112,-0.0916698497028211,-0.0916698497028211,-0.09166984970282112,-0.1856953381770519,-0.13018891098082386,-0.13018891098082386,-0.09166984970282112,-0.0916698497028211,-0.09166984970282112,-0.0916698497028211,-0.26726124191242434,-0.16012815380508716,-0.24889134708717228,-0.09166984970282112,-0.0916698497028211,-0.16012815380508713,-0.16012815380508713,-0.39223227027636803,-0.36342189215581555,-0.13018891098082386,-0.2847473987257497,-0.09166984970282112,-0.13018891098082386,-0.0916698497028211,-0.13018891098082386,-0.16012815380508713,-0.13018891098082386,-0.22941573387056183,-0.16012815380508713,-0.3176750402418492,-0.09166984970282112,-0.0916698497028211,-0.0916698497028211,-0.13018891098082386,3.3166247903554,-0.09166984970282112,-0.09166984970282112,-0.09166984970282112,-0.09166984970282112,-0.13018891098082386,1.0871146130092182,-0.24889134708717225,-0.7204077607661872,-0.0916698497028211,-0.24889134708717228,-0.13018891098082386,-0.09166984970282112,-0.09166984970282112,-0.09166984970282112,4.358898943540674,-0.18569533817705186,-0.22941573387056183,-0.0916698497028211,-0.1856953381770519,-0.16012815380508713,-0.09166984970282112,-0.09166984970282112,-0.0916698497028211,-0.24889134708717228,-0.0916698497028211,-0.30151134457776363,-0.4062616689884986,-0.0916698497028211,-0.09166984970282112,-0.16012815380508716,-0.09166984970282112,-0.3333333333333333,-0.16012815380508716,-0.4062616689884986,-0.0916698497028211,-0.09166984970282112,-0.16012815380508716
1.3416407864998738,-1.4584410624840871,2.172843314461255,0.8894069800262434,0.3043117276415568,-0.4605661864718382,-0.30151134457776363,-0.0916698497028211,-0.4605661864718383,1.8559214542766738,0.5346541645059405,-0.22941573387056183,-0.18569533817705192,-0.13018891098082386,-0.18569533817705192,-0.2847473987257497,-0.0007674438878157014,-0.16012815380508713,-0.09166984970282112,-0.09166984970282112,-0.13018891098082386,-0.18569533817705192,-0.07825005579908746,-0.0916698497028211,-0.16012815380508713,-0.0916698497028211,-0.0916698497028211,0.5016042226225117,-0.67647348298998,-0.6756252974073039,-0.09166984970282112,-0.09166984970282112,-0.09166984970282112,-0.09166984970282112,-0.13018891098082386,-0.09166984970282112,-0.13018891098082386,-0.13018891098082386,-0.0916698497028211,-0.0916698497028211,-0.13018891098082386,-0.0916698497028211,-0.09166984970282112,-0.09166984970282112,-0.0916698497028211,-0.13018891098082386,-0.09166984970282112,-0.0916698497028211,-0.09166984970282112,-0.13018891098082386,-0.1856953381770519,-0.0916698497028211,-0.09166984970282112,-0.09166984970282112,-0.13018891098082386,-0.09166984970282112,-0.09166984970282112,-0.09166984970282112,-0.18569533817705192,-0.09166984970282112,-0.0916698497028211,-0.0916698497028211,-0.09166984970282112,-0.09166984970282112,-0.16012815380508713,-0.0916698497028211,-0.13018891098082386,-0.13018891098082386,-0.13018891098082386,-0.09166984970282112,-0.1856953381770519,-0.13018891098082389,-0.16012815380508713,-0.0916698497028211,-0.0916698497028211,-0.13018891098082386,-0.13018891098082386,-0.09166984970282112,-0.09166984970282112,-0.0916698497028211,-0.16012815380508713,-0.09166984970282112,-0.09166984970282112,-0.09166984970282112,-0.09166984970282112,-0.09166984970282112,-0.13018891098082386,-0.0916698497028211,-0.09166984970282112,-0.09166984970282112,-0.0916698497028211,-0.16012815380508713,-0.13018891098082386,-0.13018891098082386,-0.0916698497028211,-0.09166984970282112,-0.09166984970282112,-0.0916698497028211,-0.0916698497028211,-0.0916698497028211,-0.09166984970282112,-0.0916698497028211,-0.0916698497028211,-0.09166984970282112,-0.1856953381770519,-0.13018891098082386,7.681145747868607,-0.09166984970282112,-0.0916698497028211,-0.09166984970282112,-0.0916698497028211,-0.26726124191242434,-0.16012815380508716,-0.24889134708717228,-0.09166984970282112,-0.0916698497028211,-0.16012815380508713,-0.16012815380508713,-0.39223227027636803,-0.36342189215581555,-0.13018891098082386,-0.2847473987257497,-0.09166984970282112,-0.13018891098082386,-0.0916698497028211,-0.13018891098082386,-0.16012815380508713,-0.13018891098082386,-0.22941573387056183,-0.16012815380508713,3.147870853305597,-0.09166984970282112,-0.0916698497028211,-0.0916698497028211,-0.13018891098082386,-0.30151134457776363,-0.09166984970282112,-0.09166984970282112,-0.09166984970282112,-0.09166984970282112,-0.13018891098082386,-0.9198662110077998,-0.24889134708717225,1.3881027585494827,-0.0916698497028211,-0.24889134708717228,-0.13018891098082386,-0.09166984970282112,-0.09166984970282112,-0.09166984970282112,-0.2294157338705618,-0.18569533817705186,-0.22941573387056183,-0.0916698497028211,-0.1856953381770519,-0.16012815380508713,-0.09166984970282112,-0.09166984970282112,-0.0916698497028211,-0.24889134708717228,-0.0916698497028211,-0.30151134457776363,-0.4062616689884986,-0.0916698497028211,-0.09166984970282112,-0.16012815380508716,-0.09166984970282112,2.9999999999999996,-0.16012815380508716,-0.4062616689884986,-0.0916698497028211,-0.09166984970282112,-0.16012815380508716
1.3416407864998738,-1.3398686183796897,1.9966331818591698,0.8894069800262434,1.3783531193176537,2.171240593367237,3.3166247903554,-0.0916698497028211,2.1712405933672376,-0.5388159060803247,0.30667979994503203,-0.22941573387056183,-0.18569533817705192,-0.13018891098082386,-0.18569533817705192,-0.2847473987257497,-0.0007674438878157014,-0.16012815380508713,-0.09166984970282112,-0.09166984970282112,-0.13018891098082386,-0.18569533817705192,-0.07825005579908746,-0.0916698497028211,-0.16012815380508713,-0.0916698497028211,-0.0916698497028211,0.08088775032804604,-0.6607898954741708,0.2942018105356941,-0.09166984970282112,-0.09166984970282112,-0.09166984970282112,-0.09166984970282112,-0.13018891098082386,-0.09166984970282112,-0.13018891098082386,-0.13018891098082386,-0.0916698497028211,-0.0916698497028211,-0.13018891098082386,-0.0916698497028211,-0.09166984970282112,-0.09166984970282112,-0.0916698497028211,-0.13018891098082386,-0.09166984970282112,-0.0916698497028211,-0.09166984970282112,-0.13018891098082386,-0.1856953381770519,-0.0916698497028211,-0.09166984970282112,-0.09166984970282112,-0.13018891098082386,-0.09166984970282112,-0.09166984970282112,-0.09166984970282112,-0.18569533817705192,-0.09166984970282112,-0.0916698497028211,-0.0916698497028211,-0.09166984970282112,-0.09166984970282112,-0.16012815380508713,-0.0916698497028211,-0.13018891098082386,-0.13018891098082386,-0.13018891098082386,-0.09166984970282112,-0.1856953381770519,-0.13018891098082389,-0.16012815380508713,-0.0916698497028211,-0.0916698497028211,-0.13018891098082386,-0.13018891098082386,-0.09166984970282112,-0.09166984970282112,-0.0916698497028211,6.244997998398398,-0.09166984970282112,-0.09166984970282112,-0.09166984970282112,-0.09166984970282112,-0.09166984970282112,-0.13018891098082386,-0.0916698497028211,-0.09166984970282112,-0.09166984970282112,-0.0916698497028211,-0.16012815380508713,-0.13018891098082386,-0.13018891098082386,-0.0916698497028211,-0.09166984970282112,-0.09166984970282112,-0.0916698497028211,-0.0916698497028211,-0.0916698497028211,-0.09166984970282112,-0.0916698497028211,-0.0916698497028211,-0.09166984970282112,-0.1856953381770519,-0.13018891098082386,-0.13018891098082386,-0.09166984970282112,-0.0916698497028211,-0.09166984970282112,-0.0916698497028211,-0.26726124191242434,-0.16012815380508716,-0.24889134708717228,-0.09166984970282112,-0.0916698497028211,-0.16012815380508713,6.244997998398398,-0.39223227027636803,-0.36342189215581555,-0.13018891098082386,-0.2847473987257497,-0.09166984970282112,-0.13018891098082386,-0.0916698497028211,-0.13018891098082386,-0.16012815380508713,-0.13018891098082386,-0.22941573387056183,-0.16012815380508713,-0.3176750402418492,-0.09166984970282112,-0.0916698497028211,-0.0916698497028211,-0.13018891098082386,-0.30151134457776363,-0.09166984970282112,-0.09166984970282112,-0.09166984970282112,-0.09166984970282112,-0.13018891098082386,1.0871146130092182,-0.24889134708717225,-0.7204077607661872,-0.0916698497028211,-0.24889134708717228,-0.13018891098082386,-0.09166984970282112,-0.09166984970282112,-0.09166984970282112,-0.2294157338705618,-0.18569533817705186,-0.22941573387056183,-0.0916698497028211,-0.1856953381770519,-0.16012815380508713,-0.09166984970282112,-0.09166984970282112,-0.0916698497028211,-0.24889134708717228,-0.0916698497028211,3.3166247903554,-0.4062616689884986,-0.0916698497028211,-0.09166984970282112,-0.16012815380508716,-0.09166984970282112,-0.3333333333333333,-0.16012815380508716,-0.4062616689884986,-0.0916698497028211,-0.09166984970282112,-0.16012815380508716
1.3416407864998738,-1.2212961742752924,1.8548989447661883,0.8894069800262434,1.4476461123290132,-0.4605661864718382,-0.30151134457776363,-0.0916698497028211,2.1712405933672376,-0.5388159060803247,2.944668875578392,4.358898943540674,5.3851648071345055,-0.13018891098082386,-0.18569533817705192,-0.2847473987257497,-0.0007674438878157014,-0.16012815380508713,-0.09166984970282112,-0.09166984970282112,-0.13018891098082386,-0.18569533817705192,-0.07825005579908746,-0.0916698497028211,-0.16012815380508713,-0.0916698497028211,-0.0916698497028211,0.8922695183245187,-0.002400934425890483,-0.1167161249232347,-0.09166984970282112,-0.09166984970282112,-0.09166984970282112,-0.09166984970282112,-0.13018891098082386,-0.09166984970282112,-0.13018891098082386,-0.13018891098082386,-0.0916698497028211,-0.0916698497028211,-0.13018891098082386,-0.0916698497028211,-0.09166984970282112,-0.09166984970282112,-0.0916698497028211,-0.13018891098082386,-0.09166984970282112,-0.0916698497028211,-0.09166984970282112,-0.13018891098082386,-0.1856953381770519,-0.0916698497028211,-0.09166984970282112,-0.09166984970282112,-0.13018891098082386,-0.09166984970282112,-0.09166984970282112,-0.09166984970282112,-0.18569533817705192,-0.09166984970282112,-0.0916698497028211,-0.0916698497028211,-0.09166984970282112,-0.09166984970282112,-0.16012815380508713,-0.0916698497028211,-0.13018891098082386,-0.13018891098082386,-0.13018891098082386,-0.09166984970282112,-0.1856953381770519,-0.13018891098082389,-0.16012815380508713,-0.0916698497028211,-0.0916698497028211,-0.13018891098082386,-0.13018891098082386,-0.09166984970282112,-0.09166984970282112,-0.0916698497028211,-0.16012815380508713,-0.09166984970282112,-0.09166984970282112,-0.09166984970282112,-0.09166984970282112,-0.09166984970282112,-0.13018891098082386,-0.0916698497028211,-0.09166984970282112,10.908712114635714,-0.0916698497028211,-0.16012815380508713,-0.13018891098082386,-0.13018891098082386,-0.0916698497028211,-0.09166984970282112,-0.09166984970282112,-0.0916698497028211,-0.0916698497028211,-0.0916698497028211,-0.09166984970282112,-0.0916698497028211,-0.0916698497028211,-0.09166984970282112,-0.1856953381770519,-0.13018891098082386,-0.13018891098082386,-0.09166984970282112,-0.0916698497028211,-0.09166984970282112,-0.0916698497028211,-0.26726124191242434,-0.16012815380508716,4.0178174601214955,-0.09166984970282112,-0.0916698497028211,-0.16012815380508713,-0.16012815380508713,-0.39223227027636803,-0.36342189215581555,-0.13018891098082386,-0.2847473987257497,-0.09166984970282112,-0.13018891098082386,-0.0916698497028211,-0.13018891098082386,-0.16012815380508713,-0.13018891098082386,-0.22941573387056183,-0.16012815380508713,-0.3176750402418492,-0.09166984970282112,-0.0916698497028211,-0.0916698497028211,-0.13018891098082386,-0.30151134457776363,-0.09166984970282112,-0.09166984970282112,-0.09166984970282112,-0.09166984970282112,-0.13018891098082386,1.0871146130092182,-0.24889134708717225,-0.7204077607661872,-0.0916698497028211,-0.24889134708717228,-0.13018891098082386,-0.09166984970282112,-0.09166984970282112,-0.09166984970282112,4.358898943540674,-0.18569533817705186,-0.22941573387056183,-0.0916698497028211,-0.1856953381770519,-0.16012815380508713,-0.09166984970282112,-0.09166984970282112,-0.0916698497028211,-0.24889134708717228,-0.0916698497028211,-0.30151134457776363,-0.4062616689884986,-0.0916698497028211,-0.09166984970282112,-0.16012815380508716,-0.09166984970282112,-0.3333333333333333,-0.16012815380508716,-0.4062616689884986,-0.0916698497028211,-0.09166984970282112,-0.16012815380508716
1.3416407864998738,-1.1027237301708952,1.333929857073067,0.8894069800262434,1.309060126306291,-0.4605661864718382,-0.30151134457776363,-0.0916698497028211,-0.4605661864718383,1.8559214542766738,0.6974929963351596,-0.22941573387056183,-0.18569533817705192,-0.13018891098082386,-0.18569533817705192,-0.2847473987257497,-0.0007674438878157014,-0.16012815380508713,-0.09166984970282112,-0.09166984970282112,-0.13018891098082386,-0.18569533817705192,-0.07825005579908746,-0.0916698497028211,-0.16012815380508713,-0.0916698497028211,-0.0916698497028211,0.6518601055848233,-0.8355613604580351,-0.3297005806663341,-0.09166984970282112,-0.09166984970282112,-0.09166984970282112,-0.09166984970282112,-0.13018891098082386,-0.09166984970282112,-0.13018891098082386,-0.13018891098082386,-0.0916698497028211,-0.0916698497028211,-0.13018891098082386,-0.0916698497028211,-0.09166984970282112,-0.09166984970282112,-0.0916698497028211,-0.13018891098082386,-0.09166984970282112,-0.0916698497028211,-0.09166984970282112,-0.13018891098082386,-0.1856953381770519,-0.0916698497028211,-0.09166984970282112,-0.09166984970282112,-0.13018891098082386,-0.09166984970282112,-0.09166984970282112,-0.09166984970282112,-0.18569533817705192,-0.09166984970282112,-0.0916698497028211,-0.0916698497028211,-0.09166984970282112,-0.09166984970282112,-0.16012815380508713,-0.0916698497028211,-0.13018891098082386,-0.13018891098082386,-0.13018891098082386,-0.09166984970282112,-0.1856953381770519,-0.13018891098082389,-0.16012815380508713,-0.0916698497028211,-0.0916698497028211,-0.13018891098082386,-0.13018891098082386,-0.09166984970282112,-0.09166984970282112,-0.0916698497028211,-0.16012815380508713,-0.09166984970282112,-0.09166984970282112,-0.09166984970282112,-0.09166984970282112,-0.09166984970282112,-0.13018891098082386,-0.0916698497028211,-0.09166984970282112,-0.09166984970282112,-0.0916698497028211,-0.16012815380508713,-0.13018891098082386,-0.13018891098082386,-0.0916698497028211,-0.09166984970282112,-0.09166984970282112,-0.0916698497028211,-0.0916698497028211,-0.0916698497028211,-0.09166984970282112,-0.0916698497028211,-0.0916698497028211,-0.09166984970282112,-0.1856953381770519,-0.13018891098082386,-0.13018891098082386,-0.09166984970282112,-0.0916698497028211,-0.09166984970282112,-0.0916698497028211,-0.26726124191242434,-0.16012815380508716,-0.24889134708717228,-0.09166984970282112,-0.0916698497028211,-0.16012815380508713,-0.16012815380508713,-0.39223227027636803,-0.36342189215581555,-0.13018891098082386,-0.2847473987257497,-0.09166984970282112,-0.13018891098082386,-0.0916698497028211,7.681145747868607,-0.16012815380508713,-0.13018891098082386,-0.22941573387056183,-0.16012815380508713,-0.3176750402418492,-0.09166984970282112,-0.0916698497028211,-0.0916698497028211,-0.13018891098082386,-0.30151134457776363,-0.09166984970282112,-0.09166984970282112,-0.09166984970282112,-0.09166984970282112,-0.13018891098082386,-0.9198662110077998,-0.24889134708717225,-0.7204077607661872,-0.0916698497028211,-0.24889134708717228,-0.13018891098082386,-0.09166984970282112,-0.09166984970282112,-0.09166984970282112,-0.2294157338705618,-0.18569533817705186,-0.22941573387056183,-0.0916698497028211,-0.1856953381770519,-0.16012815380508713,-0.09166984970282112,-0.09166984970282112,-0.0916698497028211,-0.24889134708717228,-0.0916698497028211,-0.30151134457776363,-0.4062616689884986,-0.0916698497028211,-0.09166984970282112,-0.16012815380508716,-0.09166984970282112,2.9999999999999996,-0.16012815380508716,-0.4062616689884986,-0.0916698497028211,-0.09166984970282112,-0.16012815380508716
1.3416407864998738,-0.9841512860664978,0.9278804210769579,-1.1243446728633644,1.1011811472722095,2.171240593367237,-0.30151134457776363,-0.0916698497028211,-0.4605661864718383,-0.5388159060803247,-0.18183669554262522,-0.22941573387056183,-0.18569533817705192,-0.13018891098082386,-0.18569533817705192,-0.2847473987257497,-0.0007674438878157014,-0.16012815380508713,-0.09166984970282112,-0.09166984970282112,-0.13018891098082386,-0.18569533817705192,-0.07825005579908746,-0.0916698497028211,-0.16012815380508713,-0.0916698497028211,-0.0916698497028211,0.7119624587697458,0.3728791647985509,0.4986064010228048,-0.09166984970282112,-0.09166984970282112,-0.09166984970282112,-0.09166984970282112,-0.13018891098082386,-0.09166984970282112,-0.13018891098082386,-0.13018891098082386,-0.0916698497028211,-0.0916698497028211,-0.13018891098082386,-0.0916698497028211,-0.09166984970282112,-0.09166984970282112,-0.0916698497028211,-0.13018891098082386,-0.09166984970282112,-0.0916698497028211,-0.09166984970282112,-0.13018891098082386,-0.1856953381770519,-0.0916698497028211,-0.09166984970282112,-0.09166984970282112,-0.13018891098082386,-0.09166984970282112,-0.09166984970282112,-0.09166984970282112,-0.18569533817705192,-0.09166984970282112,-0.0916698497028211,-0.0916698497028211,-0.09166984970282112,-0.09166984970282112,-0.16012815380508713,-0.0916698497028211,-0.13018891098082386,-0.13018891098082386,-0.13018891098082386,-0.09166984970282112,5.385164807134505,-0.13018891098082389,-0.16012815380508713,-0.0916698497028211,-0.0916698497028211,-0.13018891098082386,-0.13018891098082386,-0.09166984970282112,-0.09166984970282112,-0.0916698497028211,-0.16012815380508713,-0.09166984970282112,-0.09166984970282112,-0.09166984970282112,-0.09166984970282112,-0.09166984970282112,-0.13018891098082386,-0.0916698497028211,-0.09166984970282112,-0.09166984970282112,-0.0916698497028211,-0.16012815380508713,-0.13018891098082386,-0.13018891098082386,-0.0916698497028211,-0.09166984970282112,-0.09166984970282112,-0.0916698497028211,-0.0916698497028211,-0.0916698497028211,-0.09166984970282112,-0.0916698497028211,-0.0916698497028211,-0.09166984970282112,-0.1856953381770519,-0.13018891098082386,-0.13018891098082386,-0.09166984970282112,-0.0916698497028211,-0.09166984970282112,-0.0916698497028211,-0.26726124191242434,-0.16012815380508716,-0.24889134708717228,-0.09166984970282112,-0.0916698497028211,-0.16012815380508713,-0.16012815380508713,-0.39223227027636803,2.751622897751175,-0.13018891098082386,-0.2847473987257497,-0.09166984970282112,-0.13018891098082386,-0.0916698497028211,-0.13018891098082386,-0.16012815380508713,-0.13018891098082386,-0.22941573387056183,-0.16012815380508713,-0.3176750402418492,-0.09166984970282112,-0.0916698497028211,-0.0916698497028211,-0.13018891098082386,-0.30151134457776363,-0.09166984970282112,-0.09166984970282112,-0.09166984970282112,-0.09166984970282112,-0.13018891098082386,1.0871146130092182,-0.24889134708717225,-0.7204077607661872,-0.0916698497028211,-0.24889134708717228,-0.13018891098082386,-0.09166984970282112,-0.09166984970282112,-0.09166984970282112,-0.2294157338705618,-0.18569533817705186,-0.22941573387056183,-0.0916698497028211,-0.1856953381770519,-0.16012815380508713,-0.09166984970282112,-0.09166984970282112,-0.0916698497028211,-0.24889134708717228,-0.0916698497028211,-0.30151134457776363,-0.4062616689884986,-0.0916698497028211,-0.09166984970282112,-0.16012815380508716,-0.09166984970282112,-0.3333333333333333,-0.16012815380508716,2.4614677591656093,-0.0916698497028211,-0.09166984970282112,-0.16012815380508716
1.3416407864998738,-0.8655788419621006,0.2881610266302576,-1.1243446728633644,0.8586556717324452,-0.4605661864718382,-0.30151134457776363,-0.0916698497028211,-0.4605661864718383,-0.5388159060803247,0.04613766901828033,-0.22941573387056183,-0.18569533817705192,-0.13018891098082386,-0.18569533817705192,-0.2847473987257497,-0.0007674438878157014,-0.16012815380508713,-0.09166984970282112,-0.09166984970282112,-0.13018891098082386,-0.18569533817705192,-0.07825005579908746,-0.0916698497028211,-0.16012815380508713,-0.0916698497028211,-0.0916698497028211,-0.03931695604180166,0.568722937111349,-0.04334678778633734,-0.09166984970282112,-0.09166984970282112,-0.09166984970282112,-0.09166984970282112,-0.13018891098082386,-0.09166984970282112,-0.13018891098082386,-0.13018891098082386,-0.0916698497028211,-0.0916698497028211,7.681145747868607,-0.0916698497028211,-0.09166984970282112,-0.09166984970282112,-0.0916698497028211,-0.13018891098082386,-0.09166984970282112,-0.0916698497028211,-0.09166984970282112,-0.13018891098082386,-0.1856953381770519,-0.0916698497028211,-0.09166984970282112,-0.09166984970282112,-0.13018891098082386,-0.09166984970282112,-0.09166984970282112,-0.09166984970282112,-0.18569533817705192,-0.09166984970282112,-0.0916698497028211,-0.0916698497028211,-0.09166984970282112,-0.09166984970282112,-0.16012815380508713,-0.0916698497028211,-0.13018891098082386,-0.13018891098082386,-0.13018891098082386,-0.09166984970282112,-0.1856953381770519,-0.13018891098082389,-0.16012815380508713,-0.0916698497028211,-0.0916698497028211,-0.13018891098082386,-0.13018891098082386,-0.09166984970282112,-0.09166984970282112,-0.0916698497028211,-0.16012815380508713,-0.09166984970282112,-0.09166984970282112,-0.09166984970282112,-0.09166984970282112,-0.09166984970282112,-0.13018891098082386,-0.0916698497028211,-0.09166984970282112,-0.09166984970282112,-0.0916698497028211,-0.16012815380508713,-0.13018891098082386,-0.13018891098082386,-0.0916698497028211,-0.09166984970282112,-0.09166984970282112,-0.0916698497028211,-0.0916698497028211,-0.0916698497028211,-0.09166984970282112,-0.0916698497028211,-0.0916698497028211,-0.09166984970282112,-0.1856953381770519,-0.13018891098082386,-0.13018891098082386,-0.09166984970282112,-0.0916698497028211,-0.09166984970282112,-0.0916698497028211,-0.26726124191242434,-0.16012815380508716,-0.24889134708717228,-0.09166984970282112,-0.0916698497028211,-0.16012815380508713,-0.16012815380508713,2.5495097567963922,-0.36342189215581555,-0.13018891098082386,-0.2847473987257497,-0.09166984970282112,-0.13018891098082386,-0.0916698497028211,-0.13018891098082386,-0.16012815380508713,-0.13018891098082386,-0.22941573387056183,-0.16012815380508713,-0.3176750402418492,-0.09166984970282112,-0.0916698497028211,-0.0916698497028211,-0.13018891098082386,-0.30151134457776363,-0.09166984970282112,-0.09166984970282112,-0.09166984970282112,-0.09166984970282112,-0.13018891098082386,1.0871146130092182,-0.24889134708717225,-0.7204077607661872,-0.0916698497028211,-0.24889134708717228,-0.13018891098082386,-0.09166984970282112,-0.09166984970282112,-0.09166984970282112,-0.2294157338705618,-0.18569533817705186,-0.22941573387056183,-0.0916698497028211,-0.1856953381770519,6.244997998398398,-0.09166984970282112,-0.09166984970282112,-0.0916698497028211,-0.24889134708717228,-0.0916698497028211,-0.30151134457776363,-0.4062616689884986,-0.0916698497028211,-0.09166984970282112,-0.16012815380508716,-0.09166984970282112,-0.3333333333333333,-0.16012815380508716,-0.4062616689884986,-0.0916698497028211,-0.09166984970282112,-0.16012815380508716
1.3416407864998738,-0.7470063978577032,0.138765479424142,0.8894069800262434,-1.6012455801708696,-0.4605661864718382,-0.30151134457776363,-0.0916698497028211,-0.4605661864718383,1.8559214542766738,-0.768056490127818,-0.22941573387056183,-0.18569533817705192,7.681145747868607,-0.18569533817705192,-0.2847473987257497,-0.0007674438878157014,-0.16012815380508713,-0.09166984970282112,-0.09166984970282112,-0.13018891098082386,-0.18569533817705192,-0.07825005579908746,-0.0916698497028211,-0.16012815380508713,-0.0916698497028211,-0.0916698497028211,-1.0009546070005833,-0.9534697671153501,-0.46594705119495133,-0.09166984970282112,-0.09166984970282112,-0.09166984970282112,-0.09166984970282112,-0.13018891098082386,-0.09166984970282112,-0.13018891098082386,-0.13018891098082386,-0.0916698497028211,-0.0916698497028211,-0.13018891098082386,-0.0916698497028211,-0.09166984970282112,-0.09166984970282112,-0.0916698497028211,-0.13018891098082386,-0.09166984970282112,-0.0916698497028211,-0.09166984970282112,-0.13018891098082386,-0.1856953381770519,-0.0916698497028211,-0.09166984970282112,-0.09166984970282112,-0.13018891098082386,10.908712114635714,-0.09166984970282112,-0.09166984970282112,-0.18569533817705192,-0.09166984970282112,-0.0916698497028211,-0.0916698497028211,-0.09166984970282112,-0.09166984970282112,-0.16012815380508713,-0.0916698497028211,-0.13018891098082386,-0.13018891098082386,-0.13018891098082386,-0.09166984970282112,-0.1856953381770519,-0.13018891098082389,-0.16012815380508713,-0.0916698497028211,-0.0916698497028211,-0.13018891098082386,-0.13018891098082386,-0.09166984970282112,-0.09166984970282112,-0.0916698497028211,-0.16012815380508713,-0.09166984970282112,-0.09166984970282112,-0.09166984970282112,-0.09166984970282112,-0.09166984970282112,-0.13018891098082386,-0.0916698497028211,-0.09166984970282112,-0.09166984970282112,-0.0916698497028211,-0.16012815380508713,-0.13018891098082386,-0.13018891098082386,-0.0916698497028211,-0.09166984970282112,-0.09166984970282112,-0.0916698497028211,-0.0916698497028211,-0.0916698497028211,-0.09166984970282112,-0.0916698497028211,-0.0916698497028211,-0.09166984970282112,-0.1856953381770519,-0.13018891098082386,-0.13018891098082386,-0.09166984970282112,-0.0916698497028211,-0.09166984970282112,-0.0916698497028211,-0.26726124191242434,-0.16012815380508716,-0.24889134708717228,-0.09166984970282112,-0.0916698497028211,-0.16012815380508713,-0.16012815380508713,-0.39223227027636803,-0.36342189215581555,-0.13018891098082386,-0.2847473987257497,-0.09166984970282112,7.681145747868607,-0.0916698497028211,-0.13018891098082386,-0.16012815380508713,-0.13018891098082386,-0.22941573387056183,-0.16012815380508713,-0.3176750402418492,-0.09166984970282112,-0.0916698497028211,-0.0916698497028211,-0.13018891098082386,-0.30151134457776363,-0.09166984970282112,-0.09166984970282112,-0.09166984970282112,-0.09166984970282112,-0.13018891098082386,-0.9198662110077998,4.017817460121495,-0.7204077607661872,-0.0916698497028211,-0.24889134708717228,-0.13018891098082386,-0.09166984970282112,-0.09166984970282112,-0.09166984970282112,-0.2294157338705618,-0.18569533817705186,-0.22941573387056183,-0.0916698497028211,-0.1856953381770519,-0.16012815380508713,-0.09166984970282112,-0.09166984970282112,-0.0916698497028211,-0.24889134708717228,-0.0916698497028211,-0.30151134457776363,-0.4062616689884986,-0.0916698497028211,-0.09166984970282112,-0.16012815380508716,-0.09166984970282112,2.9999999999999996,-0.16012815380508716,-0.4062616689884986,-0.0916698497028211,-0.09166984970282112,-0.16012815380508716
1.3416407864998738,-0.6284339537533059,0.13493482436757492,0.8894069800262434,-0.31932520946069104,-0.4605661864718382,-0.30151134457776363,-0.0916698497028211,-0.4605661864718383,1.8559214542766738,0.14384096811581293,-0.22941573387056183,-0.18569533817705192,-0.13018891098082386,-0.18569533817705192,-0.2847473987257497,-0.0007674438878157014,-0.16012815380508713,-0.09166984970282112,-0.09166984970282112,-0.13018891098082386,-0.18569533817705192,-0.07825005579908746,-0.0916698497028211,-0.16012815380508713,-0.0916698497028211,-0.0916698497028211,0.231143633290355,-0.4273859417773579,-0.6782856345203538,-0.09166984970282112,-0.09166984970282112,-0.09166984970282112,-0.09166984970282112,-0.13018891098082386,-0.09166984970282112,-0.13018891098082386,-0.13018891098082386,-0.0916698497028211,-0.0916698497028211,-0.13018891098082386,-0.0916698497028211,-0.09166984970282112,-0.09166984970282112,-0.0916698497028211,-0.13018891098082386,-0.09166984970282112,-0.0916698497028211,-0.09166984970282112,-0.13018891098082386,-0.1856953381770519,-0.0916698497028211,-0.09166984970282112,-0.09166984970282112,-0.13018891098082386,-0.09166984970282112,-0.09166984970282112,-0.09166984970282112,-0.18569533817705192,-0.09166984970282112,-0.0916698497028211,-0.0916698497028211,-0.09166984970282112,-0.09166984970282112,-0.16012815380508713,-0.0916698497028211,-0.13018891098082386,-0.13018891098082386,-0.13018891098082386,-0.09166984970282112,-0.1856953381770519,-0.13018891098082389,-0.16012815380508713,-0.0916698497028211,-0.0916698497028211,-0.13018891098082386,-0.13018891098082386,-0.09166984970282112,-0.09166984970282112,-0.0916698497028211,-0.16012815380508713,-0.09166984970282112,-0.09166984970282112,10.908712114635714,-0.09166984970282112,-0.09166984970282112,-0.13018891098082386,-0.0916698497028211,-0.09166984970282112,-0.09166984970282112,-0.0916698497028211,-0.16012815380508713,-0.13018891098082386,-0.13018891098082386,-0.0916698497028211,-0.09166984970282112,-0.09166984970282112,-0.0916698497028211,-0.0916698497028211,-0.0916698497028211,-0.09166984970282112,-0.0916698497028211,-0.0916698497028211,-0.09166984970282112,-0.1856953381770519,-0.13018891098082386,-0.13018891098082386,-0.09166984970282112,-0.0916698497028211,-0.09166984970282112,-0.0916698497028211,-0.26726124191242434,-0.16012815380508716,-0.24889134708717228,-0.09166984970282112,-0.0916698497028211,-0.16012815380508713,-0.16012815380508713,-0.39223227027636803,-0.36342189215581555,-0.13018891098082386,-0.2847473987257497,-0.09166984970282112,-0.13018891098082386,-0.0916698497028211,-0.13018891098082386,-0.16012815380508713,-0.13018891098082386,-0.22941573387056183,-0.16012815380508713,3.147870853305597,-0.09166984970282112,-0.0916698497028211,-0.0916698497028211,-0.13018891098082386,-0.30151134457776363,-0.09166984970282112,-0.09166984970282112,-0.09166984970282112,-0.09166984970282112,-0.13018891098082386,-0.9198662110077998,-0.24889134708717225,-0.7204077607661872,-0.0916698497028211,-0.24889134708717228,-0.13018891098082386,-0.09166984970282112,-0.09166984970282112,-0.09166984970282112,-0.2294157338705618,-0.18569533817705186,-0.22941573387056183,-0.0916698497028211,-0.1856953381770519,-0.16012815380508713,-0.09166984970282112,-0.09166984970282112,-0.0916698497028211,-0.24889134708717228,-0.0916698497028211,-0.30151134457776363,-0.4062616689884986,-0.0916698497028211,-0.09166984970282112,-0.16012815380508716,-0.09166984970282112,2.9999999999999996,-0.16012815380508716,-0.4062616689884986,-0.0916698497028211,-0.09166984970282112,-0.16012815380508716
1.3416407864998738,-0.5098615096489085,-0.045105963291077245,0.8894069800262434,0.7200696857097231,-0.4605661864718382,-0.30151134457776363,-0.0916698497028211,-0.4605661864718383,-0.5388159060803247,0.30667979994503203,-0.22941573387056183,-0.18569533817705192,-0.13018891098082386,-0.18569533817705192,-0.2847473987257497,-0.0007674438878157014,-0.16012815380508713,-0.09166984970282112,-0.09166984970282112,-0.13018891098082386,-0.18569533817705192,-0.07825005579908746,-0.0916698497028211,-0.16012815380508713,-0.0916698497028211,-0.0916698497028211,-0.2496751921890358,2.6056590264723014,-0.40768935911868887,-0.09166984970282112,-0.09166984970282112,-0.09166984970282112,-0.09166984970282112,-0.13018891098082386,-0.09166984970282112,-0.13018891098082386,-0.13018891098082386,-0.0916698497028211,-0.0916698497028211,-0.13018891098082386,-0.0916698497028211,-0.09166984970282112,-0.09166984970282112,-0.0916698497028211,-0.13018891098082386,-0.09166984970282112,-0.0916698497028211,-0.09166984970282112,-0.13018891098082386,-0.1856953381770519,-0.0916698497028211,-0.09166984970282112,-0.09166984970282112,-0.13018891098082386,-0.09166984970282112,-0.09166984970282112,-0.09166984970282112,-0.18569533817705192,-0.09166984970282112,-0.0916698497028211,-0.0916698497028211,-0.09166984970282112,-0.09166984970282112,-0.16012815380508713,-0.0916698497028211,-0.13018891098082386,-0.13018891098082386,-0.13018891098082386,-0.09166984970282112,-0.1856953381770519,-0.13018891098082389,-0.16012815380508713,-0.0916698497028211,-0.0916698497028211,-0.13018891098082386,-0.13018891098082386,-0.09166984970282112,-0.09166984970282112,-0.0916698497028211,-0.16012815380508713,-0.09166984970282112,-0.09166984970282112,-0.09166984970282112,-0.09166984970282112,10.908712114635714,-0.13018891098082386,-0.0916698497028211,-0.09166984970282112,-0.09166984970282112,-0.0916698497028211,-0.16012815380508713,-0.13018891098082386,-0.13018891098082386,-0.0916698497028211,-0.09166984970282112,-0.09166984970282112,-0.0916698497028211,-0.0916698497028211,-0.0916698497028211,-0.09166984970282112,-0.0916698497028211,-0.0916698497028211,-0.09166984970282112,-0.1856953381770519,-0.13018891098082386,-0.13018891098082386,-0.09166984970282112,-0.0916698497028211,-0.09166984970282112,-0.0916698497028211,-0.26726124191242434,-0.16012815380508716,-0.24889134708717228,-0.09166984970282112,-0.0916698497028211,-0.16012815380508713,-0.16012815380508713,-0.39223227027636803,-0.36342189215581555,-0.13018891098082386,-0.2847473987257497,-0.09166984970282112,-0.13018891098082386,-0.0916698497028211,-0.13018891098082386,-0.16012815380508713,-0.13018891098082386,-0.22941573387056183,-0.16012815380508713,-0.3176750402418492,-0.09166984970282112,-0.0916698497028211,-0.0916698497028211,-0.13018891098082386,3.3166247903554,-0.09166984970282112,-0.09166984970282112,-0.09166984970282112,-0.09166984970282112,-0.13018891098082386,-0.9198662110077998,-0.24889134708717225,1.3881027585494827,-0.0916698497028211,-0.24889134708717228,-0.13018891098082386,-0.09166984970282112,-0.09166984970282112,-0.09166984970282112,4.358898943540674,-0.18569533817705186,-0.22941573387056183,-0.0916698497028211,-0.1856953381770519,-0.16012815380508713,-0.09166984970282112,-0.09166984970282112,-0.0916698497028211,-0.24889134708717228,-0.0916698497028211,-0.30151134457776363,-0.4062616689884986,-0.0916698497028211,-0.09166984970282112,-0.16012815380508716,-0.09166984970282112,-0.3333333333333333,-0.16012815380508716,-0.4062616689884986,-0.0916698497028211,-0.09166984970282112,-0.16012815380508716
1.3416407864998738,-0.39128906554451126,-0.04893661834764431,0.8894069800262434,-0.07679973392092664,-0.4605661864718382,-0.30151134457776363,-0.0916698497028211,-0.4605661864718383,1.8559214542766738,0.8277640617985353,-0.22941573387056183,-0.18569533817705192,-0.13018891098082386,-0.18569533817705192,-0.2847473987257497,-0.0007674438878157014,-0.16012815380508713,-0.09166984970282112,-0.09166984970282112,-0.13018891098082386,-0.18569533817705192,-0.07825005579908746,-0.0916698497028211,-0.16012815380508713,-0.0916698497028211,-0.0916698497028211,0.92232069491698,-0.3416489966909339,-0.31226076145032206,-0.09166984970282112,-0.09166984970282112,-0.09166984970282112,-0.09166984970282112,-0.13018891098082386,-0.09166984970282112,-0.13018891098082386,-0.13018891098082386,-0.0916698497028211,-0.0916698497028211,-0.13018891098082386,-0.0916698497028211,-0.09166984970282112,-0.09166984970282112,-0.0916698497028211,-0.13018891098082386,-0.09166984970282112,-0.0916698497028211,-0.09166984970282112,-0.13018891098082386,-0.1856953381770519,-0.0916698497028211,-0.09166984970282112,-0.09166984970282112,-0.13018891098082386,-0.09166984970282112,-0.09166984970282112,-0.09166984970282112,-0.18569533817705192,-0.09166984970282112,-0.0916698497028211,-0.0916698497028211,-0.09166984970282112,-0.09166984970282112,-0.16012815380508713,-0.0916698497028211,-0.13018891098082386,-0.13018891098082386,7.681145747868607,-0.09166984970282112,-0.1856953381770519,-0.13018891098082389,-0.16012815380508713,-0.0916698497028211,-0.0916698497028211,-0.13018891098082386,-0.13018891098082386,-0.09166984970282112,-0.09166984970282112,-0.0916698497028211,-0.16012815380508713,-0.09166984970282112,-0.09166984970282112,-0.09166984970282112,-0.09166984970282112,-0.09166984970282112,-0.13018891098082386,-0.0916698497028211,-0.09166984970282112,-0.09166984970282112,-0.0916698497028211,-0.16012815380508713,-0.13018891098082386,-0.13018891098082386,-0.0916698497028211,-0.09166984970282112,-0.09166984970282112,-0.0916698497028211,-0.0916698497028211,-0.0916698497028211,-0.09166984970282112,-0.0916698497028211,-0.0916698497028211,-0.09166984970282112,-0.1856953381770519,-0.13018891098082386,-0.13018891098082386,-0.09166984970282112,-0.0916698497028211,-0.09166984970282112,-0.0916698497028211,-0.26726124191242434,-0.16012815380508716,-0.24889134708717228,-0.09166984970282112,-0.0916698497028211,-0.16012815380508713,-0.16012815380508713,-0.39223227027636803,-0.36342189215581555,7.681145747868607,-0.2847473987257497,-0.09166984970282112,-0.13018891098082386,-0.0916698497028211,-0.13018891098082386,-0.16012815380508713,-0.13018891098082386,-0.22941573387056183,-0.16012815380508713,-0.3176750402418492,-0.09166984970282112,-0.0916698497028211,-0.0916698497028211,-0.13018891098082386,-0.30151134457776363,-0.09166984970282112,-0.09166984970282112,-0.09166984970282112,-0.09166984970282112,-0.13018891098082386,1.0871146130092182,-0.24889134708717225,-0.7204077607661872,-0.0916698497028211,-0.24889134708717228,-0.13018891098082386,-0.09166984970282112,-0.09166984970282112,-0.09166984970282112,-0.2294157338705618,-0.18569533817705186,-0.22941573387056183,-0.0916698497028211,-0.1856953381770519,-0.16012815380508713,-0.09166984970282112,-0.09166984970282112,-0.0916698497028211,-0.24889134708717228,-0.0916698497028211,-0.30151134457776363,-0.4062616689884986,-0.0916698497028211,-0.09166984970282112,-0.16012815380508716,10.908712114635714,-0.3333333333333333,-0.16012815380508716,-0.4062616689884986,-0.0916698497028211,-0.09166984970282112,-0.16012815380508716
1.3416407864998738,-0.27271662144011394,-0.09107382396988205,0.8894069800262434,1.205120636789252,2.171240593367237,-0.30151134457776363,-0.0916698497028211,2.1712405933672376,-0.5388159060803247,1.1860094918228197,-0.22941573387056183,-0.18569533817705192,-0.13018891098082386,-0.18569533817705192,-0.2847473987257497,-0.0007674438878157014,-0.16012815380508713,-0.09166984970282112,-0.09166984970282112,-0.13018891098082386,-0.18569533817705192,-0.07825005579908746,-0.0916698497028211,-0.16012815380508713,-0.0916698497028211,-0.0916698497028211,0.02078539714312353,1.7955816241172702,0.050709173002149076,-0.09166984970282112,-0.09166984970282112,-0.09166984970282112,-0.09166984970282112,-0.13018891098082386,-0.09166984970282112,-0.13018891098082386,-0.13018891098082386,-0.0916698497028211,-0.0916698497028211,-0.13018891098082386,-0.0916698497028211,-0.09166984970282112,-0.09166984970282112,-0.0916698497028211,-0.13018891098082386,-0.09166984970282112,-0.0916698497028211,-0.09166984970282112,-0.13018891098082386,-0.1856953381770519,-0.0916698497028211,-0.09166984970282112,-0.09166984970282112,-0.13018891098082386,-0.09166984970282112,-0.09166984970282112,-0.09166984970282112,5.3851648071345055,-0.09166984970282112,-0.0916698497028211,-0.0916698497028211,-0.09166984970282112,-0.09166984970282112,-0.16012815380508713,-0.0916698497028211,-0.13018891098082386,-0.13018891098082386,-0.13018891098082386,-0.09166984970282112,-0.1856953381770519,-0.13018891098082389,-0.16012815380508713,-0.0916698497028211,-0.0916698497028211,-0.13018891098082386,-0.13018891098082386,-0.09166984970282112,-0.09166984970282112,-0.0916698497028211,-0.16012815380508713,-0.09166984970282112,-0.09166984970282112,-0.09166984970282112,-0.09166984970282112,-0.09166984970282112,-0.13018891098082386,-0.0916698497028211,-0.09166984970282112,-0.09166984970282112,-0.0916698497028211,-0.16012815380508713,-0.13018891098082386,-0.13018891098082386,-0.0916698497028211,-0.09166984970282112,-0.09166984970282112,-0.0916698497028211,-0.0916698497028211,-0.0916698497028211,-0.09166984970282112,-0.0916698497028211,-0.0916698497028211,-0.09166984970282112,-0.1856953381770519,-0.13018891098082386,-0.13018891098082386,-0.09166984970282112,-0.0916698497028211,-0.09166984970282112,-0.0916698497028211,-0.26726124191242434,-0.16012815380508716,-0.24889134708717228,-0.09166984970282112,-0.0916698497028211,-0.16012815380508713,-0.16012815380508713,2.5495097567963922,-0.36342189215581555,-0.13018891098082386,-0.2847473987257497,-0.09166984970282112,-0.13018891098082386,-0.0916698497028211,-0.13018891098082386,-0.16012815380508713,-0.13018891098082386,-0.22941573387056183,-0.16012815380508713,-0.3176750402418492,-0.09166984970282112,-0.0916698497028211,-0.0916698497028211,-0.13018891098082386,-0.30151134457776363,-0.09166984970282112,-0.09166984970282112,-0.09166984970282112,-0.09166984970282112,-0.13018891098082386,1.0871146130092182,-0.24889134708717225,-0.7204077607661872,-0.0916698497028211,-0.24889134708717228,-0.13018891098082386,-0.09166984970282112,-0.09166984970282112,-0.09166984970282112,-0.2294157338705618,-0.18569533817705186,4.358898943540674,-0.0916698497028211,-0.1856953381770519,-0.16012815380508713,-0.09166984970282112,-0.09166984970282112,-0.0916698497028211,-0.24889134708717228,-0.0916698497028211,-0.30151134457776363,-0.4062616689884986,-0.0916698497028211,-0.09166984970282112,-0.16012815380508716,-0.09166984970282112,-0.3333333333333333,-0.16012815380508716,-0.4062616689884986,-0.0916698497028211,-0.09166984970282112,-0.16012815380508716
1.3416407864998738,-0.1541441773357166,-0.23663871611943063,0.8894069800262434,-0.21538571994364872,-0.4605661864718382,-0.30151134457776363,-0.0916698497028211,-0.4605661864718383,1.8559214542766738,0.1112732017499697,-0.22941573387056183,-0.18569533817705192,-0.13018891098082386,-0.18569533817705192,-0.2847473987257497,-0.0007674438878157014,-0.16012815380508713,-0.09166984970282112,-0.09166984970282112,-0.13018891098082386,-0.18569533817705192,-0.07825005579908746,-0.0916698497028211,-0.16012815380508713,-0.0916698497028211,-0.0916698497028211,0.4114506928451279,0.13867092456246602,-0.30865297626622407,-0.09166984970282112,-0.09166984970282112,-0.09166984970282112,-0.09166984970282112,-0.13018891098082386,-0.09166984970282112,-0.13018891098082386,-0.13018891098082386,-0.0916698497028211,-0.0916698497028211,-0.13018891098082386,-0.0916698497028211,-0.09166984970282112,-0.09166984970282112,-0.0916698497028211,-0.13018891098082386,-0.09166984970282112,-0.0916698497028211,10.908712114635714,-0.13018891098082386,-0.1856953381770519,-0.0916698497028211,-0.09166984970282112,-0.09166984970282112,-0.13018891098082386,-0.09166984970282112,-0.09166984970282112,-0.09166984970282112,-0.18569533817705192,-0.09166984970282112,-0.0916698497028211,-0.0916698497028211,-0.09166984970282112,-0.09166984970282112,-0.16012815380508713,-0.0916698497028211,-0.13018891098082386,-0.13018891098082386,-0.13018891098082386,-0.09166984970282112,-0.1856953381770519,-0.13018891098082389,-0.16012815380508713,-0.0916698497028211,-0.0916698497028211,-0.13018891098082386,-0.13018891098082386,-0.09166984970282112,-0.09166984970282112,-0.0916698497028211,-0.16012815380508713,-0.09166984970282112,-0.09166984970282112,-0.09166984970282112,-0.09166984970282112,-0.09166984970282112,-0.13018891098082386,-0.0916698497028211,-0.09166984970282112,-0.09166984970282112,-0.0916698497028211,-0.16012815380508713,-0.13018891098082386,-0.13018891098082386,-0.0916698497028211,-0.09166984970282112,-0.09166984970282112,-0.0916698497028211,-0.0916698497028211,-0.0916698497028211,-0.09166984970282112,-0.0916698497028211,-0.0916698497028211,-0.09166984970282112,-0.1856953381770519,-0.13018891098082386,-0.13018891098082386,-0.09166984970282112,-0.0916698497028211,-0.09166984970282112,-0.0916698497028211,-0.26726124191242434,-0.16012815380508716,-0.24889134708717228,-0.09166984970282112,-0.0916698497028211,-0.16012815380508713,-0.16012815380508713,-0.39223227027636803,2.751622897751175,-0.13018891098082386,-0.2847473987257497,-0.09166984970282112,-0.13018891098082386,-0.0916698497028211,-0.13018891098082386,-0.16012815380508713,-0.13018891098082386,-0.22941573387056183,-0.16012815380508713,-0.3176750402418492,-0.09166984970282112,-0.0916698497028211,-0.0916698497028211,-0.13018891098082386,-0.30151134457776363,-0.09166984970282112,-0.09166984970282112,-0.09166984970282112,-0.09166984970282112,-0.13018891098082386,-0.9198662110077998,-0.24889134708717225,1.3881027585494827,-0.0916698497028211,-0.24889134708717228,-0.13018891098082386,-0.09166984970282112,-0.09166984970282112,-0.09166984970282112,-0.2294157338705618,-0.18569533817705186,-0.22941573387056183,-0.0916698497028211,-0.1856953381770519,-0.16012815380508713,-0.09166984970282112,-0.09166984970282112,-0.0916698497028211,-0.24889134708717228,-0.0916698497028211,-0.30151134457776363,-0.4062616689884986,-0.0916698497028211,-0.09166984970282112,-0.16012815380508716,-0.09166984970282112,2.9999999999999996,-0.16012815380508716,-0.4062616689884986,-0.0916698497028211,-0.09166984970282112,-0.16012815380508716
1.3416407864998738,-0.03557173323131928,-0.30559050713763786,0.8894069800262434,2.140576042442624,2.171240593367237,-0.30151134457776363,-0.0916698497028211,2.1712405933672376,-0.5388159060803247,0.07870543538412646,-0.22941573387056183,-0.18569533817705192,-0.13018891098082386,-0.18569533817705192,-0.2847473987257497,-0.0007674438878157014,-0.16012815380508713,-0.09166984970282112,-0.09166984970282112,-0.13018891098082386,-0.18569533817705192,-0.07825005579908746,-0.0916698497028211,-0.16012815380508713,-0.0916698497028211,-0.0916698497028211,2.3647771713551524,0.8862552628160414,0.08430060562572558,-0.09166984970282112,-0.09166984970282112,-0.09166984970282112,-0.09166984970282112,-0.13018891098082386,-0.09166984970282112,-0.13018891098082386,-0.13018891098082386,-0.0916698497028211,-0.0916698497028211,-0.13018891098082386,-0.0916698497028211,-0.09166984970282112,-0.09166984970282112,-0.0916698497028211,-0.13018891098082386,-0.09166984970282112,-0.0916698497028211,-0.09166984970282112,-0.13018891098082386,-0.1856953381770519,-0.0916698497028211,-0.09166984970282112,-0.09166984970282112,-0.13018891098082386,-0.09166984970282112,-0.09166984970282112,-0.09166984970282112,-0.18569533817705192,-0.09166984970282112,-0.0916698497028211,-0.0916698497028211,-0.09166984970282112,-0.09166984970282112,-0.16012815380508713,-0.0916698497028211,-0.13018891098082386,-0.13018891098082386,-0.13018891098082386,-0.09166984970282112,-0.1856953381770519,-0.13018891098082389,-0.16012815380508713,-0.0916698497028211,-0.0916698497028211,-0.13018891098082386,-0.13018891098082386,-0.09166984970282112,-0.09166984970282112,-0.0916698497028211,-0.16012815380508713,-0.09166984970282112,-0.09166984970282112,-0.09166984970282112,-0.09166984970282112,-0.09166984970282112,-0.13018891098082386,-0.0916698497028211,-0.09166984970282112,-0.09166984970282112,-0.0916698497028211,-0.16012815380508713,-0.13018891098082386,-0.13018891098082386,-0.0916698497028211,-0.09166984970282112,-0.09166984970282112,-0.0916698497028211,-0.0916698497028211,-0.0916698497028211,-0.09166984970282112,-0.0916698497028211,-0.0916698497028211,10.908712114635714,-0.1856953381770519,-0.13018891098082386,-0.13018891098082386,-0.09166984970282112,-0.0916698497028211,-0.09166984970282112,-0.0916698497028211,-0.26726124191242434,-0.16012815380508716,-0.24889134708717228,-0.09166984970282112,-0.0916698497028211,-0.16012815380508713,-0.16012815380508713,-0.39223227027636803,-0.36342189215581555,-0.13018891098082386,-0.2847473987257497,-0.09166984970282112,-0.13018891098082386,-0.0916698497028211,-0.13018891098082386,-0.16012815380508713,-0.13018891098082386,-0.22941573387056183,-0.16012815380508713,-0.3176750402418492,-0.09166984970282112,-0.0916698497028211,-0.0916698497028211,-0.13018891098082386,-0.30151134457776363,10.908712114635714,-0.09166984970282112,-0.09166984970282112,-0.09166984970282112,-0.13018891098082386,1.0871146130092182,-0.24889134708717225,-0.7204077607661872,-0.0916698497028211,-0.24889134708717228,-0.13018891098082386,-0.09166984970282112,-0.09166984970282112,-0.09166984970282112,-0.2294157338705618,-0.18569533817705186,-0.22941573387056183,-0.0916698497028211,-0.1856953381770519,-0.16012815380508713,-0.09166984970282112,-0.09166984970282112,-0.0916698497028211,-0.24889134708717228,-0.0916698497028211,-0.30151134457776363,-0.4062616689884986,-0.0916698497028211,-0.09166984970282112,-0.16012815380508716,-0.09166984970282112,-0.3333333333333333,-0.16012815380508716,-0.4062616689884986,-0.0916698497028211,10.908712114635714,-0.16012815380508716
1.3416407864998738,0.08300071087307803,-0.3247437824204732,-1.1243446728633644,-0.04215323741524688,-0.4605661864718382,-0.30151134457776363,-0.0916698497028211,-0.4605661864718383,-0.5388159060803247,0.5020863981400973,-0.22941573387056183,-0.18569533817705192,-0.13018891098082386,-0.18569533817705192,-0.2847473987257497,-0.0007674438878157014,-0.16012815380508713,-0.09166984970282112,-0.09166984970282112,-0.13018891098082386,-0.18569533817705192,-0.07825005579908746,-0.0916698497028211,-0.16012815380508713,-0.0916698497028211,-0.0916698497028211,-0.5201357815211924,-0.5045170208935686,-0.1283590180012327,-0.09166984970282112,-0.09166984970282112,-0.09166984970282112,-0.09166984970282112,-0.13018891098082386,-0.09166984970282112,-0.13018891098082386,-0.13018891098082386,-0.0916698497028211,-0.0916698497028211,-0.13018891098082386,-0.0916698497028211,-0.09166984970282112,-0.09166984970282112,-0.0916698497028211,-0.13018891098082386,-0.09166984970282112,-0.0916698497028211,-0.09166984970282112,-0.13018891098082386,-0.1856953381770519,-0.0916698497028211,-0.09166984970282112,-0.09166984970282112,-0.13018891098082386,-0.09166984970282112,-0.09166984970282112,-0.09166984970282112,-0.18569533817705192,-0.09166984970282112,-0.0916698497028211,-0.0916698497028211,-0.09166984970282112,-0.09166984970282112,-0.16012815380508713,-0.0916698497028211,-0.13018891098082386,-0.13018891098082386,-0.13018891098082386,-0.09166984970282112,-0.1856953381770519,-0.13018891098082389,-0.16012815380508713,-0.0916698497028211,-0.0916698497028211,-0.13018891098082386,-0.13018891098082386,-0.09166984970282112,-0.09166984970282112,-0.0916698497028211,-0.16012815380508713,-0.09166984970282112,-0.09166984970282112,-0.09166984970282112,-0.09166984970282112,-0.09166984970282112,-0.13018891098082386,-0.0916698497028211,-0.09166984970282112,-0.09166984970282112,-0.0916698497028211,-0.16012815380508713,-0.13018891098082386,-0.13018891098082386,-0.0916698497028211,-0.09166984970282112,-0.09166984970282112,-0.0916698497028211,-0.0916698497028211,-0.0916698497028211,-0.09166984970282112,-0.0916698497028211,-0.0916698497028211,-0.09166984970282112,5.385164807134505,-0.13018891098082386,-0.13018891098082386,-0.09166984970282112,-0.0916698497028211,-0.09166984970282112,-0.0916698497028211,-0.26726124191242434,-0.16012815380508716,4.0178174601214955,-0.09166984970282112,-0.0916698497028211,-0.16012815380508713,-0.16012815380508713,-0.39223227027636803,-0.36342189215581555,-0.13018891098082386,-0.2847473987257497,-0.09166984970282112,-0.13018891098082386,-0.0916698497028211,-0.13018891098082386,-0.16012815380508713,-0.13018891098082386,-0.22941573387056183,-0.16012815380508713,-0.3176750402418492,-0.09166984970282112,-0.0916698497028211,-0.0916698497028211,-0.13018891098082386,-0.30151134457776363,-0.09166984970282112,-0.09166984970282112,-0.09166984970282112,-0.09166984970282112,-0.13018891098082386,1.0871146130092182,-0.24889134708717225,-0.7204077607661872,-0.0916698497028211,-0.24889134708717228,-0.13018891098082386,-0.09166984970282112,-0.09166984970282112,-0.09166984970282112,-0.2294157338705618,-0.18569533817705186,-0.22941573387056183,-0.0916698497028211,-0.1856953381770519,-0.16012815380508713,-0.09166984970282112,-0.09166984970282112,-0.0916698497028211,-0.24889134708717228,-0.0916698497028211,-0.30151134457776363,-0.4062616689884986,-0.0916698497028211,-0.09166984970282112,-0.16012815380508716,-0.09166984970282112,-0.3333333333333333,-0.16012815380508716,2.4614677591656093,-0.0916698497028211,-0.09166984970282112,-0.16012815380508716
1.3416407864998738,0.20157315497747536,-0.3324050925336073,0.8894069800262434,-0.38861820247205364,-0.4605661864718382,-0.30151134457776363,-0.0916698497028211,-0.4605661864718383,-0.5388159060803247,0.24154426721334554,-0.22941573387056183,-0.18569533817705192,-0.13018891098082386,-0.18569533817705192,-0.2847473987257497,-0.0007674438878157014,-0.16012815380508713,-0.09166984970282112,-0.09166984970282112,-0.13018891098082386,-0.18569533817705192,-0.07825005579908746,-0.0916698497028211,-0.16012815380508713,-0.0916698497028211,-0.0916698497028211,-0.580238134706115,2.5323080940906704,0.001810437685335972,-0.09166984970282112,-0.09166984970282112,-0.09166984970282112,-0.09166984970282112,-0.13018891098082386,-0.09166984970282112,-0.13018891098082386,-0.13018891098082386,-0.0916698497028211,-0.0916698497028211,-0.13018891098082386,-0.0916698497028211,-0.09166984970282112,-0.09166984970282112,-0.0916698497028211,-0.13018891098082386,-0.09166984970282112,-0.0916698497028211,-0.09166984970282112,-0.13018891098082386,-0.1856953381770519,-0.0916698497028211,-0.09166984970282112,-0.09166984970282112,-0.13018891098082386,-0.09166984970282112,-0.09166984970282112,-0.09166984970282112,-0.18569533817705192,-0.09166984970282112,-0.0916698497028211,-0.0916698497028211,-0.09166984970282112,-0.09166984970282112,-0.16012815380508713,-0.0916698497028211,-0.13018891098082386,-0.13018891098082386,-0.13018891098082386,-0.09166984970282112,-0.1856953381770519,-0.13018891098082389,-0.16012815380508713,-0.0916698497028211,-0.0916698497028211,-0.13018891098082386,-0.13018891098082386,-0.09166984970282112,-0.09166984970282112,-0.0916698497028211,-0.16012815380508713,-0.09166984970282112,-0.09166984970282112,-0.09166984970282112,-0.09166984970282112,-0.09166984970282112,-0.13018891098082386,-0.0916698497028211,-0.09166984970282112,-0.09166984970282112,-0.0916698497028211,6.244997998398398,-0.13018891098082386,-0.13018891098082386,-0.0916698497028211,-0.09166984970282112,-0.09166984970282112,-0.0916698497028211,-0.0916698497028211,-0.0916698497028211,-0.09166984970282112,-0.0916698497028211,-0.0916698497028211,-0.09166984970282112,-0.1856953381770519,-0.13018891098082386,-0.13018891098082386,-0.09166984970282112,-0.0916698497028211,-0.09166984970282112,-0.0916698497028211,-0.26726124191242434,-0.16012815380508716,-0.24889134708717228,-0.09166984970282112,-0.0916698497028211,-0.16012815380508713,-0.16012815380508713,-0.39223227027636803,-0.36342189215581555,-0.13018891098082386,-0.2847473987257497,-0.09166984970282112,-0.13018891098082386,-0.0916698497028211,-0.13018891098082386,-0.16012815380508713,-0.13018891098082386,-0.22941573387056183,6.244997998398398,-0.3176750402418492,-0.09166984970282112,-0.0916698497028211,-0.0916698497028211,-0.13018891098082386,-0.30151134457776363,-0.09166984970282112,-0.09166984970282112,-0.09166984970282112,-0.09166984970282112,-0.13018891098082386,1.0871146130092182,-0.24889134708717225,-0.7204077607661872,-0.0916698497028211,-0.24889134708717228,-0.13018891098082386,-0.09166984970282112,-0.09166984970282112,-0.09166984970282112,4.358898943540674,-0.18569533817705186,-0.22941573387056183,-0.0916698497028211,-0.1856953381770519,-0.16012815380508713,-0.09166984970282112,-0.09166984970282112,-0.0916698497028211,-0.24889134708717228,-0.0916698497028211,-0.30151134457776363,-0.4062616689884986,-0.0916698497028211,-0.09166984970282112,-0.16012815380508716,-0.09166984970282112,-0.3333333333333333,-0.16012815380508716,-0.4062616689884986,-0.0916698497028211,-0.09166984970282112,-0.16012815380508716
1.3416407864998738,0.3201455990818727,-0.3477277127598756,0.8894069800262434,-0.5618506850004555,-0.4605661864718382,-0.30151134457776363,-0.0916698497028211,2.1712405933672376,-0.5388159060803247,0.04613766901828033,-0.22941573387056183,-0.18569533817705192,-0.13018891098082386,-0.18569533817705192,-0.2847473987257497,-0.0007674438878157014,-0.16012815380508713,-0.09166984970282112,-0.09166984970282112,-0.13018891098082386,-0.18569533817705192,-0.07825005579908746,-0.0916698497028211,-0.16012815380508713,-0.0916698497028211,-0.0916698497028211,-1.1812616665553535,0.09789359702136186,-0.32927336955638975,-0.09166984970282112,-0.09166984970282112,-0.09166984970282112,-0.09166984970282112,-0.13018891098082386,-0.09166984970282112,-0.13018891098082386,-0.13018891098082386,-0.0916698497028211,-0.0916698497028211,-0.13018891098082386,-0.0916698497028211,-0.09166984970282112,-0.09166984970282112,-0.0916698497028211,-0.13018891098082386,-0.09166984970282112,-0.0916698497028211,-0.09166984970282112,-0.13018891098082386,-0.1856953381770519,-0.0916698497028211,-0.09166984970282112,-0.09166984970282112,-0.13018891098082386,-0.09166984970282112,-0.09166984970282112,-0.09166984970282112,-0.18569533817705192,-0.09166984970282112,-0.0916698497028211,-0.0916698497028211,-0.09166984970282112,-0.09166984970282112,-0.16012815380508713,-0.0916698497028211,-0.13018891098082386,-0.13018891098082386,-0.13018891098082386,-0.09166984970282112,-0.1856953381770519,-0.13018891098082389,-0.16012815380508713,-0.0916698497028211,-0.0916698497028211,-0.13018891098082386,-0.13018891098082386,-0.09166984970282112,-0.09166984970282112,-0.0916698497028211,-0.16012815380508713,-0.09166984970282112,-0.09166984970282112,-0.09166984970282112,-0.09166984970282112,-0.09166984970282112,-0.13018891098082386,-0.0916698497028211,-0.09166984970282112,-0.09166984970282112,-0.0916698497028211,-0.16012815380508713,-0.13018891098082386,-0.13018891098082386,-0.0916698497028211,10.908712114635714,-0.09166984970282112,-0.0916698497028211,-0.0916698497028211,-0.0916698497028211,-0.09166984970282112,-0.0916698497028211,-0.0916698497028211,-0.09166984970282112,-0.1856953381770519,-0.13018891098082386,-0.13018891098082386,-0.09166984970282112,-0.0916698497028211,-0.09166984970282112,-0.0916698497028211,-0.26726124191242434,-0.16012815380508716,-0.24889134708717228,-0.09166984970282112,-0.0916698497028211,-0.16012815380508713,-0.16012815380508713,-0.39223227027636803,-0.36342189215581555,-0.13018891098082386,-0.2847473987257497,-0.09166984970282112,-0.13018891098082386,-0.0916698497028211,-0.13018891098082386,-0.16012815380508713,-0.13018891098082386,-0.22941573387056183,-0.16012815380508713,-0.3176750402418492,10.908712114635714,-0.0916698497028211,-0.0916698497028211,-0.13018891098082386,-0.30151134457776363,-0.09166984970282112,-0.09166984970282112,-0.09166984970282112,-0.09166984970282112,-0.13018891098082386,-0.9198662110077998,-0.24889134708717225,1.3881027585494827,-0.0916698497028211,-0.24889134708717228,-0.13018891098082386,-0.09166984970282112,-0.09166984970282112,-0.09166984970282112,-0.2294157338705618,-0.18569533817705186,-0.22941573387056183,-0.0916698497028211,-0.1856953381770519,-0.16012815380508713,-0.09166984970282112,-0.09166984970282112,-0.0916698497028211,-0.24889134708717228,-0.0916698497028211,-0.30151134457776363,-0.4062616689884986,-0.0916698497028211,10.908712114635714,-0.16012815380508716,-0.09166984970282112,-0.3333333333333333,-0.16012815380508716,-0.4062616689884986,-0.0916698497028211,-0.09166984970282112,-0.16012815380508716
1.3416407864998738,0.43871804318627,-0.3668809880427109,0.8894069800262434,0.2350187346301973,-0.4605661864718382,-0.30151134457776363,-0.0916698497028211,-0.4605661864718383,1.8559214542766738,0.07870543538412646,-0.22941573387056183,-0.18569533817705192,-0.13018891098082386,-0.18569533817705192,-0.2847473987257497,-0.0007674438878157014,-0.16012815380508713,-0.09166984970282112,-0.09166984970282112,-0.13018891098082386,-0.18569533817705192,-0.07825005579908746,-0.0916698497028211,-0.16012815380508713,-0.0916698497028211,-0.0916698497028211,-0.6703916644835014,0.4258012190826665,-0.5370011063460616,-0.09166984970282112,-0.09166984970282112,-0.09166984970282112,-0.09166984970282112,-0.13018891098082386,-0.09166984970282112,-0.13018891098082386,-0.13018891098082386,-0.0916698497028211,-0.0916698497028211,-0.13018891098082386,-0.0916698497028211,-0.09166984970282112,-0.09166984970282112,-0.0916698497028211,-0.13018891098082386,-0.09166984970282112,-0.0916698497028211,-0.09166984970282112,-0.13018891098082386,-0.1856953381770519,-0.0916698497028211,-0.09166984970282112,-0.09166984970282112,-0.13018891098082386,-0.09166984970282112,-0.09166984970282112,-0.09166984970282112,-0.18569533817705192,-0.09166984970282112,-0.0916698497028211,-0.0916698497028211,10.908712114635714,-0.09166984970282112,-0.16012815380508713,-0.0916698497028211,-0.13018891098082386,-0.13018891098082386,-0.13018891098082386,-0.09166984970282112,-0.1856953381770519,-0.13018891098082389,-0.16012815380508713,-0.0916698497028211,-0.0916698497028211,-0.13018891098082386,-0.13018891098082386,-0.09166984970282112,-0.09166984970282112,-0.0916698497028211,-0.16012815380508713,-0.09166984970282112,-0.09166984970282112,-0.09166984970282112,-0.09166984970282112,-0.09166984970282112,-0.13018891098082386,-0.0916698497028211,-0.09166984970282112,-0.09166984970282112,-0.0916698497028211,-0.16012815380508713,-0.13018891098082386,-0.13018891098082386,-0.0916698497028211,-0.09166984970282112,-0.09166984970282112,-0.0916698497028211,-0.0916698497028211,-0.0916698497028211,-0.09166984970282112,-0.0916698497028211,-0.0916698497028211,-0.09166984970282112,-0.1856953381770519,-0.13018891098082386,-0.13018891098082386,-0.09166984970282112,-0.0916698497028211,-0.09166984970282112,-0.0916698497028211,-0.26726124191242434,-0.16012815380508716,-0.24889134708717228,-0.09166984970282112,-0.0916698497028211,-0.16012815380508713,-0.16012815380508713,-0.39223227027636803,-0.36342189215581555,-0.13018891098082386,-0.2847473987257497,-0.09166984970282112,-0.13018891098082386,-0.0916698497028211,-0.13018891098082386,-0.16012815380508713,-0.13018891098082386,-0.22941573387056183,-0.16012815380508713,3.147870853305597,-0.09166984970282112,-0.0916698497028211,-0.0916698497028211,-0.13018891098082386,-0.30151134457776363,-0.09166984970282112,-0.09166984970282112,-0.09166984970282112,-0.09166984970282112,-0.13018891098082386,-0.9198662110077998,-0.24889134708717225,1.3881027585494827,-0.0916698497028211,-0.24889134708717228,-0.13018891098082386,-0.09166984970282112,-0.09166984970282112,-0.09166984970282112,-0.2294157338705618,-0.18569533817705186,-0.22941573387056183,-0.0916698497028211,-0.1856953381770519,-0.16012815380508713,-0.09166984970282112,-0.09166984970282112,-0.0916698497028211,-0.24889134708717228,-0.0916698497028211,-0.30151134457776363,-0.4062616689884986,-0.0916698497028211,-0.09166984970282112,-0.16012815380508716,-0.09166984970282112,2.9999999999999996,-0.16012815380508716,-0.4062616689884986,-0.0916698497028211,-0.09166984970282112,-0.16012815380508716
1.3416407864998738,0.5572904872906673,-0.3783729532124121,-1.1243446728633644,-0.631143678011815,-0.4605661864718382,-0.30151134457776363,-0.0916698497028211,-0.4605661864718383,-0.5388159060803247,-0.08413339644509552,-0.22941573387056183,-0.18569533817705192,-0.13018891098082386,-0.18569533817705192,-0.2847473987257497,-0.0007674438878157014,-0.16012815380508713,-0.09166984970282112,-0.09166984970282112,-0.13018891098082386,-0.18569533817705192,-0.07825005579908746,-0.0916698497028211,-0.16012815380508713,-0.0916698497028211,-0.0916698497028211,-0.18957283900411062,0.058081413327384604,-0.4495413862101714,-0.09166984970282112,-0.09166984970282112,-0.09166984970282112,-0.09166984970282112,-0.13018891098082386,-0.09166984970282112,-0.13018891098082386,-0.13018891098082386,-0.0916698497028211,-0.0916698497028211,-0.13018891098082386,-0.0916698497028211,-0.09166984970282112,-0.09166984970282112,-0.0916698497028211,-0.13018891098082386,-0.09166984970282112,-0.0916698497028211,-0.09166984970282112,-0.13018891098082386,-0.1856953381770519,-0.0916698497028211,-0.09166984970282112,-0.09166984970282112,-0.13018891098082386,-0.09166984970282112,-0.09166984970282112,-0.09166984970282112,-0.18569533817705192,-0.09166984970282112,-0.0916698497028211,-0.0916698497028211,-0.09166984970282112,-0.09166984970282112,-0.16012815380508713,-0.0916698497028211,-0.13018891098082386,-0.13018891098082386,-0.13018891098082386,-0.09166984970282112,-0.1856953381770519,-0.13018891098082389,6.244997998398398,-0.0916698497028211,-0.0916698497028211,-0.13018891098082386,-0.13018891098082386,-0.09166984970282112,-0.09166984970282112,-0.0916698497028211,-0.16012815380508713,-0.09166984970282112,-0.09166984970282112,-0.09166984970282112,-0.09166984970282112,-0.09166984970282112,-0.13018891098082386,-0.0916698497028211,-0.09166984970282112,-0.09166984970282112,-0.0916698497028211,-0.16012815380508713,-0.13018891098082386,-0.13018891098082386,-0.0916698497028211,-0.09166984970282112,-0.09166984970282112,-0.0916698497028211,-0.0916698497028211,-0.0916698497028211,-0.09166984970282112,-0.0916698497028211,-0.0916698497028211,-0.09166984970282112,-0.1856953381770519,-0.13018891098082386,-0.13018891098082386,-0.09166984970282112,-0.0916698497028211,-0.09166984970282112,-0.0916698497028211,3.741657386773941,-0.16012815380508716,-0.24889134708717228,-0.09166984970282112,-0.0916698497028211,-0.16012815380508713,-0.16012815380508713,-0.39223227027636803,-0.36342189215581555,-0.13018891098082386,-0.2847473987257497,-0.09166984970282112,-0.13018891098082386,-0.0916698497028211,-0.13018891098082386,-0.16012815380508713,-0.13018891098082386,-0.22941573387056183,-0.16012815380508713,-0.3176750402418492,-0.09166984970282112,-0.0916698497028211,-0.0916698497028211,-0.13018891098082386,-0.30151134457776363,-0.09166984970282112,-0.09166984970282112,-0.09166984970282112,-0.09166984970282112,-0.13018891098082386,1.0871146130092182,-0.24889134708717225,-0.7204077607661872,-0.0916698497028211,-0.24889134708717228,-0.13018891098082386,-0.09166984970282112,-0.09166984970282112,-0.09166984970282112,-0.2294157338705618,-0.18569533817705186,-0.22941573387056183,-0.0916698497028211,-0.1856953381770519,-0.16012815380508713,-0.09166984970282112,-0.09166984970282112,-0.0916698497028211,4.0178174601214955,-0.0916698497028211,-0.30151134457776363,-0.4062616689884986,-0.0916698497028211,-0.09166984970282112,-0.16012815380508716,-0.09166984970282112,-0.3333333333333333,-0.16012815380508716,-0.4062616689884986,-0.0916698497028211,-0.09166984970282112,-0.16012815380508716
1.3416407864998738,0.6758629313950646,-0.4243408138912169,-1.1243446728633644,-0.4232646989777334,-0.4605661864718382,-0.30151134457776363,-0.0916698497028211,-0.4605661864718383,-0.5388159060803247,0.33924756631087816,4.358898943540674,-0.18569533817705192,-0.13018891098082386,-0.18569533817705192,-0.2847473987257497,-0.0007674438878157014,-0.16012815380508713,-0.09166984970282112,-0.09166984970282112,-0.13018891098082386,-0.18569533817705192,-0.07825005579908746,-0.0916698497028211,-0.16012815380508713,-0.0916698497028211,-0.0916698497028211,0.38139951625266666,-0.12650234743560157,-0.5289346527849231,-0.09166984970282112,-0.09166984970282112,-0.09166984970282112,-0.09166984970282112,-0.13018891098082386,-0.09166984970282112,-0.13018891098082386,-0.13018891098082386,-0.0916698497028211,-0.0916698497028211,-0.13018891098082386,-0.0916698497028211,-0.09166984970282112,-0.09166984970282112,-0.0916698497028211,-0.13018891098082386,-0.09166984970282112,-0.0916698497028211,-0.09166984970282112,-0.13018891098082386,-0.1856953381770519,-0.0916698497028211,-0.09166984970282112,-0.09166984970282112,-0.13018891098082386,-0.09166984970282112,-0.09166984970282112,-0.09166984970282112,-0.18569533817705192,-0.09166984970282112,-0.0916698497028211,-0.0916698497028211,-0.09166984970282112,-0.09166984970282112,-0.16012815380508713,-0.0916698497028211,-0.13018891098082386,-0.13018891098082386,-0.13018891098082386,-0.09166984970282112,-0.1856953381770519,-0.13018891098082389,-0.16012815380508713,-0.0916698497028211,-0.0916698497028211,-0.13018891098082386,-0.13018891098082386,-0.09166984970282112,-0.09166984970282112,-0.0916698497028211,-0.16012815380508713,-0.09166984970282112,-0.09166984970282112,-0.09166984970282112,-0.09166984970282112,-0.09166984970282112,-0.13018891098082386,-0.0916698497028211,-0.09166984970282112,-0.09166984970282112,-0.0916698497028211,-0.16012815380508713,-0.13018891098082386,-0.13018891098082386,-0.0916698497028211,-0.09166984970282112,10.908712114635714,-0.0916698497028211,-0.0916698497028211,-0.0916698497028211,-0.09166984970282112,-0.0916698497028211,-0.0916698497028211,-0.09166984970282112,-0.1856953381770519,-0.13018891098082386,-0.13018891098082386,-0.09166984970282112,-0.0916698497028211,-0.09166984970282112,-0.0916698497028211,-0.26726124191242434,-0.16012815380508716,-0.24889134708717228,-0.09166984970282112,-0.0916698497028211,-0.16012815380508713,-0.16012815380508713,-0.39223227027636803,-0.36342189215581555,-0.13018891098082386,-0.2847473987257497,10.908712114635714,-0.13018891098082386,-0.0916698497028211,-0.13018891098082386,-0.16012815380508713,-0.13018891098082386,-0.22941573387056183,-0.16012815380508713,-0.3176750402418492,-0.09166984970282112,-0.0916698497028211,-0.0916698497028211,-0.13018891098082386,-0.30151134457776363,-0.09166984970282112,-0.09166984970282112,-0.09166984970282112,-0.09166984970282112,-0.13018891098082386,1.0871146130092182,-0.24889134708717225,-0.7204077607661872,-0.0916698497028211,-0.24889134708717228,-0.13018891098082386,-0.09166984970282112,-0.09166984970282112,-0.09166984970282112,-0.2294157338705618,-0.18569533817705186,-0.22941573387056183,-0.0916698497028211,5.385164807134505,-0.16012815380508713,-0.09166984970282112,-0.09166984970282112,-0.0916698497028211,-0.24889134708717228,-0.0916698497028211,-0.30151134457776363,-0.4062616689884986,-0.0916698497028211,-0.09166984970282112,-0.16012815380508716,-0.09166984970282112,-0.3333333333333333,-0.16012815380508716,-0.4062616689884986,-0.0916698497028211,-0.09166984970282112,-0.16012815380508716
1.3416407864998738,0.794435375499462,-0.4396634341174852,0.8894069800262434,-0.4925576919890929,-0.4605661864718382,-0.30151134457776363,-0.0916698497028211,-0.4605661864718383,-0.5388159060803247,0.6649252299693164,-0.22941573387056183,-0.18569533817705192,-0.13018891098082386,-0.18569533817705192,-0.2847473987257497,-0.0007674438878157014,-0.16012815380508713,-0.09166984970282112,-0.09166984970282112,-0.13018891098082386,-0.18569533817705192,-0.07825005579908746,-0.0916698497028211,-0.16012815380508713,-0.0916698497028211,-0.0916698497028211,-1.3315175495176625,-0.5617822224897543,-0.4597507205872852,-0.09166984970282112,10.908712114635714,-0.09166984970282112,-0.09166984970282112,-0.13018891098082386,-0.09166984970282112,-0.13018891098082386,-0.13018891098082386,-0.0916698497028211,-0.0916698497028211,-0.13018891098082386,-0.0916698497028211,-0.09166984970282112,-0.09166984970282112,-0.0916698497028211,-0.13018891098082386,-0.09166984970282112,-0.0916698497028211,-0.09166984970282112,-0.13018891098082386,-0.1856953381770519,-0.0916698497028211,-0.09166984970282112,-0.09166984970282112,-0.13018891098082386,-0.09166984970282112,-0.09166984970282112,-0.09166984970282112,-0.18569533817705192,-0.09166984970282112,-0.0916698497028211,-0.0916698497028211,-0.09166984970282112,-0.09166984970282112,-0.16012815380508713,-0.0916698497028211,-0.13018891098082386,-0.13018891098082386,-0.13018891098082386,-0.09166984970282112,-0.1856953381770519,-0.13018891098082389,-0.16012815380508713,-0.0916698497028211,-0.0916698497028211,-0.13018891098082386,-0.13018891098082386,-0.09166984970282112,-0.09166984970282112,-0.0916698497028211,-0.16012815380508713,-0.09166984970282112,-0.09166984970282112,-0.09166984970282112,-0.09166984970282112,-0.09166984970282112,-0.13018891098082386,-0.0916698497028211,-0.09166984970282112,-0.09166984970282112,-0.0916698497028211,-0.16012815380508713,-0.13018891098082386,-0.13018891098082386,-0.0916698497028211,-0.09166984970282112,-0.09166984970282112,-0.0916698497028211,-0.0916698497028211,-0.0916698497028211,-0.09166984970282112,-0.0916698497028211,-0.0916698497028211,-0.09166984970282112,-0.1856953381770519,-0.13018891098082386,-0.13018891098082386,-0.09166984970282112,-0.0916698497028211,-0.09166984970282112,-0.0916698497028211,3.741657386773941,-0.16012815380508716,-0.24889134708717228,-0.09166984970282112,-0.0916698497028211,-0.16012815380508713,-0.16012815380508713,-0.39223227027636803,-0.36342189215581555,-0.13018891098082386,-0.2847473987257497,-0.09166984970282112,-0.13018891098082386,-0.0916698497028211,-0.13018891098082386,-0.16012815380508713,-0.13018891098082386,-0.22941573387056183,-0.16012815380508713,-0.3176750402418492,-0.09166984970282112,-0.0916698497028211,-0.0916698497028211,-0.13018891098082386,-0.30151134457776363,-0.09166984970282112,-0.09166984970282112,-0.09166984970282112,-0.09166984970282112,-0.13018891098082386,-0.9198662110077998,-0.24889134708717225,1.3881027585494827,-0.0916698497028211,-0.24889134708717228,-0.13018891098082386,-0.09166984970282112,-0.09166984970282112,-0.09166984970282112,-0.2294157338705618,-0.18569533817705186,-0.22941573387056183,-0.0916698497028211,-0.1856953381770519,-0.16012815380508713,-0.09166984970282112,-0.09166984970282112,-0.0916698497028211,-0.24889134708717228,-0.0916698497028211,3.3166247903554,-0.4062616689884986,-0.0916698497028211,-0.09166984970282112,-0.16012815380508716,-0.09166984970282112,-0.3333333333333333,-0.16012815380508716,-0.4062616689884986,-0.0916698497028211,-0.09166984970282112,-0.16012815380508716
1.3416407864998738,0.9130078196038592,-0.4396634341174852,-1.1243446728633644,0.2350187346301973,-0.4605661864718382,-0.30151134457776363,-0.0916698497028211,-0.4605661864718383,-0.5388159060803247,0.1112732017499697,-0.22941573387056183,-0.18569533817705192,-0.13018891098082386,-0.18569533817705192,-0.2847473987257497,-0.0007674438878157014,-0.16012815380508713,-0.09166984970282112,-0.09166984970282112,-0.13018891098082386,-0.18569533817705192,-0.07825005579908746,-0.0916698497028211,-0.16012815380508713,-0.0916698497028211,-0.0916698497028211,1.1927812842491365,5.262137037034684,0.07660094692880559,-0.09166984970282112,-0.09166984970282112,-0.09166984970282112,-0.09166984970282112,-0.13018891098082386,-0.09166984970282112,-0.13018891098082386,-0.13018891098082386,-0.0916698497028211,-0.0916698497028211,-0.13018891098082386,-0.0916698497028211,-0.09166984970282112,-0.09166984970282112,-0.0916698497028211,-0.13018891098082386,-0.09166984970282112,-0.0916698497028211,-0.09166984970282112,-0.13018891098082386,-0.1856953381770519,-0.0916698497028211,-0.09166984970282112,-0.09166984970282112,-0.13018891098082386,-0.09166984970282112,-0.09166984970282112,-0.09166984970282112,-0.18569533817705192,-0.09166984970282112,-0.0916698497028211,-0.0916698497028211,-0.09166984970282112,-0.09166984970282112,6.244997998398398,-0.0916698497028211,-0.13018891098082386,-0.13018891098082386,-0.13018891098082386,-0.09166984970282112,-0.1856953381770519,-0.13018891098082389,-0.16012815380508713,-0.0916698497028211,-0.0916698497028211,-0.13018891098082386,-0.13018891098082386,-0.09166984970282112,-0.09166984970282112,-0.0916698497028211,-0.16012815380508713,-0.09166984970282112,-0.09166984970282112,-0.09166984970282112,-0.09166984970282112,-0.09166984970282112,-0.13018891098082386,-0.0916698497028211,-0.09166984970282112,-0.09166984970282112,-0.0916698497028211,-0.16012815380508713,-0.13018891098082386,-0.13018891098082386,-0.0916698497028211,-0.09166984970282112,-0.09166984970282112,-0.0916698497028211,-0.0916698497028211,-0.0916698497028211,-0.09166984970282112,-0.0916698497028211,-0.0916698497028211,-0.09166984970282112,-0.1856953381770519,-0.13018891098082386,-0.13018891098082386,-0.09166984970282112,-0.0916698497028211,-0.09166984970282112,-0.0916698497028211,-0.26726124191242434,-0.16012815380508716,-0.24889134708717228,-0.09166984970282112,-0.0916698497028211,-0.16012815380508713,-0.16012815380508713,2.5495097567963922,-0.36342189215581555,-0.13018891098082386,-0.2847473987257497,-0.09166984970282112,-0.13018891098082386,-0.0916698497028211,-0.13018891098082386,-0.16012815380508713,-0.13018891098082386,-0.22941573387056183,-0.16012815380508713,-0.3176750402418492,-0.09166984970282112,-0.0916698497028211,-0.0916698497028211,-0.13018891098082386,-0.30151134457776363,-0.09166984970282112,-0.09166984970282112,-0.09166984970282112,-0.09166984970282112,-0.13018891098082386,-0.9198662110077998,-0.24889134708717225,1.3881027585494827,-0.0916698497028211,-0.24889134708717228,-0.13018891098082386,-0.09166984970282112,-0.09166984970282112,-0.09166984970282112,-0.2294157338705618,-0.18569533817705186,-0.22941573387056183,-0.0916698497028211,-0.1856953381770519,-0.16012815380508713,-0.09166984970282112,-0.09166984970282112,-0.0916698497028211,-0.24889134708717228,-0.0916698497028211,-0.30151134457776363,-0.4062616689884986,-0.0916698497028211,-0.09166984970282112,-0.16012815380508716,-0.09166984970282112,-0.3333333333333333,-0.16012815380508716,2.4614677591656093,-0.0916698497028211,-0.09166984970282112,-0.16012815380508716
1.3416407864998738,1.0315802637082565,-0.44349408917405225,0.8894069800262434,-0.38861820247205364,-0.4605661864718382,-0.30151134457776363,-0.0916698497028211,-0.4605661864718383,1.8559214542766738,-0.5400821255669095,-0.22941573387056183,-0.18569533817705192,-0.13018891098082386,-0.18569533817705192,-0.2847473987257497,-0.0007674438878157014,-0.16012815380508713,-0.09166984970282112,-0.09166984970282112,-0.13018891098082386,-0.18569533817705192,-0.07825005579908746,-0.0916698497028211,-0.16012815380508713,-0.0916698497028211,-0.0916698497028211,0.08088775032804604,-0.271193495850683,-0.550154405567206,-0.09166984970282112,-0.09166984970282112,-0.09166984970282112,-0.09166984970282112,-0.13018891098082386,-0.09166984970282112,-0.13018891098082386,-0.13018891098082386,-0.0916698497028211,-0.0916698497028211,-0.13018891098082386,-0.0916698497028211,-0.09166984970282112,-0.09166984970282112,-0.0916698497028211,-0.13018891098082386,-0.09166984970282112,-0.0916698497028211,-0.09166984970282112,-0.13018891098082386,-0.1856953381770519,-0.0916698497028211,10.908712114635714,-0.09166984970282112,-0.13018891098082386,-0.09166984970282112,-0.09166984970282112,-0.09166984970282112,-0.18569533817705192,-0.09166984970282112,-0.0916698497028211,-0.0916698497028211,-0.09166984970282112,-0.09166984970282112,-0.16012815380508713,-0.0916698497028211,-0.13018891098082386,-0.13018891098082386,-0.13018891098082386,-0.09166984970282112,-0.1856953381770519,-0.13018891098082389,-0.16012815380508713,-0.0916698497028211,-0.0916698497028211,-0.13018891098082386,-0.13018891098082386,-0.09166984970282112,-0.09166984970282112,-0.0916698497028211,-0.16012815380508713,-0.09166984970282112,-0.09166984970282112,-0.09166984970282112,-0.09166984970282112,-0.09166984970282112,-0.13018891098082386,-0.0916698497028211,-0.09166984970282112,-0.09166984970282112,-0.0916698497028211,-0.16012815380508713,-0.13018891098082386,-0.13018891098082386,-0.0916698497028211,-0.09166984970282112,-0.09166984970282112,-0.0916698497028211,-0.0916698497028211,-0.0916698497028211,-0.09166984970282112,-0.0916698497028211,-0.0916698497028211,-0.09166984970282112,-0.1856953381770519,-0.13018891098082386,-0.13018891098082386,-0.09166984970282112,-0.0916698497028211,-0.09166984970282112,-0.0916698497028211,-0.26726124191242434,-0.16012815380508716,-0.24889134708717228,-0.09166984970282112,-0.0916698497028211,-0.16012815380508713,-0.16012815380508713,-0.39223227027636803,-0.36342189215581555,-0.13018891098082386,-0.2847473987257497,-0.09166984970282112,-0.13018891098082386,-0.0916698497028211,-0.13018891098082386,-0.16012815380508713,-0.13018891098082386,-0.22941573387056183,-0.16012815380508713,-0.3176750402418492,-0.09166984970282112,-0.0916698497028211,-0.0916698497028211,-0.13018891098082386,3.3166247903554,-0.09166984970282112,-0.09166984970282112,-0.09166984970282112,-0.09166984970282112,-0.13018891098082386,-0.9198662110077998,-0.24889134708717225,1.3881027585494827,-0.0916698497028211,-0.24889134708717228,-0.13018891098082386,-0.09166984970282112,-0.09166984970282112,-0.09166984970282112,-0.2294157338705618,-0.18569533817705186,-0.22941573387056183,-0.0916698497028211,-0.1856953381770519,-0.16012815380508713,-0.09166984970282112,-0.09166984970282112,-0.0916698497028211,-0.24889134708717228,-0.0916698497028211,-0.30151134457776363,-0.4062616689884986,-0.0916698497028211,-0.09166984970282112,-0.16012815380508716,-0.09166984970282112,2.9999999999999996,-0.16012815380508716,-0.4062616689884986,-0.0916698497028211,-0.09166984970282112,-0.16012815380508716
1.3416407864998738,1.1501527078126539,-0.44349408917405225,-1.1243446728633644,-1.2201341186083832,-0.4605661864718382,-0.30151134457776363,-0.0916698497028211,-0.4605661864718383,-0.5388159060803247,-0.5075143592010662,-0.22941573387056183,-0.18569533817705192,-0.13018891098082386,-0.18569533817705192,-0.2847473987257497,-0.0007674438878157014,-0.16012815380508713,-0.09166984970282112,-0.09166984970282112,-0.13018891098082386,-0.18569533817705192,-0.07825005579908746,-0.0916698497028211,-0.16012815380508713,-0.0916698497028211,-0.0916698497028211,-0.27972636878149704,-0.5342756228466427,-0.570243186452512,-0.09166984970282112,-0.09166984970282112,-0.09166984970282112,-0.09166984970282112,-0.13018891098082386,-0.09166984970282112,-0.13018891098082386,-0.13018891098082386,-0.0916698497028211,-0.0916698497028211,-0.13018891098082386,-0.0916698497028211,-0.09166984970282112,-0.09166984970282112,-0.0916698497028211,-0.13018891098082386,10.908712114635714,-0.0916698497028211,-0.09166984970282112,-0.13018891098082386,-0.1856953381770519,-0.0916698497028211,-0.09166984970282112,-0.09166984970282112,-0.13018891098082386,-0.09166984970282112,-0.09166984970282112,-0.09166984970282112,-0.18569533817705192,-0.09166984970282112,-0.0916698497028211,-0.0916698497028211,-0.09166984970282112,-0.09166984970282112,-0.16012815380508713,-0.0916698497028211,-0.13018891098082386,-0.13018891098082386,-0.13018891098082386,-0.09166984970282112,-0.1856953381770519,-0.13018891098082389,-0.16012815380508713,-0.0916698497028211,-0.0916698497028211,-0.13018891098082386,-0.13018891098082386,-0.09166984970282112,-0.09166984970282112,-0.0916698497028211,-0.16012815380508713,-0.09166984970282112,-0.09166984970282112,-0.09166984970282112,-0.09166984970282112,-0.09166984970282112,-0.13018891098082386,-0.0916698497028211,-0.09166984970282112,-0.09166984970282112,-0.0916698497028211,-0.16012815380508713,-0.13018891098082386,-0.13018891098082386,-0.0916698497028211,-0.09166984970282112,-0.09166984970282112,-0.0916698497028211,-0.0916698497028211,-0.0916698497028211,-0.09166984970282112,-0.0916698497028211,-0.0916698497028211,-0.09166984970282112,-0.1856953381770519,-0.13018891098082386,-0.13018891098082386,-0.09166984970282112,-0.0916698497028211,-0.09166984970282112,-0.0916698497028211,-0.26726124191242434,-0.16012815380508716,-0.24889134708717228,-0.09166984970282112,-0.0916698497028211,-0.16012815380508713,-0.16012815380508713,-0.39223227027636803,-0.36342189215581555,-0.13018891098082386,-0.2847473987257497,-0.09166984970282112,-0.13018891098082386,-0.0916698497028211,-0.13018891098082386,6.244997998398398,-0.13018891098082386,-0.22941573387056183,-0.16012815380508713,-0.3176750402418492,-0.09166984970282112,-0.0916698497028211,-0.0916698497028211,-0.13018891098082386,-0.30151134457776363,-0.09166984970282112,-0.09166984970282112,-0.09166984970282112,-0.09166984970282112,-0.13018891098082386,-0.9198662110077998,-0.24889134708717225,-0.7204077607661872,-0.0916698497028211,-0.24889134708717228,-0.13018891098082386,-0.09166984970282112,-0.09166984970282112,-0.09166984970282112,-0.2294157338705618,-0.18569533817705186,-0.22941573387056183,-0.0916698497028211,-0.1856953381770519,-0.16012815380508713,-0.09166984970282112,-0.09166984970282112,-0.0916698497028211,4.0178174601214955,-0.0916698497028211,-0.30151134457776363,-0.4062616689884986,-0.0916698497028211,-0.09166984970282112,-0.16012815380508716,-0.09166984970282112,-0.3333333333333333,-0.16012815380508716,-0.4062616689884986,-0.0916698497028211,-0.09166984970282112,-0.16012815380508716
1.3416407864998738,1.2687251519170513,-0.4511553992871864,-1.1243446728633644,-0.38861820247205364,-0.4605661864718382,-0.30151134457776363,-0.0916698497028211,-0.4605661864718383,-0.5388159060803247,0.24154426721334554,-0.22941573387056183,-0.18569533817705192,-0.13018891098082386,-0.18569533817705192,-0.2847473987257497,-0.0007674438878157014,-0.16012815380508713,-0.09166984970282112,-0.09166984970282112,-0.13018891098082386,-0.18569533817705192,-0.07825005579908746,-0.0916698497028211,-0.16012815380508713,-0.0916698497028211,-0.0916698497028211,0.231143633290355,-0.18505440749462282,0.16846877791393208,-0.09166984970282112,-0.09166984970282112,-0.09166984970282112,-0.09166984970282112,-0.13018891098082386,-0.09166984970282112,-0.13018891098082386,-0.13018891098082386,-0.0916698497028211,-0.0916698497028211,-0.13018891098082386,-0.0916698497028211,-0.09166984970282112,-0.09166984970282112,-0.0916698497028211,-0.13018891098082386,-0.09166984970282112,-0.0916698497028211,-0.09166984970282112,-0.13018891098082386,5.385164807134505,-0.0916698497028211,-0.09166984970282112,-0.09166984970282112,-0.13018891098082386,-0.09166984970282112,-0.09166984970282112,-0.09166984970282112,-0.18569533817705192,-0.09166984970282112,-0.0916698497028211,-0.0916698497028211,-0.09166984970282112,-0.09166984970282112,-0.16012815380508713,-0.0916698497028211,-0.13018891098082386,-0.13018891098082386,-0.13018891098082386,-0.09166984970282112,-0.1856953381770519,-0.13018891098082389,-0.16012815380508713,-0.0916698497028211,-0.0916698497028211,-0.13018891098082386,-0.13018891098082386,-0.09166984970282112,-0.09166984970282112,-0.0916698497028211,-0.16012815380508713,-0.09166984970282112,-0.09166984970282112,-0.09166984970282112,-0.09166984970282112,-0.09166984970282112,-0.13018891098082386,-0.0916698497028211,-0.09166984970282112,-0.09166984970282112,-0.0916698497028211,-0.16012815380508713,-0.13018891098082386,-0.13018891098082386,-0.0916698497028211,-0.09166984970282112,-0.09166984970282112,-0.0916698497028211,-0.0916698497028211,-0.0916698497028211,-0.09166984970282112,-0.0916698497028211,-0.0916698497028211,-0.09166984970282112,-0.1856953381770519,-0.13018891098082386,-0.13018891098082386,-0.09166984970282112,-0.0916698497028211,-0.09166984970282112,-0.0916698497028211,-0.26726124191242434,-0.16012815380508716,-0.24889134708717228,-0.09166984970282112,-0.0916698497028211,-0.16012815380508713,-0.16012815380508713,-0.39223227027636803,-0.36342189215581555,-0.13018891098082386,-0.2847473987257497,-0.09166984970282112,-0.13018891098082386,-0.0916698497028211,-0.13018891098082386,-0.16012815380508713,-0.13018891098082386,4.358898943540674,-0.16012815380508713,-0.3176750402418492,-0.09166984970282112,-0.0916698497028211,-0.0916698497028211,-0.13018891098082386,-0.30151134457776363,-0.09166984970282112,-0.09166984970282112,-0.09166984970282112,-0.09166984970282112,-0.13018891098082386,1.0871146130092182,-0.24889134708717225,-0.7204077607661872,-0.0916698497028211,-0.24889134708717228,-0.13018891098082386,-0.09166984970282112,-0.09166984970282112,-0.09166984970282112,-0.2294157338705618,-0.18569533817705186,-0.22941573387056183,-0.0916698497028211,-0.1856953381770519,-0.16012815380508713,-0.09166984970282112,-0.09166984970282112,-0.0916698497028211,-0.24889134708717228,-0.0916698497028211,-0.30151134457776363,2.4614677591656093,-0.0916698497028211,-0.09166984970282112,-0.16012815380508716,-0.09166984970282112,-0.3333333333333333,-0.16012815380508716,-0.4062616689884986,-0.0916698497028211,-0.09166984970282112,-0.16012815380508716
1.3416407864998738,1.3872975960214486,-0.47030867457002173,-1.1243446728633644,-0.07679973392092664,-0.4605661864718382,-0.30151134457776363,-0.0916698497028211,-0.4605661864718383,-0.5388159060803247,-0.018997863713406143,-0.22941573387056183,-0.18569533817705192,-0.13018891098082386,-0.18569533817705192,-0.2847473987257497,-0.0007674438878157014,-0.16012815380508713,-0.09166984970282112,-0.09166984970282112,-0.13018891098082386,-0.18569533817705192,-0.07825005579908746,-0.0916698497028211,-0.16012815380508713,-0.0916698497028211,-0.0916698497028211,0.6218089289923594,-0.17122067901913982,-0.31327671497154475,-0.09166984970282112,-0.09166984970282112,-0.09166984970282112,-0.09166984970282112,-0.13018891098082386,-0.09166984970282112,-0.13018891098082386,-0.13018891098082386,-0.0916698497028211,-0.0916698497028211,-0.13018891098082386,-0.0916698497028211,-0.09166984970282112,-0.09166984970282112,-0.0916698497028211,7.681145747868607,-0.09166984970282112,-0.0916698497028211,-0.09166984970282112,-0.13018891098082386,-0.1856953381770519,-0.0916698497028211,-0.09166984970282112,-0.09166984970282112,-0.13018891098082386,-0.09166984970282112,-0.09166984970282112,-0.09166984970282112,-0.18569533817705192,-0.09166984970282112,-0.0916698497028211,-0.0916698497028211,-0.09166984970282112,-0.09166984970282112,-0.16012815380508713,-0.0916698497028211,-0.13018891098082386,-0.13018891098082386,-0.13018891098082386,-0.09166984970282112,-0.1856953381770519,-0.13018891098082389,-0.16012815380508713,-0.0916698497028211,-0.0916698497028211,-0.13018891098082386,-0.13018891098082386,-0.09166984970282112,-0.09166984970282112,-0.0916698497028211,-0.16012815380508713,-0.09166984970282112,-0.09166984970282112,-0.09166984970282112,-0.09166984970282112,-0.09166984970282112,-0.13018891098082386,-0.0916698497028211,-0.09166984970282112,-0.09166984970282112,-0.0916698497028211,-0.16012815380508713,-0.13018891098082386,-0.13018891098082386,-0.0916698497028211,-0.09166984970282112,-0.09166984970282112,-0.0916698497028211,-0.0916698497028211,-0.0916698497028211,-0.09166984970282112,-0.0916698497028211,-0.0916698497028211,-0.09166984970282112,-0.1856953381770519,-0.13018891098082386,-0.13018891098082386,-0.09166984970282112,-0.0916698497028211,-0.09166984970282112,-0.0916698497028211,-0.26726124191242434,-0.16012815380508716,-0.24889134708717228,-0.09166984970282112,-0.0916698497028211,-0.16012815380508713,-0.16012815380508713,2.5495097567963922,-0.36342189215581555,-0.13018891098082386,-0.2847473987257497,-0.09166984970282112,-0.13018891098082386,-0.0916698497028211,-0.13018891098082386,-0.16012815380508713,-0.13018891098082386,-0.22941573387056183,-0.16012815380508713,-0.3176750402418492,-0.09166984970282112,-0.0916698497028211,-0.0916698497028211,-0.13018891098082386,-0.30151134457776363,-0.09166984970282112,-0.09166984970282112,-0.09166984970282112,-0.09166984970282112,-0.13018891098082386,-0.9198662110077998,-0.24889134708717225,1.3881027585494827,-0.0916698497028211,4.0178174601214955,-0.13018891098082386,-0.09166984970282112,-0.09166984970282112,-0.09166984970282112,-0.2294157338705618,-0.18569533817705186,-0.22941573387056183,-0.0916698497028211,-0.1856953381770519,-0.16012815380508713,-0.09166984970282112,-0.09166984970282112,-0.0916698497028211,-0.24889134708717228,-0.0916698497028211,-0.30151134457776363,-0.4062616689884986,-0.0916698497028211,-0.09166984970282112,-0.16012815380508716,-0.09166984970282112,-0.3333333333333333,-0.16012815380508716,-0.4062616689884986,-0.0916698497028211,-0.09166984970282112,-0.16012815380508716
1.3416407864998738,1.5058700401258458,-0.4932926049094241,0.8894069800262434,-0.35397170596637084,-0.4605661864718382,-0.30151134457776363,-0.0916698497028211,-0.4605661864718383,-0.5388159060803247,-0.08413339644509552,-0.22941573387056183,-0.18569533817705192,-0.13018891098082386,-0.18569533817705192,-0.2847473987257497,-0.0007674438878157014,-0.16012815380508713,-0.09166984970282112,-0.09166984970282112,-0.13018891098082386,-0.18569533817705192,-0.07825005579908746,-0.0916698497028211,-0.16012815380508713,-0.0916698497028211,-0.0916698497028211,0.3212971630677415,-0.6366612992960027,-0.28598576146291077,-0.09166984970282112,-0.09166984970282112,-0.09166984970282112,-0.09166984970282112,-0.13018891098082386,-0.09166984970282112,-0.13018891098082386,-0.13018891098082386,-0.0916698497028211,-0.0916698497028211,-0.13018891098082386,-0.0916698497028211,-0.09166984970282112,-0.09166984970282112,-0.0916698497028211,-0.13018891098082386,-0.09166984970282112,-0.0916698497028211,-0.09166984970282112,-0.13018891098082386,-0.1856953381770519,-0.0916698497028211,-0.09166984970282112,-0.09166984970282112,-0.13018891098082386,-0.09166984970282112,-0.09166984970282112,-0.09166984970282112,-0.18569533817705192,-0.09166984970282112,-0.0916698497028211,-0.0916698497028211,-0.09166984970282112,-0.09166984970282112,-0.16012815380508713,-0.0916698497028211,-0.13018891098082386,-0.13018891098082386,-0.13018891098082386,-0.09166984970282112,-0.1856953381770519,-0.13018891098082389,-0.16012815380508713,-0.0916698497028211,-0.0916698497028211,-0.13018891098082386,-0.13018891098082386,-0.09166984970282112,-0.09166984970282112,-0.0916698497028211,-0.16012815380508713,-0.09166984970282112,-0.09166984970282112,-0.09166984970282112,-0.09166984970282112,-0.09166984970282112,-0.13018891098082386,-0.0916698497028211,-0.09166984970282112,-0.09166984970282112,-0.0916698497028211,-0.16012815380508713,-0.13018891098082386,-0.13018891098082386,-0.0916698497028211,-0.09166984970282112,-0.09166984970282112,-0.0916698497028211,-0.0916698497028211,-0.0916698497028211,-0.09166984970282112,-0.0916698497028211,-0.0916698497028211,-0.09166984970282112,-0.1856953381770519,7.681145747868607,-0.13018891098082386,-0.09166984970282112,-0.0916698497028211,-0.09166984970282112,-0.0916698497028211,-0.26726124191242434,-0.16012815380508716,-0.24889134708717228,-0.09166984970282112,-0.0916698497028211,-0.16012815380508713,-0.16012815380508713,-0.39223227027636803,-0.36342189215581555,-0.13018891098082386,-0.2847473987257497,-0.09166984970282112,-0.13018891098082386,-0.0916698497028211,-0.13018891098082386,6.244997998398398,-0.13018891098082386,-0.22941573387056183,-0.16012815380508713,-0.3176750402418492,-0.09166984970282112,-0.0916698497028211,-0.0916698497028211,-0.13018891098082386,-0.30151134457776363,-0.09166984970282112,-0.09166984970282112,-0.09166984970282112,-0.09166984970282112,-0.13018891098082386,-0.9198662110077998,-0.24889134708717225,-0.7204077607661872,-0.0916698497028211,-0.24889134708717228,-0.13018891098082386,-0.09166984970282112,-0.09166984970282112,-0.09166984970282112,-0.2294157338705618,-0.18569533817705186,-0.22941573387056183,-0.0916698497028211,-0.1856953381770519,-0.16012815380508713,-0.09166984970282112,-0.09166984970282112,-0.0916698497028211,-0.24889134708717228,-0.0916698497028211,3.3166247903554,-0.4062616689884986,-0.0916698497028211,-0.09166984970282112,-0.16012815380508716,-0.09166984970282112,-0.3333333333333333,-0.16012815380508716,-0.4062616689884986,-0.0916698497028211,-0.09166984970282112,-0.16012815380508716
1.3416407864998738,1.6244424842302432,-0.5009539150225583,-1.1243446728633644,1.0318881542608471,-0.4605661864718382,-0.30151134457776363,-0.0916698497028211,-0.4605661864718383,-0.5388159060803247,1.6419582209446337,-0.22941573387056183,-0.18569533817705192,-0.13018891098082386,-0.18569533817705192,-0.2847473987257497,-0.0007674438878157014,-0.16012815380508713,-0.09166984970282112,-0.09166984970282112,-0.13018891098082386,-0.18569533817705192,-0.07825005579908746,-0.0916698497028211,-0.16012815380508713,-0.0916698497028211,-0.0916698497028211,0.5316553992149756,0.28730307701998165,-0.36109200246751677,-0.09166984970282112,-0.09166984970282112,-0.09166984970282112,-0.09166984970282112,-0.13018891098082386,-0.09166984970282112,-0.13018891098082386,-0.13018891098082386,-0.0916698497028211,-0.0916698497028211,-0.13018891098082386,-0.0916698497028211,-0.09166984970282112,-0.09166984970282112,-0.0916698497028211,-0.13018891098082386,-0.09166984970282112,-0.0916698497028211,-0.09166984970282112,-0.13018891098082386,-0.1856953381770519,-0.0916698497028211,-0.09166984970282112,-0.09166984970282112,7.681145747868607,-0.09166984970282112,-0.09166984970282112,-0.09166984970282112,-0.18569533817705192,-0.09166984970282112,-0.0916698497028211,-0.0916698497028211,-0.09166984970282112,-0.09166984970282112,-0.16012815380508713,-0.0916698497028211,-0.13018891098082386,-0.13018891098082386,-0.13018891098082386,-0.09166984970282112,-0.1856953381770519,-0.13018891098082389,-0.16012815380508713,-0.0916698497028211,-0.0916698497028211,-0.13018891098082386,-0.13018891098082386,-0.09166984970282112,-0.09166984970282112,-0.0916698497028211,-0.16012815380508713,-0.09166984970282112,-0.09166984970282112,-0.09166984970282112,-0.09166984970282112,-0.09166984970282112,-0.13018891098082386,-0.0916698497028211,-0.09166984970282112,-0.09166984970282112,-0.0916698497028211,-0.16012815380508713,-0.13018891098082386,-0.13018891098082386,-0.0916698497028211,-0.09166984970282112,-0.09166984970282112,-0.0916698497028211,-0.0916698497028211,-0.0916698497028211,-0.09166984970282112,-0.0916698497028211,-0.0916698497028211,-0.09166984970282112,-0.1856953381770519,-0.13018891098082386,-0.13018891098082386,-0.09166984970282112,-0.0916698497028211,-0.09166984970282112,-0.0916698497028211,-0.26726124191242434,-0.16012815380508716,-0.24889134708717228,-0.09166984970282112,-0.0916698497028211,-0.16012815380508713,-0.16012815380508713,-0.39223227027636803,-0.36342189215581555,-0.13018891098082386,3.5118845842842465,-0.09166984970282112,-0.13018891098082386,-0.0916698497028211,-0.13018891098082386,-0.16012815380508713,-0.13018891098082386,-0.22941573387056183,-0.16012815380508713,-0.3176750402418492,-0.09166984970282112,-0.0916698497028211,-0.0916698497028211,-0.13018891098082386,-0.30151134457776363,-0.09166984970282112,-0.09166984970282112,-0.09166984970282112,-0.09166984970282112,-0.13018891098082386,-0.9198662110077998,-0.24889134708717225,1.3881027585494827,-0.0916698497028211,-0.24889134708717228,-0.13018891098082386,-0.09166984970282112,-0.09166984970282112,-0.09166984970282112,-0.2294157338705618,5.385164807134504,-0.22941573387056183,-0.0916698497028211,-0.1856953381770519,-0.16012815380508713,-0.09166984970282112,-0.09166984970282112,-0.0916698497028211,-0.24889134708717228,-0.0916698497028211,-0.30151134457776363,-0.4062616689884986,-0.0916698497028211,-0.09166984970282112,-0.16012815380508716,-0.09166984970282112,-0.3333333333333333,-0.16012815380508716,-0.4062616689884986,-0.0916698497028211,-0.09166984970282112,-0.16012815380508716
1.3416407864998738,1.7430149283346406,-0.5047845700791254,0.8894069800262434,1.8287575738914998,-0.4605661864718382,3.3166247903554,-0.0916698497028211,-0.4605661864718383,-0.5388159060803247,0.925467360896068,-0.22941573387056183,-0.18569533817705192,-0.13018891098082386,-0.18569533817705192,-0.2847473987257497,-0.0007674438878157014,-0.16012815380508713,-0.09166984970282112,-0.09166984970282112,-0.13018891098082386,-0.18569533817705192,-0.07825005579908746,-0.0916698497028211,-0.16012815380508713,-0.0916698497028211,-0.0916698497028211,0.14099010351297123,-0.7626929999999674,-0.33311675282005476,-0.09166984970282112,-0.09166984970282112,-0.09166984970282112,-0.09166984970282112,-0.13018891098082386,-0.09166984970282112,-0.13018891098082386,-0.13018891098082386,-0.0916698497028211,-0.0916698497028211,-0.13018891098082386,-0.0916698497028211,-0.09166984970282112,-0.09166984970282112,-0.0916698497028211,-0.13018891098082386,-0.09166984970282112,-0.0916698497028211,-0.09166984970282112,-0.13018891098082386,-0.1856953381770519,-0.0916698497028211,-0.09166984970282112,-0.09166984970282112,-0.13018891098082386,-0.09166984970282112,-0.09166984970282112,-0.09166984970282112,-0.18569533817705192,-0.09166984970282112,-0.0916698497028211,-0.0916698497028211,-0.09166984970282112,-0.09166984970282112,-0.16012815380508713,-0.0916698497028211,-0.13018891098082386,-0.13018891098082386,-0.13018891098082386,-0.09166984970282112,-0.1856953381770519,-0.13018891098082389,-0.16012815380508713,-0.0916698497028211,-0.0916698497028211,-0.13018891098082386,-0.13018891098082386,-0.09166984970282112,10.908712114635714,-0.0916698497028211,-0.16012815380508713,-0.09166984970282112,-0.09166984970282112,-0.09166984970282112,-0.09166984970282112,-0.09166984970282112,-0.13018891098082386,-0.0916698497028211,-0.09166984970282112,-0.09166984970282112,-0.0916698497028211,-0.16012815380508713,-0.13018891098082386,-0.13018891098082386,-0.0916698497028211,-0.09166984970282112,-0.09166984970282112,-0.0916698497028211,-0.0916698497028211,-0.0916698497028211,-0.09166984970282112,-0.0916698497028211,-0.0916698497028211,-0.09166984970282112,-0.1856953381770519,-0.13018891098082386,-0.13018891098082386,-0.09166984970282112,-0.0916698497028211,-0.09166984970282112,-0.0916698497028211,-0.26726124191242434,-0.16012815380508716,-0.24889134708717228,-0.09166984970282112,-0.0916698497028211,-0.16012815380508713,-0.16012815380508713,-0.39223227027636803,2.751622897751175,-0.13018891098082386,-0.2847473987257497,-0.09166984970282112,-0.13018891098082386,-0.0916698497028211,-0.13018891098082386,-0.16012815380508713,-0.13018891098082386,-0.22941573387056183,-0.16012815380508713,-0.3176750402418492,-0.09166984970282112,-0.0916698497028211,-0.0916698497028211,-0.13018891098082386,-0.30151134457776363,-0.09166984970282112,-0.09166984970282112,-0.09166984970282112,-0.09166984970282112,-0.13018891098082386,1.0871146130092182,-0.24889134708717225,-0.7204077607661872,-0.0916698497028211,-0.24889134708717228,-0.13018891098082386,-0.09166984970282112,-0.09166984970282112,-0.09166984970282112,-0.2294157338705618,-0.18569533817705186,4.358898943540674,-0.0916698497028211,-0.1856953381770519,-0.16012815380508713,-0.09166984970282112,-0.09166984970282112,-0.0916698497028211,-0.24889134708717228,-0.0916698497028211,-0.30151134457776363,-0.4062616689884986,-0.0916698497028211,-0.09166984970282112,-0.16012815380508716,-0.09166984970282112,-0.3333333333333333,-0.16012815380508716,-0.4062616689884986,-0.0916698497028211,-0.09166984970282112,-0.16012815380508716
